timestamp,consumption
2020-02-05 09:00:00,457.244010607169
2020-02-05 10:00:00,415.6465972222222
2020-02-05 11:00:00,451.0913541666667
2020-02-05 12:00:00,408.29586805555556
2020-02-05 13:00:00,442.4845833333333
2020-02-05 14:00:00,965.755625
2020-02-05 15:00:00,1925.8515277777778
2020-02-05 16:00:00,2369.0216666666665
2020-02-05 17:00:00,2546.3305555555557
2020-02-05 18:00:00,1099.5434722222221
2020-02-05 19:00:00,1295.7347222222222
2020-02-05 20:00:00,2010.25375
2020-02-05 21:00:00,1590.0440277777777
2020-02-05 22:00:00,1205.2831944444445
2020-02-05 23:00:00,317.1511111111111
2020-02-06 00:00:00,317.2689236111111
2020-02-06 01:00:00,302.4144444444444
2020-02-06 02:00:00,311.3875
2020-02-06 03:00:00,1009.1870138888889
2020-02-06 04:00:00,2097.399861111111
2020-02-06 05:00:00,2894.8516666666665
2020-02-06 06:00:00,2270.9347222222223
2020-02-06 07:00:00,2163.552222222222
2020-02-06 08:00:00,1815.4508333333333
2020-02-06 09:00:00,1257.9355555555555
2020-02-06 10:00:00,2927.148888888889
2020-02-06 11:00:00,1568.9283333333333
2020-02-06 12:00:00,1254.4556944444444
2020-02-06 13:00:00,1146.2679861111112
2020-02-06 14:00:00,1309.5447222222222
2020-02-06 15:00:00,2467.931666666667
2020-02-06 16:00:00,2799.1213888888888
2020-02-06 17:00:00,2161.726388888889
2020-02-06 18:00:00,1519.4527777777778
2020-02-06 19:00:00,1440.7980555555555
2020-02-06 20:00:00,1431.5527777777777
2020-02-06 21:00:00,1438.3590277777778
2020-02-06 22:00:00,514.9788194444444
2020-02-06 23:00:00,355.2945833333333
2020-02-07 00:00:00,322.2186458333333
2020-02-07 01:00:00,311.6279861111111
2020-02-07 02:00:00,328.98836805555555
2020-02-07 03:00:00,1223.7179166666667
2020-02-07 04:00:00,2541.7425
2020-02-07 05:00:00,2618.1716666666666
2020-02-07 06:00:00,2390.9875
2020-02-07 07:00:00,1750.1752777777779
2020-02-07 08:00:00,819.8408333333333
2020-02-07 09:00:00,2155.2745833333333
2020-02-07 10:00:00,961.9551388888889
2020-02-07 11:00:00,372.7232638888889
2020-02-07 12:00:00,221.40128472222221
2020-02-07 13:00:00,252.13694444444445
2020-02-07 14:00:00,529.9872222222223
2020-02-07 15:00:00,2517.81
2020-02-07 16:00:00,2404.3811111111113
2020-02-07 17:00:00,2441.4766666666665
2020-02-07 18:00:00,1446.3934722222223
2020-02-07 19:00:00,1405.1683333333333
2020-02-07 20:00:00,1391.3372222222222
2020-02-07 21:00:00,1399.8452777777777
2020-02-07 22:00:00,1387.2081944444444
2020-02-07 23:00:00,1352.9905555555556
2020-02-08 00:00:00,1313.7209722222221
2020-02-08 01:00:00,1215.1825
2020-02-08 02:00:00,322.956875
2020-02-08 03:00:00,1076.2233333333334
2020-02-08 04:00:00,2128.591388888889
2020-02-08 05:00:00,2737.678888888889
2020-02-08 06:00:00,2441.603611111111
2020-02-08 07:00:00,2036.298611111111
2020-02-08 08:00:00,1313.3705555555555
2020-02-08 09:00:00,788.4559722222223
2020-02-08 10:00:00,695.5886111111112
2020-02-08 11:00:00,555.40875
2020-02-08 12:00:00,554.6398611111111
2020-02-08 13:00:00,569.8068055555556
2020-02-08 14:00:00,677.0418055555556
2020-02-08 15:00:00,1155.8754166666668
2020-02-08 16:00:00,2211.447777777778
2020-02-08 17:00:00,2168.8194444444443
2020-02-08 18:00:00,1353.5494444444444
2020-02-08 19:00:00,1286.4584722222223
2020-02-08 20:00:00,1282.1325
2020-02-08 21:00:00,1287.7498611111112
2020-02-08 22:00:00,1308.2586111111111
2020-02-08 23:00:00,1315.5069444444443
2020-02-09 00:00:00,1314.06875
2020-02-09 01:00:00,631.5373611111111
2020-02-09 02:00:00,424.2140277777778
2020-02-09 03:00:00,809.4981944444445
2020-02-09 04:00:00,2030.4361111111111
2020-02-09 05:00:00,2824.0275
2020-02-09 06:00:00,2485.759722222222
2020-02-09 07:00:00,2396.5583333333334
2020-02-09 08:00:00,501.97006944444445
2020-02-09 09:00:00,341.88934027777776
2020-02-09 10:00:00,335.6675
2020-02-09 11:00:00,334.96534722222225
2020-02-09 12:00:00,349.7499652777778
2020-02-09 13:00:00,351.2679861111111
2020-02-09 14:00:00,702.4963888888889
2020-02-09 15:00:00,1565.5401388888888
2020-02-09 16:00:00,2381.0230555555554
2020-02-09 17:00:00,2097.844861111111
2020-02-09 18:00:00,1369.6316666666667
2020-02-09 19:00:00,1283.0634722222221
2020-02-09 20:00:00,1259.1869444444444
2020-02-09 21:00:00,878.9234027777778
2020-02-09 22:00:00,377.11611111111114
2020-02-09 23:00:00,332.04034722222224
2020-02-10 00:00:00,346.86572916666665
2020-02-10 01:00:00,334.28284722222224
2020-02-10 02:00:00,331.88958333333335
2020-02-10 03:00:00,1037.8960416666666
2020-02-10 04:00:00,2141.1133333333332
2020-02-10 05:00:00,2629.45
2020-02-10 06:00:00,2287.291527777778
2020-02-10 07:00:00,3701.0138888888887
2020-02-10 08:00:00,2568.185
2020-02-10 09:00:00,645.5461111111111
2020-02-10 10:00:00,1608.2358333333334
2020-02-10 11:00:00,1314.2311111111112
2020-02-10 12:00:00,570.7690972222222
2020-02-10 13:00:00,346.58618055555553
2020-02-10 14:00:00,560.3817013888889
2020-02-10 15:00:00,1168.6265277777777
2020-02-10 16:00:00,2085.8411111111113
2020-02-10 17:00:00,2306.2784722222223
2020-02-10 18:00:00,1950.0805555555555
2020-02-10 19:00:00,1945.6597222222222
2020-02-10 20:00:00,1991.0780555555555
2020-02-10 21:00:00,1080.3330555555556
2020-02-10 22:00:00,318.42052083333334
2020-02-10 23:00:00,321.8771527777778
2020-02-11 00:00:00,330.2165972222222
2020-02-11 01:00:00,316.15222222222224
2020-02-11 02:00:00,324.24840277777776
2020-02-11 03:00:00,1002.1229861111111
2020-02-11 04:00:00,2108.971076388889
2020-02-11 05:00:00,2663.1116666666667
2020-02-11 06:00:00,2382.363888888889
2020-02-11 07:00:00,2276.7225
2020-02-11 08:00:00,1489.628888888889
2020-02-11 09:00:00,458.7229861111111
2020-02-11 10:00:00,414.4794097222222
2020-02-11 11:00:00,290.0675
2020-02-11 12:00:00,303.15253472222224
2020-02-11 13:00:00,284.6706076388889
2020-02-11 14:00:00,1849.4809722222221
2020-02-11 15:00:00,2451.1413888888887
2020-02-11 16:00:00,2165.668888888889
2020-02-11 17:00:00,2055.254027777778
2020-02-11 18:00:00,2170.823888888889
2020-02-11 19:00:00,1323.8772222222221
2020-02-11 20:00:00,1293.2631944444445
2020-02-11 21:00:00,857.6611805555556
2020-02-11 22:00:00,366.49076388888886
2020-02-11 23:00:00,304.53034722222225
2020-02-12 00:00:00,299.28024305555556
2020-02-12 01:00:00,297.2857638888889
2020-02-12 02:00:00,311.9020138888889
2020-02-12 03:00:00,725.0386111111111
2020-02-12 04:00:00,1515.2984722222222
2020-02-12 05:00:00,2603.9338888888888
2020-02-12 06:00:00,2213.1170833333335
2020-02-12 07:00:00,2501.9194444444443
2020-02-12 08:00:00,2289.210972222222
2020-02-12 09:00:00,686.6880555555556
2020-02-12 10:00:00,325.2002083333333
2020-02-12 11:00:00,191.9442361111111
2020-02-12 12:00:00,179.86225694444445
2020-02-12 13:00:00,683.9467361111111
2020-02-12 14:00:00,952.4286805555555
2020-02-12 15:00:00,2495.0144444444445
2020-02-12 16:00:00,2162.9383333333335
2020-02-12 17:00:00,1829.6675
2020-02-12 18:00:00,1290.0333333333333
2020-02-12 19:00:00,1273.3025
2020-02-12 20:00:00,1222.7025
2020-02-12 21:00:00,932.2027777777778
2020-02-12 22:00:00,296.3629861111111
2020-02-12 23:00:00,309.87631944444445
2020-02-13 00:00:00,301.36399305555557
2020-02-13 01:00:00,285.64105902777777
2020-02-13 02:00:00,306.24868055555555
2020-02-13 03:00:00,670.1458333333334
2020-02-13 04:00:00,1803.0409722222223
2020-02-13 05:00:00,2596.2491666666665
2020-02-13 06:00:00,2000.8754166666668
2020-02-13 07:00:00,2227.2856944444443
2020-02-13 08:00:00,1390.1725
2020-02-13 09:00:00,919.5819444444444
2020-02-13 10:00:00,511.61875
2020-02-13 11:00:00,181.2690625
2020-02-13 12:00:00,161.72833333333332
2020-02-13 13:00:00,147.94739583333333
2020-02-13 14:00:00,1134.9755555555555
2020-02-13 15:00:00,2526.821388888889
2020-02-13 16:00:00,2270.608888888889
2020-02-13 17:00:00,3083.4594444444447
2020-02-13 18:00:00,2227.5505555555555
2020-02-13 19:00:00,1338.4054166666667
2020-02-13 20:00:00,1202.6444444444444
2020-02-13 21:00:00,1185.1202777777778
2020-02-13 22:00:00,538.2781944444445
2020-02-13 23:00:00,295.2032291666667
2020-02-14 00:00:00,298.8120833333333
2020-02-14 01:00:00,312.67302083333334
2020-02-14 02:00:00,301.24131944444446
2020-02-14 03:00:00,953.888125
2020-02-14 04:00:00,2027.8793055555554
2020-02-14 05:00:00,2702.916111111111
2020-02-14 06:00:00,2087.3216666666667
2020-02-14 07:00:00,2097.5266666666666
2020-02-14 08:00:00,1172.8868055555556
2020-02-14 09:00:00,1076.9894444444444
2020-02-14 10:00:00,1014.8749305555556
2020-02-14 11:00:00,1039.7409722222221
2020-02-14 12:00:00,1066.0279166666667
2020-02-14 13:00:00,1075.9556944444444
2020-02-14 14:00:00,517.1453472222222
2020-02-14 15:00:00,1800.8341666666668
2020-02-14 16:00:00,2221.678888888889
2020-02-14 17:00:00,1979.8308333333334
2020-02-14 18:00:00,1383.1875
2020-02-14 19:00:00,1238.6005555555555
2020-02-14 20:00:00,1055.611388888889
2020-02-14 21:00:00,1071.3068055555555
2020-02-14 22:00:00,1079.9402777777777
2020-02-14 23:00:00,866.8441666666666
2020-02-15 00:00:00,305.45368055555554
2020-02-15 01:00:00,316.415625
2020-02-15 02:00:00,314.9580208333333
2020-02-15 03:00:00,726.2418055555555
2020-02-15 04:00:00,1877.2925
2020-02-15 05:00:00,2536.5827777777777
2020-02-15 06:00:00,2210.925
2020-02-15 07:00:00,2211.8533333333335
2020-02-15 08:00:00,954.5338888888889
2020-02-15 09:00:00,289.3580381944444
2020-02-15 10:00:00,341.19638888888886
2020-02-15 11:00:00,335.83038194444447
2020-02-15 12:00:00,335.3223611111111
2020-02-15 13:00:00,334.51645833333333
2020-02-15 14:00:00,388.4709375
2020-02-15 15:00:00,1102.376736111111
2020-02-15 16:00:00,2255.5579166666666
2020-02-15 17:00:00,3550.5433333333335
2020-02-15 18:00:00,1532.6531944444444
2020-02-15 19:00:00,1202.4647222222222
2020-02-15 20:00:00,1187.9288888888889
2020-02-15 21:00:00,875.8897222222222
2020-02-15 22:00:00,269.6646875
2020-02-15 23:00:00,259.18357638888887
2020-02-16 00:00:00,282.02461805555555
2020-02-16 01:00:00,273.07265625
2020-02-16 02:00:00,265.60305555555556
2020-02-16 03:00:00,388.72517361111113
2020-02-16 04:00:00,2088.8269444444445
2020-02-16 05:00:00,2546.6855555555558
2020-02-16 06:00:00,2198.0081944444446
2020-02-16 07:00:00,2386.351111111111
2020-02-16 08:00:00,1094.379861111111
2020-02-16 09:00:00,200.40631944444445
2020-02-16 10:00:00,201.34619791666665
2020-02-16 11:00:00,201.87043402777778
2020-02-16 12:00:00,195.70833333333334
2020-02-16 13:00:00,246.55159722222223
2020-02-16 14:00:00,483.3442013888889
2020-02-16 15:00:00,937.3869444444445
2020-02-16 16:00:00,2095.5802777777776
2020-02-16 17:00:00,1936.7005555555556
2020-02-16 18:00:00,1391.2052777777778
2020-02-16 19:00:00,1412.4894444444444
2020-02-16 20:00:00,1372.7572222222223
2020-02-16 21:00:00,497.2866319444444
2020-02-16 22:00:00,365.73118055555557
2020-02-16 23:00:00,284.7293039279514
2020-02-17 00:00:00,287.2096875
2020-02-17 01:00:00,279.11649305555557
2020-02-17 02:00:00,282.31532986111114
2020-02-17 03:00:00,834.0483333333333
2020-02-17 04:00:00,2004.7080555555556
2020-02-17 05:00:00,2299.6168055555554
2020-02-17 06:00:00,2061.03375
2020-02-17 07:00:00,2074.4738888888887
2020-02-17 08:00:00,1853.3961111111112
2020-02-17 09:00:00,531.1347569444445
2020-02-17 10:00:00,238.36635416666667
2020-02-17 11:00:00,243.34090277777779
2020-02-17 12:00:00,238.261875
2020-02-17 13:00:00,240.44987847222222
2020-02-17 14:00:00,484.51663194444444
2020-02-17 15:00:00,1104.1220833333334
2020-02-17 16:00:00,2401.510277777778
2020-02-17 17:00:00,2664.6233333333334
2020-02-17 18:00:00,1235.0554166666666
2020-02-17 19:00:00,1267.9431944444445
2020-02-17 20:00:00,1240.1273611111112
2020-02-17 21:00:00,1327.3536111111111
2020-02-17 22:00:00,730.30875
2020-02-17 23:00:00,316.4947916666667
2020-02-18 00:00:00,318.3253819444444
2020-02-18 01:00:00,322.6145486111111
2020-02-18 02:00:00,322.86048611111113
2020-02-18 03:00:00,1028.840138888889
2020-02-18 04:00:00,2097.0130555555556
2020-02-18 05:00:00,2585.9547222222222
2020-02-18 06:00:00,2235.587361111111
2020-02-18 07:00:00,1346.993888888889
2020-02-18 08:00:00,496.07652777777776
2020-02-18 09:00:00,1094.2454166666666
2020-02-18 10:00:00,1750.5579166666666
2020-02-18 11:00:00,583.2394444444444
2020-02-18 12:00:00,267.60284722222224
2020-02-18 13:00:00,245.9532638888889
2020-02-18 14:00:00,443.1585416666667
2020-02-18 15:00:00,967.4605555555555
2020-02-18 16:00:00,2018.7375
2020-02-18 17:00:00,1933.1320833333334
2020-02-18 18:00:00,1338.1966666666667
2020-02-18 19:00:00,1406.72875
2020-02-18 20:00:00,1391.2413888888889
2020-02-18 21:00:00,717.1165277777778
2020-02-18 22:00:00,305.75909722222224
2020-02-18 23:00:00,307.20256944444446
2020-02-19 00:00:00,315.0643402777778
2020-02-19 01:00:00,309.3808333333333
2020-02-19 02:00:00,306.54510416666665
2020-02-19 03:00:00,876.7702083333334
2020-02-19 04:00:00,2076.3169444444443
2020-02-19 05:00:00,2438.139166666667
2020-02-19 06:00:00,2157.923333333333
2020-02-19 07:00:00,1739.9780555555556
2020-02-19 08:00:00,1229.1708333333333
2020-02-19 09:00:00,1192.3083333333334
2020-02-19 10:00:00,908.6524305555556
2020-02-19 11:00:00,186.734375
2020-02-19 12:00:00,200.11149305555554
2020-02-19 13:00:00,204.38986111111112
2020-02-19 14:00:00,682.5694444444445
2020-02-19 15:00:00,1329.2744444444445
2020-02-19 16:00:00,2334.7916666666665
2020-02-19 17:00:00,1896.2847222222222
2020-02-19 18:00:00,1242.8534722222223
2020-02-19 19:00:00,1093.3043055555556
2020-02-19 20:00:00,1032.5880555555555
2020-02-19 21:00:00,1029.9681944444444
2020-02-19 22:00:00,552.6977777777778
2020-02-19 23:00:00,308.1465972222222
2020-02-20 00:00:00,309.6092361111111
2020-02-20 01:00:00,293.4429166666667
2020-02-20 02:00:00,316.16548611111114
2020-02-20 03:00:00,905.1450694444444
2020-02-20 04:00:00,1950.2094444444444
2020-02-20 05:00:00,2447.855
2020-02-20 06:00:00,2101.9758333333334
2020-02-20 07:00:00,2549.383611111111
2020-02-20 08:00:00,3727.321111111111
2020-02-20 09:00:00,1904.8641666666667
2020-02-20 10:00:00,807.2616666666667
2020-02-20 11:00:00,486.25604166666665
2020-02-20 12:00:00,400.6381597222222
2020-02-20 13:00:00,477.19916666666666
2020-02-20 14:00:00,1053.439375
2020-02-20 15:00:00,1537.409861111111
2020-02-20 16:00:00,2483.4933333333333
2020-02-20 17:00:00,2158.1202777777776
2020-02-20 18:00:00,1382.1638888888888
2020-02-20 19:00:00,1399.3025
2020-02-20 20:00:00,1298.9263888888888
2020-02-20 21:00:00,1132.0633333333333
2020-02-20 22:00:00,309.07961805555556
2020-02-20 23:00:00,306.6665277777778
2020-02-21 00:00:00,291.39506944444446
2020-02-21 01:00:00,315.8798958333333
2020-02-21 02:00:00,312.7135069444444
2020-02-21 03:00:00,1075.8004166666667
2020-02-21 04:00:00,2110.9880555555555
2020-02-21 05:00:00,2727.597777777778
2020-02-21 06:00:00,2230.445
2020-02-21 07:00:00,2153.268888888889
2020-02-21 08:00:00,957.8756944444444
2020-02-21 09:00:00,193.57171875
2020-02-21 10:00:00,192.5243923611111
2020-02-21 11:00:00,197.40302083333333
2020-02-21 12:00:00,200.41416666666666
2020-02-21 13:00:00,174.15885416666666
2020-02-21 14:00:00,394.87940972222225
2020-02-21 15:00:00,1223.8193055555555
2020-02-21 16:00:00,2415.5472222222224
2020-02-21 17:00:00,3148.0005555555554
2020-02-21 18:00:00,2767.693333333333
2020-02-21 19:00:00,1438.7054166666667
2020-02-21 20:00:00,1255.423888888889
2020-02-21 21:00:00,1230.2086111111112
2020-02-21 22:00:00,1207.3218055555556
2020-02-21 23:00:00,797.6078472222222
2020-02-22 00:00:00,323.476875
2020-02-22 01:00:00,324.3853819444444
2020-02-22 02:00:00,307.90746527777776
2020-02-22 03:00:00,775.4901388888889
2020-02-22 04:00:00,1992.5531944444444
2020-02-22 05:00:00,2463.958888888889
2020-02-22 06:00:00,2246.257638888889
2020-02-22 07:00:00,2373.0916666666667
2020-02-22 08:00:00,2638.748888888889
2020-02-22 09:00:00,2152.8758333333335
2020-02-22 10:00:00,2135.739722222222
2020-02-22 11:00:00,1161.8520833333334
2020-02-22 12:00:00,1471.2356944444443
2020-02-22 13:00:00,877.2734722222223
2020-02-22 14:00:00,1251.3641666666667
2020-02-22 15:00:00,2228.1286111111112
2020-02-22 16:00:00,2334.2941666666666
2020-02-22 17:00:00,1950.5392361111112
2020-02-22 18:00:00,992.5299305555556
2020-02-22 19:00:00,413.1483333333333
2020-02-22 20:00:00,398.69440972222225
2020-02-22 21:00:00,386.3227083333333
2020-02-22 22:00:00,424.60743055555554
2020-02-22 23:00:00,448.56944444444446
2020-02-23 00:00:00,442.0804166666667
2020-02-23 01:00:00,457.49128472222225
2020-02-23 02:00:00,371.30930555555557
2020-02-23 03:00:00,1032.6640277777778
2020-02-23 04:00:00,2015.590138888889
2020-02-23 05:00:00,2574.6866666666665
2020-02-23 06:00:00,2245.468611111111
2020-02-23 07:00:00,3360.758888888889
2020-02-23 08:00:00,1238.1397222222222
2020-02-23 09:00:00,377.7836805555556
2020-02-23 10:00:00,174.74602430555555
2020-02-23 11:00:00,174.94819444444445
2020-02-23 12:00:00,180.19932291666666
2020-02-23 13:00:00,203.203125
2020-02-23 14:00:00,520.6493402777778
2020-02-23 15:00:00,1202.2288888888888
2020-02-23 16:00:00,1851.0813888888888
2020-02-23 17:00:00,1848.7311111111112
2020-02-23 18:00:00,1137.2422916666667
2020-02-23 19:00:00,1013.5418055555556
2020-02-23 20:00:00,1002.7913888888888
2020-02-23 21:00:00,1058.9652083333333
2020-02-23 22:00:00,1028.1738194444445
2020-02-23 23:00:00,974.8047222222223
2020-02-24 00:00:00,1012.0946527777778
2020-02-24 01:00:00,1018.9542361111111
2020-02-24 02:00:00,1010.24875
2020-02-24 03:00:00,1405.8108333333332
2020-02-24 04:00:00,1996.5897222222222
2020-02-24 05:00:00,2546.0627777777777
2020-02-24 06:00:00,2326.452222222222
2020-02-24 07:00:00,1416.7943055555556
2020-02-24 08:00:00,511.43125
2020-02-24 09:00:00,394.1224652777778
2020-02-24 10:00:00,397.38180555555556
2020-02-24 11:00:00,389.6897222222222
2020-02-24 12:00:00,412.5054166666667
2020-02-24 13:00:00,418.39444444444445
2020-02-24 14:00:00,1237.8672222222222
2020-02-24 15:00:00,1937.1875
2020-02-24 16:00:00,2175.4952777777776
2020-02-24 17:00:00,3478.8816666666667
2020-02-24 18:00:00,2541.1444444444446
2020-02-24 19:00:00,1478.1733333333334
2020-02-24 20:00:00,1302.8491666666666
2020-02-24 21:00:00,1309.5084722222223
2020-02-24 22:00:00,995.2511111111111
2020-02-24 23:00:00,319.9582638888889
2020-02-25 00:00:00,321.17298611111113
2020-02-25 01:00:00,316.09930555555553
2020-02-25 02:00:00,310.8903125
2020-02-25 03:00:00,1069.3513194444445
2020-02-25 04:00:00,2237.2122222222224
2020-02-25 05:00:00,2275.3230555555556
2020-02-25 06:00:00,2298.823888888889
2020-02-25 07:00:00,1896.1220833333334
2020-02-25 08:00:00,1198.006388888889
2020-02-25 09:00:00,1223.9047222222223
2020-02-25 10:00:00,1253.9915277777777
2020-02-25 11:00:00,1158.3909027777777
2020-02-25 12:00:00,1156.388888888889
2020-02-25 13:00:00,444.49125
2020-02-25 14:00:00,608.9884722222222
2020-02-25 15:00:00,1415.5526388888889
2020-02-25 16:00:00,2385.0427777777777
2020-02-25 17:00:00,1993.2316666666666
2020-02-25 18:00:00,1267.838888888889
2020-02-25 19:00:00,1078.0385416666666
2020-02-25 20:00:00,1011.1755555555555
2020-02-25 21:00:00,1014.4302777777777
2020-02-25 22:00:00,554.38625
2020-02-25 23:00:00,273.2733333333333
2020-02-26 00:00:00,252.75809027777777
2020-02-26 01:00:00,284.86994791666666
2020-02-26 02:00:00,316.37618055555555
2020-02-26 03:00:00,890.5082638888889
2020-02-26 04:00:00,2058.836111111111
2020-02-26 05:00:00,2485.6711111111113
2020-02-26 06:00:00,2127.3169444444443
2020-02-26 07:00:00,2870.96
2020-02-26 08:00:00,3370.195
2020-02-26 09:00:00,2058.5104166666665
2020-02-26 10:00:00,1020.4609027777777
2020-02-26 11:00:00,200.08423611111112
2020-02-26 12:00:00,204.21010416666667
2020-02-26 13:00:00,214.10880208333333
2020-02-26 14:00:00,421.41600694444446
2020-02-26 15:00:00,795.0916666666667
2020-02-26 16:00:00,2007.0913888888888
2020-02-26 17:00:00,1894.3526388888888
2020-02-26 18:00:00,1419.3538888888888
2020-02-26 19:00:00,1429.4408333333333
2020-02-26 20:00:00,1255.3815277777778
2020-02-26 21:00:00,1237.3618055555555
2020-02-26 22:00:00,1220.7183333333332
2020-02-26 23:00:00,1204.3905555555555
2020-02-27 00:00:00,398.07944444444445
2020-02-27 01:00:00,327.08819444444447
2020-02-27 02:00:00,311.29020833333334
2020-02-27 03:00:00,1164.6018055555555
2020-02-27 04:00:00,2042.5627777777777
2020-02-27 05:00:00,2393.0833333333335
2020-02-27 06:00:00,2049.1205555555557
2020-02-27 07:00:00,1164.8983333333333
2020-02-27 08:00:00,462.33958333333334
2020-02-27 09:00:00,448.1844791666667
2020-02-27 10:00:00,431.88881944444444
2020-02-27 11:00:00,422.2060763888889
2020-02-27 12:00:00,405.17621527777777
2020-02-27 13:00:00,409.28513888888887
2020-02-27 14:00:00,629.5797222222222
2020-02-27 15:00:00,1847.35375
2020-02-27 16:00:00,2804.3158333333336
2020-02-27 17:00:00,4653.100833333333
2020-02-27 18:00:00,1551.2119444444445
2020-02-27 19:00:00,1244.9659722222223
2020-02-27 20:00:00,1199.6144444444444
2020-02-27 21:00:00,900.5394444444445
2020-02-27 22:00:00,307.33118055555553
2020-02-27 23:00:00,295.825
2020-02-28 00:00:00,309.33006944444446
2020-02-28 01:00:00,297.4972222222222
2020-02-28 02:00:00,323.0045486111111
2020-02-28 03:00:00,913.4444444444445
2020-02-28 04:00:00,1995.1534722222223
2020-02-28 05:00:00,2462.581111111111
2020-02-28 06:00:00,2203.8595833333334
2020-02-28 07:00:00,1897.1508333333334
2020-02-28 08:00:00,1847.3663888888889
2020-02-28 09:00:00,1852.6016666666667
2020-02-28 10:00:00,1295.4455555555555
2020-02-28 11:00:00,862.6227777777777
2020-02-28 12:00:00,744.5271223958333
2020-02-28 13:00:00,317.0104513888889
2020-02-28 14:00:00,956.7279166666667
2020-02-28 15:00:00,1378.1125
2020-02-28 16:00:00,2452.275
2020-02-28 17:00:00,1827.5465277777778
2020-02-28 18:00:00,1346.1566666666668
2020-02-28 19:00:00,1382.7377777777779
2020-02-28 20:00:00,1402.0075
2020-02-28 21:00:00,1246.1591666666666
2020-02-28 22:00:00,1198.5068055555555
2020-02-28 23:00:00,1211.7770833333334
2020-02-29 00:00:00,456.1195486111111
2020-02-29 01:00:00,330.9035416666667
2020-02-29 02:00:00,288.6119444444444
2020-02-29 03:00:00,993.9259027777778
2020-02-29 04:00:00,2182.220277777778
2020-02-29 05:00:00,2440.112777777778
2020-02-29 06:00:00,2075.3991666666666
2020-02-29 07:00:00,2243.1966666666667
2020-02-29 08:00:00,1696.4941666666666
2020-02-29 09:00:00,1330.3941666666667
2020-02-29 10:00:00,1214.14375
2020-02-29 11:00:00,384.46944444444443
2020-02-29 12:00:00,183.25342013888888
2020-02-29 13:00:00,192.2786111111111
2020-02-29 14:00:00,756.8008333333333
2020-02-29 15:00:00,3074.8727777777776
2020-02-29 16:00:00,2837.9605555555554
2020-02-29 17:00:00,1696.8333333333333
2020-02-29 18:00:00,1230.8481944444445
2020-02-29 19:00:00,1121.5958333333333
2020-02-29 20:00:00,1129.9925
2020-02-29 21:00:00,1114.0227083333334
2020-02-29 22:00:00,1093.5970833333333
2020-02-29 23:00:00,940.7931944444445
2020-03-01 00:00:00,351.1009722222222
2020-03-01 01:00:00,310.9658333333333
2020-03-01 02:00:00,304.40961805555554
2020-03-01 03:00:00,745.5281944444445
2020-03-01 04:00:00,2002.513611111111
2020-03-01 05:00:00,2481.0744444444445
2020-03-01 06:00:00,2227.587361111111
2020-03-01 07:00:00,1120.1902777777777
2020-03-01 08:00:00,309.54375
2020-03-01 09:00:00,202.65909722222221
2020-03-01 10:00:00,287.37086805555555
2020-03-01 11:00:00,234.20020833333334
2020-03-01 12:00:00,213.1015625
2020-03-01 13:00:00,294.49583333333334
2020-03-01 14:00:00,551.183125
2020-03-01 15:00:00,824.3829166666667
2020-03-01 16:00:00,1576.59
2020-03-01 17:00:00,1725.3991666666666
2020-03-01 18:00:00,1379.9840277777778
2020-03-01 19:00:00,1399.4858333333334
2020-03-01 20:00:00,1387.4133333333334
2020-03-01 21:00:00,752.1788194444445
2020-03-01 22:00:00,400.8456597222222
2020-03-01 23:00:00,338.7170138888889
2020-03-02 00:00:00,324.3220486111111
2020-03-02 01:00:00,304.668125
2020-03-02 02:00:00,328.6051736111111
2020-03-02 03:00:00,985.8881944444445
2020-03-02 04:00:00,2201.649861111111
2020-03-02 05:00:00,2319.848611111111
2020-03-02 06:00:00,2193.164861111111
2020-03-02 07:00:00,2214.161527777778
2020-03-02 08:00:00,1640.8084722222222
2020-03-02 09:00:00,197.523125
2020-03-02 10:00:00,196.17460069444445
2020-03-02 11:00:00,166.0129861111111
2020-03-02 12:00:00,192.28734375
2020-03-02 13:00:00,190.73194444444445
2020-03-02 14:00:00,546.3526388888889
2020-03-02 15:00:00,2678.5833333333335
2020-03-02 16:00:00,1662.431388888889
2020-03-02 17:00:00,1819.7505555555556
2020-03-02 18:00:00,1319.25375
2020-03-02 19:00:00,1171.6869444444444
2020-03-02 20:00:00,1153.970763888889
2020-03-02 21:00:00,561.7542361111111
2020-03-02 22:00:00,314.33618055555553
2020-03-02 23:00:00,311.6428472222222
2020-03-03 00:00:00,321.50673611111114
2020-03-03 01:00:00,321.73506944444443
2020-03-03 02:00:00,308.5240277777778
2020-03-03 03:00:00,1154.1681944444445
2020-03-03 04:00:00,3239.306666666667
2020-03-03 05:00:00,3000.2266666666665
2020-03-03 06:00:00,2481.6052777777777
2020-03-03 07:00:00,4611.019166666667
2020-03-03 08:00:00,1345.4055555555556
2020-03-03 09:00:00,1125.6907638888888
2020-03-03 10:00:00,1059.0804861111112
2020-03-03 11:00:00,193.81298611111112
2020-03-03 12:00:00,197.25309027777777
2020-03-03 13:00:00,198.85475694444443
2020-03-03 14:00:00,448.5620833333333
2020-03-03 15:00:00,789.3013888888889
2020-03-03 16:00:00,1551.72125
2020-03-03 17:00:00,2213.5379166666667
2020-03-03 18:00:00,1958.7920833333333
2020-03-03 19:00:00,1954.45625
2020-03-03 20:00:00,1673.276388888889
2020-03-03 21:00:00,497.23375
2020-03-03 22:00:00,516.9515277777778
2020-03-03 23:00:00,466.18680555555557
2020-03-04 00:00:00,441.778125
2020-03-04 01:00:00,448.4682986111111
2020-03-04 02:00:00,424.9560416666667
2020-03-04 03:00:00,1013.5778472222222
2020-03-04 04:00:00,1982.1955555555555
2020-03-04 05:00:00,2328.0356944444443
2020-03-04 06:00:00,2435.261111111111
2020-03-04 07:00:00,3417.6844444444446
2020-03-04 08:00:00,1360.4788888888888
2020-03-04 09:00:00,336.4187152777778
2020-03-04 10:00:00,190.62972222222223
2020-03-04 11:00:00,178.10878472222223
2020-03-04 12:00:00,190.9126388888889
2020-03-04 13:00:00,183.5298090277778
2020-03-04 14:00:00,453.44458333333336
2020-03-04 15:00:00,873.376875
2020-03-04 16:00:00,1742.5352777777778
2020-03-04 17:00:00,1766.2955555555557
2020-03-04 18:00:00,1287.2322222222222
2020-03-04 19:00:00,1248.0581944444446
2020-03-04 20:00:00,1176.0306944444444
2020-03-04 21:00:00,367.9582638888889
2020-03-04 22:00:00,384.8642361111111
2020-03-04 23:00:00,293.2142361111111
2020-03-05 00:00:00,314.76704861111114
2020-03-05 01:00:00,315.8698958333333
2020-03-05 02:00:00,312.07444444444445
2020-03-05 03:00:00,1021.2023611111111
2020-03-05 04:00:00,2006.2130555555555
2020-03-05 05:00:00,1774.1158333333333
2020-03-05 06:00:00,2774.728611111111
2020-03-05 07:00:00,2260.0447222222224
2020-03-05 08:00:00,498.0867361111111
2020-03-05 09:00:00,375.8088888888889
2020-03-05 10:00:00,310.16263888888886
2020-03-05 11:00:00,180.4309722222222
2020-03-05 12:00:00,188.87427083333333
2020-03-05 13:00:00,186.34178819444443
2020-03-05 14:00:00,790.9231944444444
2020-03-05 15:00:00,1279.5575
2020-03-05 16:00:00,2020.9279166666668
2020-03-05 17:00:00,2208.702222222222
2020-03-05 18:00:00,1767.3761111111112
2020-03-05 19:00:00,1807.475
2020-03-05 20:00:00,1788.2980555555555
2020-03-05 21:00:00,1750.1080555555557
2020-03-05 22:00:00,561.3751041666667
2020-03-05 23:00:00,354.6895138888889
2020-03-06 00:00:00,312.0021875
2020-03-06 01:00:00,296.2940972222222
2020-03-06 02:00:00,313.66319444444446
2020-03-06 03:00:00,1003.1368055555556
2020-03-06 04:00:00,1860.3816666666667
2020-03-06 05:00:00,2183.502361111111
2020-03-06 06:00:00,2064.8866666666668
2020-03-06 07:00:00,2475.7644444444445
2020-03-06 08:00:00,6298.420555555555
2020-03-06 09:00:00,5906.743333333333
2020-03-06 10:00:00,2518.758333333333
2020-03-06 11:00:00,2061.631388888889
2020-03-06 12:00:00,635.1306944444444
2020-03-06 13:00:00,312.1488888888889
2020-03-06 14:00:00,545.1426388888889
2020-03-06 15:00:00,1306.8275
2020-03-06 16:00:00,2147.2166666666667
2020-03-06 17:00:00,2138.821388888889
2020-03-06 18:00:00,1280.6409722222222
2020-03-06 19:00:00,1257.2358333333334
2020-03-06 20:00:00,1322.9365277777779
2020-03-06 21:00:00,1475.0441666666666
2020-03-06 22:00:00,312.6625
2020-03-06 23:00:00,314.1954861111111
2020-03-07 00:00:00,298.16284722222224
2020-03-07 01:00:00,313.11583333333334
2020-03-07 02:00:00,299.28822916666667
2020-03-07 03:00:00,888.8408333333333
2020-03-07 04:00:00,1827.2020833333333
2020-03-07 05:00:00,2325.945138888889
2020-03-07 06:00:00,2006.5333333333333
2020-03-07 07:00:00,1676.5905555555555
2020-03-07 08:00:00,1171.036111111111
2020-03-07 09:00:00,1194.7319444444445
2020-03-07 10:00:00,1107.258125
2020-03-07 11:00:00,178.23472222222222
2020-03-07 12:00:00,177.39260416666667
2020-03-07 13:00:00,281.6829513888889
2020-03-07 14:00:00,499.0571875
2020-03-07 15:00:00,514.8354166666667
2020-03-07 16:00:00,1356.2177777777779
2020-03-07 17:00:00,1985.7516666666668
2020-03-07 18:00:00,1362.3284722222222
2020-03-07 19:00:00,1382.5644444444445
2020-03-07 20:00:00,1371.1080555555557
2020-03-07 21:00:00,829.4851388888889
2020-03-07 22:00:00,371.0745138888889
2020-03-07 23:00:00,348.7942013888889
2020-03-08 00:00:00,308.9376736111111
2020-03-08 01:00:00,313.26909722222223
2020-03-08 02:00:00,301.3384375
2020-03-08 03:00:00,944.9597222222222
2020-03-08 04:00:00,1887.9669444444444
2020-03-08 05:00:00,2210.483888888889
2020-03-08 06:00:00,2311.774861111111
2020-03-08 07:00:00,2886.9558333333334
2020-03-08 08:00:00,1531.226111111111
2020-03-08 09:00:00,584.295
2020-03-08 10:00:00,336.60527777777776
2020-03-08 11:00:00,296.1118402777778
2020-03-08 12:00:00,286.064375
2020-03-08 13:00:00,283.7209722222222
2020-03-08 14:00:00,486.29875
2020-03-08 15:00:00,637.4066666666666
2020-03-08 16:00:00,2121.6430555555557
2020-03-08 17:00:00,2201.6575
2020-03-08 18:00:00,1739.0505555555555
2020-03-08 19:00:00,1703.776111111111
2020-03-08 20:00:00,1722.2552777777778
2020-03-08 21:00:00,1041.1613194444444
2020-03-08 22:00:00,312.82756944444446
2020-03-08 23:00:00,333.0647222222222
2020-03-09 00:00:00,325.9739583333333
2020-03-09 01:00:00,331.67534722222223
2020-03-09 02:00:00,333.5646527777778
2020-03-09 03:00:00,957.8380555555556
2020-03-09 04:00:00,1951.4805555555556
2020-03-09 05:00:00,2304.539583333333
2020-03-09 06:00:00,2164.952638888889
2020-03-09 07:00:00,2131.2183333333332
2020-03-09 08:00:00,828.8565277777777
2020-03-09 09:00:00,1184.7875
2020-03-09 10:00:00,1547.1352777777777
2020-03-09 11:00:00,452.4817361111111
2020-03-09 12:00:00,203.35065972222222
2020-03-09 13:00:00,201.25010416666666
2020-03-09 14:00:00,442.51104166666664
2020-03-09 15:00:00,910.3804861111112
2020-03-09 16:00:00,1291.48125
2020-03-09 17:00:00,1713.1068055555556
2020-03-09 18:00:00,1389.5968055555556
2020-03-09 19:00:00,1389.6963888888888
2020-03-09 20:00:00,1397.3105555555555
2020-03-09 21:00:00,927.8567361111111
2020-03-09 22:00:00,316.665
2020-03-09 23:00:00,318.49861111111113
2020-03-10 00:00:00,311.0047916666667
2020-03-10 01:00:00,326.5564236111111
2020-03-10 02:00:00,319.9820833333333
2020-03-10 03:00:00,957.9140277777777
2020-03-10 04:00:00,1918.85625
2020-03-10 05:00:00,2314.7616666666668
2020-03-10 06:00:00,2360.492777777778
2020-03-10 07:00:00,1592.7043055555555
2020-03-10 08:00:00,664.4570833333333
2020-03-10 09:00:00,524.3936805555555
2020-03-10 10:00:00,633.0423611111111
2020-03-10 11:00:00,321.1585416666667
2020-03-10 12:00:00,312.59305555555557
2020-03-10 13:00:00,314.58972222222224
2020-03-10 14:00:00,507.1865625
2020-03-10 15:00:00,1878.6476388888889
2020-03-10 16:00:00,1923.8533333333332
2020-03-10 17:00:00,2194.637222222222
2020-03-10 18:00:00,3274.5827777777777
2020-03-10 19:00:00,1529.5713888888888
2020-03-10 20:00:00,1308.9597222222221
2020-03-10 21:00:00,1222.15875
2020-03-10 22:00:00,388.21493055555555
2020-03-10 23:00:00,317.1852083333333
2020-03-11 00:00:00,318.3153472222222
2020-03-11 01:00:00,323.8912847222222
2020-03-11 02:00:00,329.785546875
2020-03-11 03:00:00,1028.6429861111112
2020-03-11 04:00:00,1904.5284722222223
2020-03-11 05:00:00,2274.9572222222223
2020-03-11 06:00:00,1554.1366666666668
2020-03-11 07:00:00,1380.1205555555555
2020-03-11 08:00:00,358.58770833333335
2020-03-11 09:00:00,317.67649305555557
2020-03-11 10:00:00,323.68868055555555
2020-03-11 11:00:00,333.96958333333333
2020-03-11 12:00:00,339.88729166666667
2020-03-11 13:00:00,327.0151388888889
2020-03-11 14:00:00,597.2675694444445
2020-03-11 15:00:00,738.7566666666667
2020-03-11 16:00:00,1257.5544444444445
2020-03-11 17:00:00,2262.977361111111
2020-03-11 18:00:00,1849.0936111111112
2020-03-11 19:00:00,1785.9744444444445
2020-03-11 20:00:00,1850.7752777777778
2020-03-11 21:00:00,1817.690138888889
2020-03-11 22:00:00,1623.4025
2020-03-11 23:00:00,900.8979166666667
2020-03-12 00:00:00,327.4867361111111
2020-03-12 01:00:00,321.55347222222224
2020-03-12 02:00:00,327.7542361111111
2020-03-12 03:00:00,970.5711805555555
2020-03-12 04:00:00,1954.3577777777778
2020-03-12 05:00:00,2172.040138888889
2020-03-12 06:00:00,2089.2025
2020-03-12 07:00:00,1765.9473611111111
2020-03-12 08:00:00,295.4481944444444
2020-03-12 09:00:00,301.52434027777775
2020-03-12 10:00:00,292.660625
2020-03-12 11:00:00,194.25222222222223
2020-03-12 12:00:00,186.11491319444445
2020-03-12 13:00:00,194.02699652777778
2020-03-12 14:00:00,648.0198611111111
2020-03-12 15:00:00,1937.5070833333334
2020-03-12 16:00:00,2373.53
2020-03-12 17:00:00,2037.3983333333333
2020-03-12 18:00:00,1286.4325
2020-03-12 19:00:00,1239.5783333333334
2020-03-12 20:00:00,1235.7047222222222
2020-03-12 21:00:00,668.9359722222222
2020-03-12 22:00:00,376.0441319444444
2020-03-12 23:00:00,313.023125
2020-03-13 00:00:00,304.8704861111111
2020-03-13 01:00:00,321.55847222222224
2020-03-13 02:00:00,314.3025
2020-03-13 03:00:00,550.0454166666667
2020-03-13 04:00:00,2274.7533333333336
2020-03-13 05:00:00,2363.1525
2020-03-13 06:00:00,1932.298888888889
2020-03-13 07:00:00,1823.786388888889
2020-03-13 08:00:00,2164.592222222222
2020-03-13 09:00:00,2041.2172222222223
2020-03-13 10:00:00,1986.6972222222223
2020-03-13 11:00:00,560.2868402777777
2020-03-13 12:00:00,377.07211805555556
2020-03-13 13:00:00,397.50663194444445
2020-03-13 14:00:00,631.2545833333334
2020-03-13 15:00:00,1181.043888888889
2020-03-13 16:00:00,1064.1180555555557
2020-03-13 17:00:00,2623.6447222222223
2020-03-13 18:00:00,2902.7897222222223
2020-03-13 19:00:00,1648.4825
2020-03-13 20:00:00,1392.6125
2020-03-13 21:00:00,977.2886111111111
2020-03-13 22:00:00,396.84291666666667
2020-03-13 23:00:00,339.6659722222222
2020-03-14 00:00:00,300.1870138888889
2020-03-14 01:00:00,309.4848263888889
2020-03-14 02:00:00,304.7449305555556
2020-03-14 03:00:00,317.4502083333333
2020-03-14 04:00:00,2026.96
2020-03-14 05:00:00,2449.5191666666665
2020-03-14 06:00:00,1440.9720833333333
2020-03-14 07:00:00,797.7275694444445
2020-03-14 08:00:00,358.4085416666667
2020-03-14 09:00:00,311.36590277777776
2020-03-14 10:00:00,324.40538194444446
2020-03-14 11:00:00,284.4661458333333
2020-03-14 12:00:00,227.34170138888888
2020-03-14 13:00:00,193.11989583333335
2020-03-14 14:00:00,492.3792361111111
2020-03-14 15:00:00,855.9188888888889
2020-03-14 16:00:00,918.1909027777778
2020-03-14 17:00:00,683.4059027777778
2020-03-14 18:00:00,635.7599305555556
2020-03-14 19:00:00,516.1957986111111
2020-03-14 20:00:00,490.51125
2020-03-14 21:00:00,498.5315972222222
2020-03-14 22:00:00,391.15208333333334
2020-03-14 23:00:00,307.9471527777778
2020-03-15 00:00:00,311.60854166666667
2020-03-15 01:00:00,314.1636805555556
2020-03-15 02:00:00,300.71944444444443
2020-03-15 03:00:00,865.4779861111111
2020-03-15 04:00:00,1516.003888888889
2020-03-15 05:00:00,2123.940972222222
2020-03-15 06:00:00,2264.5758333333333
2020-03-15 07:00:00,3524.1222222222223
2020-03-15 08:00:00,800.4897222222222
2020-03-15 09:00:00,345.2664236111111
2020-03-15 10:00:00,197.41244791666668
2020-03-15 11:00:00,199.51892361111112
2020-03-15 12:00:00,195.60225694444443
2020-03-15 13:00:00,200.5183159722222
2020-03-15 14:00:00,512.9505208333334
2020-03-15 15:00:00,1042.5903472222221
2020-03-15 16:00:00,2025.4993055555556
2020-03-15 17:00:00,2022.0830555555556
2020-03-15 18:00:00,1423.1752777777779
2020-03-15 19:00:00,1412.0716666666667
2020-03-15 20:00:00,1409.7583333333334
2020-03-15 21:00:00,374.56118055555555
2020-03-15 22:00:00,335.91753472222223
2020-03-15 23:00:00,322.2729166666667
2020-03-16 00:00:00,322.20145833333333
2020-03-16 01:00:00,315.55315972222223
2020-03-16 02:00:00,322.1613888888889
2020-03-16 03:00:00,1003.3265277777778
2020-03-16 04:00:00,1990.1616666666666
2020-03-16 05:00:00,2338.4169444444447
2020-03-16 06:00:00,2073.937361111111
2020-03-16 07:00:00,1396.2808333333332
2020-03-16 08:00:00,465.02986111111113
2020-03-16 09:00:00,401.0208333333333
2020-03-16 10:00:00,400.29795138888886
2020-03-16 11:00:00,1803.8516666666667
2020-03-16 12:00:00,1072.8465277777777
2020-03-16 13:00:00,258.6701388888889
2020-03-16 14:00:00,458.7170138888889
2020-03-16 15:00:00,799.4116666666666
2020-03-16 16:00:00,1002.4988194444444
2020-03-16 17:00:00,2246.2141666666666
2020-03-16 18:00:00,3099.5988888888887
2020-03-16 19:00:00,1889.6452777777777
2020-03-16 20:00:00,1648.318611111111
2020-03-16 21:00:00,469.7699826388889
2020-03-16 22:00:00,307.3383333333333
2020-03-16 23:00:00,312.7027083333333
2020-03-17 00:00:00,310.8330208333333
2020-03-17 01:00:00,305.5704166666667
2020-03-17 02:00:00,301.19756944444447
2020-03-17 03:00:00,942.5603472222223
2020-03-17 04:00:00,1910.0258333333334
2020-03-17 05:00:00,2260.9079166666666
2020-03-17 06:00:00,2121.134722222222
2020-03-17 07:00:00,2045.0066666666667
2020-03-17 08:00:00,471.358125
2020-03-17 09:00:00,472.6483680555556
2020-03-17 10:00:00,447.73034722222224
2020-03-17 11:00:00,193.06085069444444
2020-03-17 12:00:00,190.96458333333334
2020-03-17 13:00:00,204.97711805555556
2020-03-17 14:00:00,421.60604166666667
2020-03-17 15:00:00,905.8511111111111
2020-03-17 16:00:00,1888.5118055555556
2020-03-17 17:00:00,1907.3447222222221
2020-03-17 18:00:00,1376.4519444444445
2020-03-17 19:00:00,1397.72
2020-03-17 20:00:00,1424.921388888889
2020-03-17 21:00:00,487.9040972222222
2020-03-17 22:00:00,316.32368055555554
2020-03-17 23:00:00,327.22534722222224
2020-03-18 00:00:00,317.4195833333333
2020-03-18 01:00:00,325.30868055555555
2020-03-18 02:00:00,324.7702777777778
2020-03-18 03:00:00,845.1851388888889
2020-03-18 04:00:00,1957.3508333333334
2020-03-18 05:00:00,2309.316527777778
2020-03-18 06:00:00,1871.9825
2020-03-18 07:00:00,1104.7688888888888
2020-03-18 08:00:00,325.6434722222222
2020-03-18 09:00:00,336.824375
2020-03-18 10:00:00,316.6163888888889
2020-03-18 11:00:00,220.03829861111112
2020-03-18 12:00:00,187.25026041666666
2020-03-18 13:00:00,186.63130208333334
2020-03-18 14:00:00,619.7743055555555
2020-03-18 15:00:00,3003.0472222222224
2020-03-18 16:00:00,1973.9531944444445
2020-03-18 17:00:00,2055.518611111111
2020-03-18 18:00:00,1233.59375
2020-03-18 19:00:00,1246.1852777777779
2020-03-18 20:00:00,1238.206111111111
2020-03-18 21:00:00,1135.433888888889
2020-03-18 22:00:00,1009.8406944444445
2020-03-18 23:00:00,1029.3030555555556
2020-03-19 00:00:00,1020.1809027777778
2020-03-19 01:00:00,1016.0352777777778
2020-03-19 02:00:00,1003.5243055555555
2020-03-19 03:00:00,1340.4169444444444
2020-03-19 04:00:00,2019.8175
2020-03-19 05:00:00,2356.4044444444444
2020-03-19 06:00:00,2074.3405555555555
2020-03-19 07:00:00,1048.2375694444445
2020-03-19 08:00:00,210.0104513888889
2020-03-19 09:00:00,196.584375
2020-03-19 10:00:00,196.91539930555555
2020-03-19 11:00:00,224.03340277777778
2020-03-19 12:00:00,178.39493055555556
2020-03-19 13:00:00,197.79284722222224
2020-03-19 14:00:00,527.4561111111111
2020-03-19 15:00:00,503.8172222222222
2020-03-19 16:00:00,1517.9804166666668
2020-03-19 17:00:00,2370.382222222222
2020-03-19 18:00:00,2877.1472222222224
2020-03-19 19:00:00,1542.56125
2020-03-19 20:00:00,1280.9327777777778
2020-03-19 21:00:00,1000.4847222222222
2020-03-19 22:00:00,337.01423611111113
2020-03-19 23:00:00,326.2031944444444
2020-03-20 00:00:00,344.36333333333334
2020-03-20 01:00:00,349.36076388888887
2020-03-20 02:00:00,341.23243055555554
2020-03-20 03:00:00,1024.7358333333334
2020-03-20 04:00:00,1918.985138888889
2020-03-20 05:00:00,2188.8786111111112
2020-03-20 06:00:00,2026.3529166666667
2020-03-20 07:00:00,721.4758333333333
2020-03-20 08:00:00,365.0855555555556
2020-03-20 09:00:00,360.15496527777776
2020-03-20 10:00:00,236.48078125
2020-03-20 11:00:00,297.57927083333334
2020-03-20 12:00:00,356.73618055555556
2020-03-20 13:00:00,308.82378472222223
2020-03-20 14:00:00,616.6813194444444
2020-03-20 15:00:00,786.218125
2020-03-20 16:00:00,614.4750694444444
2020-03-20 17:00:00,1371.7377777777779
2020-03-20 18:00:00,1275.4497222222221
2020-03-20 19:00:00,1212.0545833333333
2020-03-20 20:00:00,1220.1477777777777
2020-03-20 21:00:00,892.4011805555556
2020-03-20 22:00:00,304.07677083333334
2020-03-20 23:00:00,287.9066319444444
2020-03-21 00:00:00,314.73663194444447
2020-03-21 01:00:00,297.86805555555554
2020-03-21 02:00:00,313.8412152777778
2020-03-21 03:00:00,971.6083333333333
2020-03-21 04:00:00,1904.9116666666666
2020-03-21 05:00:00,2144.805277777778
2020-03-21 06:00:00,1497.8581944444445
2020-03-21 07:00:00,428.9922916666667
2020-03-21 08:00:00,639.9365277777778
2020-03-21 09:00:00,404.53284722222224
2020-03-21 10:00:00,385.19944444444445
2020-03-21 11:00:00,375.6379861111111
2020-03-21 12:00:00,473.19635416666665
2020-03-21 13:00:00,335.3932638888889
2020-03-21 14:00:00,537.2008333333333
2020-03-21 15:00:00,972.9101388888889
2020-03-21 16:00:00,781.7136111111112
2020-03-21 17:00:00,746.4304166666667
2020-03-21 18:00:00,199.2446527777778
2020-03-21 19:00:00,176.6887152777778
2020-03-21 20:00:00,185.6355034722222
2020-03-21 21:00:00,249.88131944444444
2020-03-21 22:00:00,278.7158333333333
2020-03-21 23:00:00,301.31878472222223
2020-03-22 00:00:00,290.08637152777777
2020-03-22 01:00:00,288.1621875
2020-03-22 02:00:00,292.6983333333333
2020-03-22 03:00:00,840.0095833333334
2020-03-22 04:00:00,1885.268611111111
2020-03-22 05:00:00,2199.1641666666665
2020-03-22 06:00:00,1732.3141666666668
2020-03-22 07:00:00,1123.3152777777777
2020-03-22 08:00:00,421.0050694444444
2020-03-22 09:00:00,438.37666666666667
2020-03-22 10:00:00,282.19421875
2020-03-22 11:00:00,162.7005902777778
2020-03-22 12:00:00,193.1781076388889
2020-03-22 13:00:00,182.4203125
2020-03-22 14:00:00,487.32055555555553
2020-03-22 15:00:00,839.4289583333333
2020-03-22 16:00:00,963.4199305555555
2020-03-22 17:00:00,977.2475
2020-03-22 18:00:00,298.86572916666665
2020-03-22 19:00:00,322.04020833333334
2020-03-22 20:00:00,312.5988194444444
2020-03-22 21:00:00,386.0414583333333
2020-03-22 22:00:00,308.2725
2020-03-22 23:00:00,285.63276041666666
2020-03-23 00:00:00,299.0488888888889
2020-03-23 01:00:00,297.5132638888889
2020-03-23 02:00:00,297.0332638888889
2020-03-23 03:00:00,916.0259722222222
2020-03-23 04:00:00,1876.8990277777777
2020-03-23 05:00:00,2128.8684722222224
2020-03-23 06:00:00,1662.9079166666668
2020-03-23 07:00:00,910.9967361111111
2020-03-23 08:00:00,1704.18625
2020-03-23 09:00:00,954.5508333333333
2020-03-23 10:00:00,427.1923611111111
2020-03-23 11:00:00,290.40520833333335
2020-03-23 12:00:00,311.8934027777778
2020-03-23 13:00:00,297.1515277777778
2020-03-23 14:00:00,538.0138541666666
2020-03-23 15:00:00,2605.788888888889
2020-03-23 16:00:00,1287.2577777777778
2020-03-23 17:00:00,1155.1641666666667
2020-03-23 18:00:00,528.8355555555555
2020-03-23 19:00:00,519.6538541666666
2020-03-23 20:00:00,476.01222222222225
2020-03-23 21:00:00,541.4739583333334
2020-03-23 22:00:00,310.0896875
2020-03-23 23:00:00,308.79322916666666
2020-03-24 00:00:00,300.46243055555556
2020-03-24 01:00:00,315.82940972222224
2020-03-24 02:00:00,309.3206944444444
2020-03-24 03:00:00,842.2129166666666
2020-03-24 04:00:00,1945.4293055555556
2020-03-24 05:00:00,2223.272916666667
2020-03-24 06:00:00,1326.7452777777778
2020-03-24 07:00:00,1013.8749305555556
2020-03-24 08:00:00,836.7159722222223
2020-03-24 09:00:00,460.44868055555554
2020-03-24 10:00:00,434.0407638888889
2020-03-24 11:00:00,367.9193055555556
2020-03-24 12:00:00,235.79225694444443
2020-03-24 13:00:00,183.40803819444446
2020-03-24 14:00:00,396.3433333333333
2020-03-24 15:00:00,506.17791666666665
2020-03-24 16:00:00,919.05625
2020-03-24 17:00:00,1600.6372222222221
2020-03-24 18:00:00,1653.0618055555556
2020-03-24 19:00:00,579.9492361111111
2020-03-24 20:00:00,325.7184027777778
2020-03-24 21:00:00,323.19305555555553
2020-03-24 22:00:00,297.7529166666667
2020-03-24 23:00:00,300.3679861111111
2020-03-25 00:00:00,314.20743055555556
2020-03-25 01:00:00,307.3704513888889
2020-03-25 02:00:00,322.6452777777778
2020-03-25 03:00:00,1044.7141666666666
2020-03-25 04:00:00,1928.0083333333334
2020-03-25 05:00:00,2412.7705555555553
2020-03-25 06:00:00,2084.696388888889
2020-03-25 07:00:00,820.6898611111111
2020-03-25 08:00:00,297.1984722222222
2020-03-25 09:00:00,310.21447916666665
2020-03-25 10:00:00,313.9175
2020-03-25 11:00:00,308.43076388888886
2020-03-25 12:00:00,310.50416666666666
2020-03-25 13:00:00,313.17347222222224
2020-03-25 14:00:00,515.3125694444444
2020-03-25 15:00:00,895.8318055555555
2020-03-25 16:00:00,895.4219444444444
2020-03-25 17:00:00,865.0230555555555
2020-03-25 18:00:00,598.0351388888889
2020-03-25 19:00:00,1223.7736111111112
2020-03-25 20:00:00,1234.8791666666666
2020-03-25 21:00:00,811.7011111111111
2020-03-25 22:00:00,288.24819444444444
2020-03-25 23:00:00,302.9845833333333
2020-03-26 00:00:00,299.8435416666667
2020-03-26 01:00:00,309.39256944444446
2020-03-26 02:00:00,303.6011111111111
2020-03-26 03:00:00,907.0519444444444
2020-03-26 04:00:00,1839.1283333333333
2020-03-26 05:00:00,2105.0533333333333
2020-03-26 06:00:00,1449.84
2020-03-26 07:00:00,819.4630555555556
2020-03-26 08:00:00,438.79576388888887
2020-03-26 09:00:00,457.3694791666667
2020-03-26 10:00:00,453.82381944444444
2020-03-26 11:00:00,413.55041666666665
2020-03-26 12:00:00,422.898125
2020-03-26 13:00:00,431.928125
2020-03-26 14:00:00,557.1921875
2020-03-26 15:00:00,769.96
2020-03-26 16:00:00,1250.96
2020-03-26 17:00:00,924.7173611111111
2020-03-26 18:00:00,995.2214583333333
2020-03-26 19:00:00,1242.2033333333334
2020-03-26 20:00:00,1280.7930555555556
2020-03-26 21:00:00,834.073125
2020-03-26 22:00:00,287.6740625
2020-03-26 23:00:00,309.7163888888889
2020-03-27 00:00:00,312.31458333333336
2020-03-27 01:00:00,311.70489583333335
2020-03-27 02:00:00,314.61819444444444
2020-03-27 03:00:00,851.0417361111112
2020-03-27 04:00:00,1922.9647222222222
2020-03-27 05:00:00,2420.6819444444445
2020-03-27 06:00:00,1529.8879166666666
2020-03-27 07:00:00,1568.0877777777778
2020-03-27 08:00:00,865.8045833333333
2020-03-27 09:00:00,335.296875
2020-03-27 10:00:00,334.93274305555553
2020-03-27 11:00:00,329.4279861111111
2020-03-27 12:00:00,234.9087152777778
2020-03-27 13:00:00,211.35659722222223
2020-03-27 14:00:00,486.5412847222222
2020-03-27 15:00:00,693.7788888888889
2020-03-27 16:00:00,765.2355555555556
2020-03-27 17:00:00,563.6545138888889
2020-03-27 18:00:00,244.2888888888889
2020-03-27 19:00:00,192.9729513888889
2020-03-27 20:00:00,190.77008680555556
2020-03-27 21:00:00,237.9415625
2020-03-27 22:00:00,265.2024652777778
2020-03-27 23:00:00,255.54861111111111
2020-03-28 00:00:00,247.66947916666666
2020-03-28 01:00:00,241.89572916666665
2020-03-28 02:00:00,266.0653125
2020-03-28 03:00:00,946.0275694444445
2020-03-28 04:00:00,1869.9793055555556
2020-03-28 05:00:00,2559.072777777778
2020-03-28 06:00:00,1638.6069444444445
2020-03-28 07:00:00,1894.7672222222222
2020-03-28 08:00:00,1465.524861111111
2020-03-28 09:00:00,564.2669444444444
2020-03-28 10:00:00,365.85798611111113
2020-03-28 11:00:00,404.32994791666664
2020-03-28 12:00:00,415.9404166666667
2020-03-28 13:00:00,557.6501388888889
2020-03-28 14:00:00,2647.9605555555554
2020-03-28 15:00:00,1426.2606944444444
2020-03-28 16:00:00,1067.9150694444445
2020-03-28 17:00:00,708.3311111111111
2020-03-28 18:00:00,366.69416666666666
2020-03-28 19:00:00,636.3760416666667
2020-03-28 20:00:00,1038.3965277777777
2020-03-28 21:00:00,1070.1227777777779
2020-03-28 22:00:00,578.8061805555556
2020-03-28 23:00:00,311.51722222222224
2020-03-29 00:00:00,317.39159722222223
2020-03-29 01:00:00,309.6613888888889
2020-03-29 02:00:00,295.9332986111111
2020-03-29 03:00:00,1235.7755555555555
2020-03-29 04:00:00,2070.4219444444443
2020-03-29 05:00:00,2273.208611111111
2020-03-29 06:00:00,2091.973611111111
2020-03-29 07:00:00,775.4315972222222
2020-03-29 08:00:00,244.14286458333333
2020-03-29 09:00:00,176.77901041666667
2020-03-29 10:00:00,277.5152430555556
2020-03-29 11:00:00,179.25883680555555
2020-03-29 12:00:00,159.68190972222223
2020-03-29 13:00:00,436.86694444444447
2020-03-29 14:00:00,700.08125
2020-03-29 15:00:00,865.9268055555556
2020-03-29 16:00:00,480.10798611111113
2020-03-29 17:00:00,343.86131944444446
2020-03-29 18:00:00,511.63972222222225
2020-03-29 19:00:00,501.11354166666666
2020-03-29 20:00:00,484.94659722222224
2020-03-29 21:00:00,372.0339583333333
2020-03-29 22:00:00,301.52416666666664
2020-03-29 23:00:00,337.1483333333333
2020-03-30 00:00:00,338.31819444444443
2020-03-30 01:00:00,321.2438888888889
2020-03-30 02:00:00,774.0404166666667
2020-03-30 03:00:00,1821.3591666666666
2020-03-30 04:00:00,2194.798333333333
2020-03-30 05:00:00,2095.324722222222
2020-03-30 06:00:00,1236.8052777777777
2020-03-30 07:00:00,322.4201388888889
2020-03-30 08:00:00,206.09940972222222
2020-03-30 09:00:00,186.17902777777778
2020-03-30 10:00:00,289.97147569444445
2020-03-30 11:00:00,281.35572916666666
2020-03-30 12:00:00,294.96743055555555
2020-03-30 13:00:00,561.4136111111111
2020-03-30 14:00:00,1191.9641666666666
2020-03-30 15:00:00,894.0061111111111
2020-03-30 16:00:00,803.7631944444445
2020-03-30 17:00:00,405.20729166666666
2020-03-30 18:00:00,287.26402777777776
2020-03-30 19:00:00,288.0826736111111
2020-03-30 20:00:00,289.35227430555557
2020-03-30 21:00:00,269.7386111111111
2020-03-30 22:00:00,290.96788194444446
2020-03-30 23:00:00,279.0892013888889
2020-03-31 00:00:00,319.24340277777776
2020-03-31 01:00:00,284.62364583333334
2020-03-31 02:00:00,756.7054166666667
2020-03-31 03:00:00,1825.4806944444445
2020-03-31 04:00:00,2302.409166666667
2020-03-31 05:00:00,2098.9847222222224
2020-03-31 06:00:00,3090.3633333333332
2020-03-31 07:00:00,2178.0452777777778
2020-03-31 08:00:00,629.8421527777778
2020-03-31 09:00:00,289.86494791666667
2020-03-31 10:00:00,186.48284722222223
2020-03-31 11:00:00,172.01128472222223
2020-03-31 12:00:00,178.995625
2020-03-31 13:00:00,407.17875
2020-03-31 14:00:00,1197.6238888888888
2020-03-31 15:00:00,2232.354027777778
2020-03-31 16:00:00,929.4154861111111
2020-03-31 17:00:00,331.2984375
2020-03-31 18:00:00,330.44604166666664
2020-03-31 19:00:00,564.7404166666666
2020-03-31 20:00:00,328.44958333333335
2020-03-31 21:00:00,283.00276041666666
2020-03-31 22:00:00,297.4684027777778
2020-03-31 23:00:00,279.84243055555555
2020-04-01 00:00:00,307.84805555555556
2020-04-01 01:00:00,312.8206944444444
2020-04-01 02:00:00,943.745625
2020-04-01 03:00:00,1951.6077777777778
2020-04-01 04:00:00,2192.8015277777777
2020-04-01 05:00:00,2106.2194444444444
2020-04-01 06:00:00,1337.2280555555556
2020-04-01 07:00:00,590.4359722222222
2020-04-01 08:00:00,345.04555555555555
2020-04-01 09:00:00,339.69395833333334
2020-04-01 10:00:00,312.99572916666665
2020-04-01 11:00:00,304.66243055555555
2020-04-01 12:00:00,324.73784722222223
2020-04-01 13:00:00,617.7705555555556
2020-04-01 14:00:00,910.6130555555555
2020-04-01 15:00:00,917.6006944444445
2020-04-01 16:00:00,2283.1429166666667
2020-04-01 17:00:00,1030.226111111111
2020-04-01 18:00:00,471.6604861111111
2020-04-01 19:00:00,314.83680555555554
2020-04-01 20:00:00,234.13395833333334
2020-04-01 21:00:00,198.25491319444444
2020-04-01 22:00:00,312.36368055555556
2020-04-01 23:00:00,317.17493055555553
2020-04-02 00:00:00,315.8537152777778
2020-04-02 01:00:00,313.9999305555556
2020-04-02 02:00:00,853.94875
2020-04-02 03:00:00,1900.49875
2020-04-02 04:00:00,2068.3255555555556
2020-04-02 05:00:00,2182.5833333333335
2020-04-02 06:00:00,1227.9330555555555
2020-04-02 07:00:00,391.80680555555557
2020-04-02 08:00:00,329.8387847222222
2020-04-02 09:00:00,420.2501041666667
2020-04-02 10:00:00,197.28467013888888
2020-04-02 11:00:00,176.84986111111112
2020-04-02 12:00:00,190.2929513888889
2020-04-02 13:00:00,593.06875
2020-04-02 14:00:00,792.8463888888889
2020-04-02 15:00:00,823.8804861111112
2020-04-02 16:00:00,652.0304166666666
2020-04-02 17:00:00,349.73059027777776
2020-04-02 18:00:00,342.3011111111111
2020-04-02 19:00:00,323.24243055555553
2020-04-02 20:00:00,298.81100694444444
2020-04-02 21:00:00,286.99262152777777
2020-04-02 22:00:00,294.80128472222225
2020-04-02 23:00:00,311.79604166666667
2020-04-03 00:00:00,308.09020833333335
2020-04-03 01:00:00,318.05090277777776
2020-04-03 02:00:00,727.5680555555556
2020-04-03 03:00:00,1808.175
2020-04-03 04:00:00,2067.460972222222
2020-04-03 05:00:00,2345.885
2020-04-03 06:00:00,1117.3653298611111
2020-04-03 07:00:00,556.5874305555556
2020-04-03 08:00:00,1528.3372222222222
2020-04-03 09:00:00,1714.5325
2020-04-03 10:00:00,1342.8927777777778
2020-04-03 11:00:00,1342.8927777777778
2020-04-03 12:00:00,1342.8927777777778
2020-04-03 13:00:00,750.095
2020-04-03 14:00:00,794.0813888888889
2020-04-03 15:00:00,1038.7019444444445
2020-04-03 16:00:00,942.96875
2020-04-03 17:00:00,441.2059027777778
2020-04-03 18:00:00,366.1305902777778
2020-04-03 19:00:00,391.601875
2020-04-03 20:00:00,391.0708333333333
2020-04-03 21:00:00,362.61319444444445
2020-04-03 22:00:00,378.2145138888889
2020-04-03 23:00:00,302.50916666666666
2020-04-04 00:00:00,315.51895833333333
2020-04-04 01:00:00,314.58739583333335
2020-04-04 02:00:00,815.9054861111111
2020-04-04 03:00:00,1904.871388888889
2020-04-04 04:00:00,2350.371111111111
2020-04-04 05:00:00,2025.0480555555555
2020-04-04 06:00:00,1291.956111111111
2020-04-04 07:00:00,1548.5444444444445
2020-04-04 08:00:00,1208.5111111111112
2020-04-04 09:00:00,846.4191666666667
2020-04-04 10:00:00,689.7575694444445
2020-04-04 11:00:00,1392.83125
2020-04-04 12:00:00,1268.5518055555556
2020-04-04 13:00:00,671.1354166666666
2020-04-04 14:00:00,751.0494444444445
2020-04-04 15:00:00,1056.057638888889
2020-04-04 16:00:00,2342.826666666667
2020-04-04 17:00:00,969.4724305555555
2020-04-04 18:00:00,415.35510416666665
2020-04-04 19:00:00,432.4008680555556
2020-04-04 20:00:00,495.3690972222222
2020-04-04 21:00:00,431.07625
2020-04-04 22:00:00,300.94430555555556
2020-04-04 23:00:00,331.43375
2020-04-05 00:00:00,334.2400347222222
2020-04-05 01:00:00,329.81819444444443
2020-04-05 02:00:00,831.6393055555556
2020-04-05 03:00:00,1726.7513888888889
2020-04-05 04:00:00,2238.202638888889
2020-04-05 05:00:00,1859.4573611111111
2020-04-05 06:00:00,1220.8152777777777
2020-04-05 07:00:00,352.1295138888889
2020-04-05 08:00:00,348.5602777777778
2020-04-05 09:00:00,346.7115625
2020-04-05 10:00:00,318.3066666666667
2020-04-05 11:00:00,290.69913194444445
2020-04-05 12:00:00,303.56378472222224
2020-04-05 13:00:00,587.5363888888888
2020-04-05 14:00:00,770.1477083333333
2020-04-05 15:00:00,1146.384513888889
2020-04-05 16:00:00,851.92875
2020-04-05 17:00:00,332.61861111111114
2020-04-05 18:00:00,322.3820486111111
2020-04-05 19:00:00,317.39666666666665
2020-04-05 20:00:00,410.861875
2020-04-05 21:00:00,310.86
2020-04-05 22:00:00,314.35229166666664
2020-04-05 23:00:00,322.7574305555556
2020-04-06 00:00:00,335.04277777777776
2020-04-06 01:00:00,331.7112152777778
2020-04-06 02:00:00,932.1511111111112
2020-04-06 03:00:00,1919.1420833333334
2020-04-06 04:00:00,2113.21875
2020-04-06 05:00:00,2318.4343055555555
2020-04-06 06:00:00,1434.4747222222222
2020-04-06 07:00:00,454.2595138888889
2020-04-06 08:00:00,458.8389583333333
2020-04-06 09:00:00,457.159375
2020-04-06 10:00:00,422.4682291666667
2020-04-06 11:00:00,400.15211805555555
2020-04-06 12:00:00,306.6329861111111
2020-04-06 13:00:00,1566.5211111111112
2020-04-06 14:00:00,1854.3397222222222
2020-04-06 15:00:00,1463.9247222222223
2020-04-06 16:00:00,712.3147222222223
2020-04-06 17:00:00,441.4720138888889
2020-04-06 18:00:00,461.938125
2020-04-06 19:00:00,342.2026388888889
2020-04-06 20:00:00,324.7636111111111
2020-04-06 21:00:00,329.96479166666666
2020-04-06 22:00:00,322.12916666666666
2020-04-06 23:00:00,310.5097222222222
2020-04-07 00:00:00,325.65541666666667
2020-04-07 01:00:00,339.99559027777775
2020-04-07 02:00:00,811.4745138888889
2020-04-07 03:00:00,1994.21375
2020-04-07 04:00:00,2280.1408333333334
2020-04-07 05:00:00,1166.01
2020-04-07 06:00:00,720.4395138888889
2020-04-07 07:00:00,334.9963888888889
2020-04-07 08:00:00,331.4610416666667
2020-04-07 09:00:00,330.9084722222222
2020-04-07 10:00:00,344.15506944444445
2020-04-07 11:00:00,325.846875
2020-04-07 12:00:00,281.49168402777775
2020-04-07 13:00:00,571.9638888888888
2020-04-07 14:00:00,653.9980555555555
2020-04-07 15:00:00,851.3725694444445
2020-04-07 16:00:00,748.3073611111112
2020-04-07 17:00:00,345.46777777777777
2020-04-07 18:00:00,292.6767361111111
2020-04-07 19:00:00,298.41784722222224
2020-04-07 20:00:00,210.99241319444445
2020-04-07 21:00:00,241.80822916666668
2020-04-07 22:00:00,302.4610416666667
2020-04-07 23:00:00,307.66631944444447
2020-04-08 00:00:00,320.88430555555556
2020-04-08 01:00:00,326.988125
2020-04-08 02:00:00,812.069375
2020-04-08 03:00:00,3089.4866666666667
2020-04-08 04:00:00,3140.123888888889
2020-04-08 05:00:00,1562.9930555555557
2020-04-08 06:00:00,1237.0852777777777
2020-04-08 07:00:00,409.5991319444444
2020-04-08 08:00:00,334.62402777777777
2020-04-08 09:00:00,240.81541666666666
2020-04-08 10:00:00,296.8017708333333
2020-04-08 11:00:00,284.60125
2020-04-08 12:00:00,305.2528819444444
2020-04-08 13:00:00,454.64868055555553
2020-04-08 14:00:00,615.144375
2020-04-08 15:00:00,1295.1336111111111
2020-04-08 16:00:00,757.7345138888888
2020-04-08 17:00:00,294.1459722222222
2020-04-08 18:00:00,244.6806076388889
2020-04-08 19:00:00,252.81715277777778
2020-04-08 20:00:00,266.96215277777776
2020-04-08 21:00:00,212.05815972222223
2020-04-08 22:00:00,158.70586805555556
2020-04-08 23:00:00,150.95546875
2020-04-09 00:00:00,142.3924045138889
2020-04-09 01:00:00,143.14864122178818
2020-04-09 02:00:00,930.3
2020-04-09 03:00:00,1916.9355555555555
2020-04-09 04:00:00,2223.517638888889
2020-04-09 05:00:00,998.274375
2020-04-09 06:00:00,2311.4538888888887
2020-04-09 07:00:00,981.9859722222222
2020-04-09 08:00:00,576.6825
2020-04-09 09:00:00,464.79774305555554
2020-04-09 10:00:00,481.7607638888889
2020-04-09 11:00:00,453.62052083333333
2020-04-09 12:00:00,396.1686111111111
2020-04-09 13:00:00,532.7563194444444
2020-04-09 14:00:00,606.0602083333333
2020-04-09 15:00:00,1257.3580555555557
2020-04-09 16:00:00,646.9455555555555
2020-04-09 17:00:00,318.23993055555553
2020-04-09 18:00:00,356.1315625
2020-04-09 19:00:00,419.59291666666667
2020-04-09 20:00:00,427.57704861111114
2020-04-09 21:00:00,331.77555555555557
2020-04-09 22:00:00,331.5805208333333
2020-04-09 23:00:00,332.401875
2020-04-10 00:00:00,336.3328472222222
2020-04-10 01:00:00,330.83274305555557
2020-04-10 02:00:00,883.7284027777778
2020-04-10 03:00:00,1884.768611111111
2020-04-10 04:00:00,2219.095277777778
2020-04-10 05:00:00,1783.7
2020-04-10 06:00:00,499.23590277777777
2020-04-10 07:00:00,231.04743055555556
2020-04-10 08:00:00,234.805
2020-04-10 09:00:00,194.46663194444446
2020-04-10 10:00:00,187.57255208333333
2020-04-10 11:00:00,193.04942708333334
2020-04-10 12:00:00,267.03668402777777
2020-04-10 13:00:00,598.4948611111112
2020-04-10 14:00:00,620.6429166666667
2020-04-10 15:00:00,1187.3234722222223
2020-04-10 16:00:00,1861.1765277777777
2020-04-10 17:00:00,1154.34875
2020-04-10 18:00:00,381.12822916666664
2020-04-10 19:00:00,193.89012152777778
2020-04-10 20:00:00,428.81927083333335
2020-04-10 21:00:00,293.92131944444446
2020-04-10 22:00:00,303.3308680555556
2020-04-10 23:00:00,310.16430555555553
2020-04-11 00:00:00,317.51951388888887
2020-04-11 01:00:00,318.2951736111111
2020-04-11 02:00:00,702.9226388888889
2020-04-11 03:00:00,1479.6309722222222
2020-04-11 04:00:00,2415.035
2020-04-11 05:00:00,2298.0919444444444
2020-04-11 06:00:00,907.9624305555556
2020-04-11 07:00:00,307.57493055555557
2020-04-11 08:00:00,339.1011458333333
2020-04-11 09:00:00,404.63680555555555
2020-04-11 10:00:00,320.0317361111111
2020-04-11 11:00:00,415.7336111111111
2020-04-11 12:00:00,290.00072916666664
2020-04-11 13:00:00,511.06711805555557
2020-04-11 14:00:00,808.125
2020-04-11 15:00:00,687.0593055555555
2020-04-11 16:00:00,477.4471527777778
2020-04-11 17:00:00,214.10072916666667
2020-04-11 18:00:00,224.9049652777778
2020-04-11 19:00:00,195.9870138888889
2020-04-11 20:00:00,237.4934201388889
2020-04-11 21:00:00,428.3459722222222
2020-04-11 22:00:00,416.90555555555557
2020-04-11 23:00:00,315.73614583333335
2020-04-12 00:00:00,312.5624305555556
2020-04-12 01:00:00,318.6070138888889
2020-04-12 02:00:00,742.2210416666667
2020-04-12 03:00:00,1749.0956944444445
2020-04-12 04:00:00,2391.527777777778
2020-04-12 05:00:00,1658.7225
2020-04-12 06:00:00,2466.867222222222
2020-04-12 07:00:00,1449.7552777777778
2020-04-12 08:00:00,600.5890972222222
2020-04-12 09:00:00,343.0554861111111
2020-04-12 10:00:00,322.8053472222222
2020-04-12 11:00:00,330.9115972222222
2020-04-12 12:00:00,334.72041666666667
2020-04-12 13:00:00,533.1238888888889
2020-04-12 14:00:00,654.6984722222222
2020-04-12 15:00:00,887.7654861111112
2020-04-12 16:00:00,725.0995833333334
2020-04-12 17:00:00,338.858125
2020-04-12 18:00:00,347.42805555555555
2020-04-12 19:00:00,425.8413194444444
2020-04-12 20:00:00,366.2278125
2020-04-12 21:00:00,369.2940972222222
2020-04-12 22:00:00,302.3811111111111
2020-04-12 23:00:00,308.4294791666667
2020-04-13 00:00:00,311.34513888888887
2020-04-13 01:00:00,329.6246180555556
2020-04-13 02:00:00,951.5385416666667
2020-04-13 03:00:00,1997.1606944444445
2020-04-13 04:00:00,2378.6519444444443
2020-04-13 05:00:00,1560.9802777777777
2020-04-13 06:00:00,768.5820138888889
2020-04-13 07:00:00,453.6141666666667
2020-04-13 08:00:00,385.2738541666667
2020-04-13 09:00:00,341.25131944444445
2020-04-13 10:00:00,413.5572916666667
2020-04-13 11:00:00,344.2040625
2020-04-13 12:00:00,307.00163194444445
2020-04-13 13:00:00,589.9936111111111
2020-04-13 14:00:00,857.6534722222223
2020-04-13 15:00:00,880.5611111111111
2020-04-13 16:00:00,598.905
2020-04-13 17:00:00,319.0617361111111
2020-04-13 18:00:00,295.03180555555554
2020-04-13 19:00:00,317.37618055555555
2020-04-13 20:00:00,418.51152777777776
2020-04-13 21:00:00,349.1035763888889
2020-04-13 22:00:00,310.5331597222222
2020-04-13 23:00:00,286.54875
2020-04-14 00:00:00,298.1774652777778
2020-04-14 01:00:00,287.49265625
2020-04-14 02:00:00,921.4098611111111
2020-04-14 03:00:00,1818.5836111111112
2020-04-14 04:00:00,2152.2927777777777
2020-04-14 05:00:00,2214.31125
2020-04-14 06:00:00,1417.7069444444444
2020-04-14 07:00:00,593.5092361111111
2020-04-14 08:00:00,328.39708333333334
2020-04-14 09:00:00,331.60038194444445
2020-04-14 10:00:00,183.09204861111112
2020-04-14 11:00:00,187.84414930555556
2020-04-14 12:00:00,191.26020833333334
2020-04-14 13:00:00,529.3759722222222
2020-04-14 14:00:00,2038.9672222222223
2020-04-14 15:00:00,1403.5052777777778
2020-04-14 16:00:00,735.2331944444444
2020-04-14 17:00:00,191.92256944444443
2020-04-14 18:00:00,175.04534722222223
2020-04-14 19:00:00,192.21445638020833
2020-04-14 20:00:00,271.5904513888889
2020-04-14 21:00:00,286.72444444444443
2020-04-14 22:00:00,292.4210763888889
2020-04-14 23:00:00,298.96465277777776
2020-04-15 00:00:00,292.6302430555556
2020-04-15 01:00:00,305.2426388888889
2020-04-15 02:00:00,930.1497916666667
2020-04-15 03:00:00,1796.5951388888889
2020-04-15 04:00:00,2411.3983333333335
2020-04-15 05:00:00,2008.56875
2020-04-15 06:00:00,891.3269444444444
2020-04-15 07:00:00,188.66744791666667
2020-04-15 08:00:00,194.28815972222222
2020-04-15 09:00:00,259.5989583333333
2020-04-15 10:00:00,196.07496527777778
2020-04-15 11:00:00,189.85626736111112
2020-04-15 12:00:00,223.0365625
2020-04-15 13:00:00,431.93583333333333
2020-04-15 14:00:00,765.2270833333333
2020-04-15 15:00:00,2096.6590277777777
2020-04-15 16:00:00,1215.9259722222223
2020-04-15 17:00:00,581.7080902777777
2020-04-15 18:00:00,422.94420138888887
2020-04-15 19:00:00,1389.91125
2020-04-15 20:00:00,1227.8505555555555
2020-04-15 21:00:00,1211.4554166666667
2020-04-15 22:00:00,1129.1170833333333
2020-04-15 23:00:00,1127.1108333333334
2020-04-16 00:00:00,1135.3554166666668
2020-04-16 01:00:00,1142.4622222222222
2020-04-16 02:00:00,1497.8790277777778
2020-04-16 03:00:00,1802.9931944444445
2020-04-16 04:00:00,2329.5858333333335
2020-04-16 05:00:00,1947.8666666666666
2020-04-16 06:00:00,2732.4175
2020-04-16 07:00:00,2236.6681944444445
2020-04-16 08:00:00,965.4218055555556
2020-04-16 09:00:00,185.76675347222223
2020-04-16 10:00:00,181.165625
2020-04-16 11:00:00,192.2436111111111
2020-04-16 12:00:00,197.81861111111112
2020-04-16 13:00:00,462.9873611111111
2020-04-16 14:00:00,508.88631944444444
2020-04-16 15:00:00,834.4204166666667
2020-04-16 16:00:00,717.2471527777777
2020-04-16 17:00:00,310.4736805555556
2020-04-16 18:00:00,260.5129861111111
2020-04-16 19:00:00,346.38715277777777
2020-04-16 20:00:00,404.59496527777776
2020-04-16 21:00:00,407.7686111111111
2020-04-16 22:00:00,294.814375
2020-04-16 23:00:00,283.7933506944444
2020-04-17 00:00:00,284.23309027777776
2020-04-17 01:00:00,291.9243402777778
2020-04-17 02:00:00,903.4577083333334
2020-04-17 03:00:00,1815.4563888888888
2020-04-17 04:00:00,2051.534166666667
2020-04-17 05:00:00,1275.6744444444444
2020-04-17 06:00:00,777.4565277777778
2020-04-17 07:00:00,301.99427083333336
2020-04-17 08:00:00,212.99614583333334
2020-04-17 09:00:00,195.07973958333332
2020-04-17 10:00:00,210.37177083333333
2020-04-17 11:00:00,198.35774305555555
2020-04-17 12:00:00,198.7450173611111
2020-04-17 13:00:00,593.7741666666667
2020-04-17 14:00:00,723.4086111111111
2020-04-17 15:00:00,755.3139583333333
2020-04-17 16:00:00,660.2
2020-04-17 17:00:00,179.42993055555556
2020-04-17 18:00:00,184.15630208333334
2020-04-17 19:00:00,243.97503472222223
2020-04-17 20:00:00,264.8617013888889
2020-04-17 21:00:00,308.51465277777777
2020-04-17 22:00:00,293.4376388888889
2020-04-17 23:00:00,296.5125
2020-04-18 00:00:00,296.6016666666667
2020-04-18 01:00:00,306.0909722222222
2020-04-18 02:00:00,1021.8598611111111
2020-04-18 03:00:00,1913.3638888888888
2020-04-18 04:00:00,2153.5608333333334
2020-04-18 05:00:00,2109.034166666667
2020-04-18 06:00:00,1911.3477777777778
2020-04-18 07:00:00,2639.561388888889
2020-04-18 08:00:00,709.8635416666667
2020-04-18 09:00:00,425.4162152777778
2020-04-18 10:00:00,391.3880555555556
2020-04-18 11:00:00,363.3255902777778
2020-04-18 12:00:00,454.415
2020-04-18 13:00:00,496.9079861111111
2020-04-18 14:00:00,1119.5572222222222
2020-04-18 15:00:00,1020.3397222222222
2020-04-18 16:00:00,495.50152777777777
2020-04-18 17:00:00,205.65298611111112
2020-04-18 18:00:00,189.53260416666666
2020-04-18 19:00:00,193.27065972222223
2020-04-18 20:00:00,297.62618055555555
2020-04-18 21:00:00,284.093125
2020-04-18 22:00:00,294.34791666666666
2020-04-18 23:00:00,298.2463888888889
2020-04-19 00:00:00,303.3334027777778
2020-04-19 01:00:00,294.80694444444447
2020-04-19 02:00:00,881.119375
2020-04-19 03:00:00,1700.993611111111
2020-04-19 04:00:00,2163.3593055555557
2020-04-19 05:00:00,1741.03875
2020-04-19 06:00:00,852.1724305555556
2020-04-19 07:00:00,453.70006944444447
2020-04-19 08:00:00,464.1355208333333
2020-04-19 09:00:00,351.2451041666667
2020-04-19 10:00:00,339.4891666666667
2020-04-19 11:00:00,338.75395833333334
2020-04-19 12:00:00,308.2552777777778
2020-04-19 13:00:00,525.245625
2020-04-19 14:00:00,984.4693055555556
2020-04-19 15:00:00,902.0695138888889
2020-04-19 16:00:00,747.2425694444445
2020-04-19 17:00:00,289.0864583333333
2020-04-19 18:00:00,207.40875
2020-04-19 19:00:00,273.3608854166667
2020-04-19 20:00:00,394.90270833333335
2020-04-19 21:00:00,363.0022222222222
2020-04-19 22:00:00,314.8540277777778
2020-04-19 23:00:00,291.2403298611111
2020-04-20 00:00:00,282.56684027777777
2020-04-20 01:00:00,282.98144097222223
2020-04-20 02:00:00,810.8041666666667
2020-04-20 03:00:00,1864.6955555555555
2020-04-20 04:00:00,2485.2083333333335
2020-04-20 05:00:00,1426.8995833333333
2020-04-20 06:00:00,692.3820833333333
2020-04-20 07:00:00,386.7661458333333
2020-04-20 08:00:00,328.60770833333333
2020-04-20 09:00:00,336.58260416666667
2020-04-20 10:00:00,315.71736111111113
2020-04-20 11:00:00,302.88649305555555
2020-04-20 12:00:00,431.6956597222222
2020-04-20 13:00:00,536.6836111111111
2020-04-20 14:00:00,1549.4209027777779
2020-04-20 15:00:00,2721.8116666666665
2020-04-20 16:00:00,1158.3031944444444
2020-04-20 17:00:00,353.2083333333333
2020-04-20 18:00:00,293.22006944444445
2020-04-20 19:00:00,202.2137326388889
2020-04-20 20:00:00,318.84680555555553
2020-04-20 21:00:00,362.0761458333333
2020-04-20 22:00:00,303.67590277777776
2020-04-20 23:00:00,292.94475694444446
2020-04-21 00:00:00,292.16211805555554
2020-04-21 01:00:00,298.19138888888887
2020-04-21 02:00:00,901.5733333333334
2020-04-21 03:00:00,1718.7402777777777
2020-04-21 04:00:00,2371.346111111111
2020-04-21 05:00:00,1509.1463888888889
2020-04-21 06:00:00,1271.9784722222223
2020-04-21 07:00:00,5061.129444444445
2020-04-21 08:00:00,4990.251666666667
2020-04-21 09:00:00,3111.9905555555556
2020-04-21 10:00:00,203.55473958333334
2020-04-21 11:00:00,203.58085069444445
2020-04-21 12:00:00,221.86024305555554
2020-04-21 13:00:00,588.5552777777777
2020-04-21 14:00:00,885.4018055555556
2020-04-21 15:00:00,702.7101388888889
2020-04-21 16:00:00,2088.6231944444444
2020-04-21 17:00:00,644.0619444444444
2020-04-21 18:00:00,300.6015277777778
2020-04-21 19:00:00,207.87854166666668
2020-04-21 20:00:00,351.5201736111111
2020-04-21 21:00:00,307.22569444444446
2020-04-21 22:00:00,324.8847916666667
2020-04-21 23:00:00,310.8225347222222
2020-04-22 00:00:00,309.756875
2020-04-22 01:00:00,315.45996527777777
2020-04-22 02:00:00,918.8666666666667
2020-04-22 03:00:00,2081.1883333333335
2020-04-22 04:00:00,2320.588888888889
2020-04-22 05:00:00,1606.9044444444444
2020-04-22 06:00:00,968.6290972222222
2020-04-22 07:00:00,768.5272222222222
2020-04-22 08:00:00,335.6931597222222
2020-04-22 09:00:00,488.90722222222223
2020-04-22 10:00:00,197.73237847222222
2020-04-22 11:00:00,182.89368055555556
2020-04-22 12:00:00,209.28171875
2020-04-22 13:00:00,447.17854166666666
2020-04-22 14:00:00,894.9375
2020-04-22 15:00:00,660.3125694444444
2020-04-22 16:00:00,674.0943055555556
2020-04-22 17:00:00,210.8657465277778
2020-04-22 18:00:00,195.13484375
2020-04-22 19:00:00,198.34659722222221
2020-04-22 20:00:00,204.55392361111112
2020-04-22 21:00:00,201.24100694444445
2020-04-22 22:00:00,292.5996875
2020-04-22 23:00:00,316.1172222222222
2020-04-23 00:00:00,317.0410416666667
2020-04-23 01:00:00,322.7596527777778
2020-04-23 02:00:00,897.9636111111112
2020-04-23 03:00:00,1859.0816666666667
2020-04-23 04:00:00,1878.6695833333333
2020-04-23 05:00:00,1018.0359722222222
2020-04-23 06:00:00,818.5519444444444
2020-04-23 07:00:00,323.7553472222222
2020-04-23 08:00:00,314.26652777777775
2020-04-23 09:00:00,328.29798611111113
2020-04-23 10:00:00,216.60600694444443
2020-04-23 11:00:00,192.1481076388889
2020-04-23 12:00:00,209.45940972222223
2020-04-23 13:00:00,493.46260416666667
2020-04-23 14:00:00,2407.909166666667
2020-04-23 15:00:00,1120.8493055555555
2020-04-23 16:00:00,1037.9029861111112
2020-04-23 17:00:00,354.1309722222222
2020-04-23 18:00:00,296.2367361111111
2020-04-23 19:00:00,310.6828472222222
2020-04-23 20:00:00,407.09246527777776
2020-04-23 21:00:00,427.12291666666664
2020-04-23 22:00:00,365.3151388888889
2020-04-23 23:00:00,322.45454861111114
2020-04-24 00:00:00,326.7188194444444
2020-04-24 01:00:00,280.2841319444444
2020-04-24 02:00:00,897.15125
2020-04-24 03:00:00,2028.2488888888888
2020-04-24 04:00:00,2322.085416666667
2020-04-24 05:00:00,1684.9468055555556
2020-04-24 06:00:00,1774.423888888889
2020-04-24 07:00:00,741.1127083333333
2020-04-24 08:00:00,325.89868055555553
2020-04-24 09:00:00,291.433125
2020-04-24 10:00:00,172.60184027777777
2020-04-24 11:00:00,210.18168402777778
2020-04-24 12:00:00,187.56
2020-04-24 13:00:00,405.22489583333333
2020-04-24 14:00:00,752.1419444444444
2020-04-24 15:00:00,662.3236805555556
2020-04-24 16:00:00,1236.8902777777778
2020-04-24 17:00:00,1749.5288888888888
2020-04-24 18:00:00,492.76465277777777
2020-04-24 19:00:00,208.34895833333334
2020-04-24 20:00:00,435.6245833333333
2020-04-24 21:00:00,340.61895833333335
2020-04-24 22:00:00,320.92524305555554
2020-04-24 23:00:00,331.10503472222223
2020-04-25 00:00:00,317.5341666666667
2020-04-25 01:00:00,320.5680208333333
2020-04-25 02:00:00,799.6265972222222
2020-04-25 03:00:00,1711.1023611111111
2020-04-25 04:00:00,2077.1131944444446
2020-04-25 05:00:00,1717.1263888888889
2020-04-25 06:00:00,699.4845138888888
2020-04-25 07:00:00,287.7096006944444
2020-04-25 08:00:00,471.38256944444447
2020-04-25 09:00:00,704.6365277777778
2020-04-25 10:00:00,312.64416666666665
2020-04-25 11:00:00,299.9689583333333
2020-04-25 12:00:00,231.48166666666665
2020-04-25 13:00:00,481.83211805555555
2020-04-25 14:00:00,1059.6505555555555
2020-04-25 15:00:00,936.6902777777777
2020-04-25 16:00:00,1761.3877777777777
2020-04-25 17:00:00,994.3490972222222
2020-04-25 18:00:00,336.7764236111111
2020-04-25 19:00:00,205.2464236111111
2020-04-25 20:00:00,398.4690972222222
2020-04-25 21:00:00,400.4638888888889
2020-04-25 22:00:00,405.76618055555554
2020-04-25 23:00:00,327.2996180555556
2020-04-26 00:00:00,319.91027777777776
2020-04-26 01:00:00,319.61826388888886
2020-04-26 02:00:00,668.4402777777777
2020-04-26 03:00:00,1832.1429166666667
2020-04-26 04:00:00,1949.4425
2020-04-26 05:00:00,1156.8921527777777
2020-04-26 06:00:00,639.8655555555556
2020-04-26 07:00:00,308.52256944444446
2020-04-26 08:00:00,307.7866666666667
2020-04-26 09:00:00,201.56502604166667
2020-04-26 10:00:00,201.1564236111111
2020-04-26 11:00:00,195.43809027777777
2020-04-26 12:00:00,191.58305555555555
2020-04-26 13:00:00,516.9369444444444
2020-04-26 14:00:00,844.2975
2020-04-26 15:00:00,834.4475
2020-04-26 16:00:00,610.71875
2020-04-26 17:00:00,255.9754513888889
2020-04-26 18:00:00,232.53076388888888
2020-04-26 19:00:00,210.80069444444445
2020-04-26 20:00:00,353.940625
2020-04-26 21:00:00,308.92333333333335
2020-04-26 22:00:00,321.56347222222223
2020-04-26 23:00:00,317.31180555555557
2020-04-27 00:00:00,326.5964236111111
2020-04-27 01:00:00,306.2086111111111
2020-04-27 02:00:00,875.4280555555556
2020-04-27 03:00:00,1811.1130555555555
2020-04-27 04:00:00,2330.225
2020-04-27 05:00:00,1094.2339583333332
2020-04-27 06:00:00,712.7192361111111
2020-04-27 07:00:00,342.8262847222222
2020-04-27 08:00:00,460.85604166666667
2020-04-27 09:00:00,460.0364583333333
2020-04-27 10:00:00,434.5528472222222
2020-04-27 11:00:00,350.93618055555555
2020-04-27 12:00:00,346.36368055555556
2020-04-27 13:00:00,393.3601388888889
2020-04-27 14:00:00,537.8654513888889
2020-04-27 15:00:00,2605.2916666666665
2020-04-27 16:00:00,953.7884722222223
2020-04-27 17:00:00,237.85947916666666
2020-04-27 18:00:00,224.8657986111111
2020-04-27 19:00:00,190.99067708333334
2020-04-27 20:00:00,266.7875173611111
2020-04-27 21:00:00,319.19430555555556
2020-04-27 22:00:00,319.54020833333334
2020-04-27 23:00:00,332.09041666666667
2020-04-28 00:00:00,320.4176388888889
2020-04-28 01:00:00,320.90555555555557
2020-04-28 02:00:00,1683.825
2020-04-28 03:00:00,1972.7141666666666
2020-04-28 04:00:00,2246.3569444444443
2020-04-28 05:00:00,1568.931111111111
2020-04-28 06:00:00,1051.1294444444445
2020-04-28 07:00:00,494.48583333333335
2020-04-28 08:00:00,284.13140625
2020-04-28 09:00:00,289.4357638888889
2020-04-28 10:00:00,319.72993055555554
2020-04-28 11:00:00,266.76979166666666
2020-04-28 12:00:00,342.6175694444444
2020-04-28 13:00:00,620.8811111111111
2020-04-28 14:00:00,878.17625
2020-04-28 15:00:00,633.2227777777778
2020-04-28 16:00:00,631.3097222222223
2020-04-28 17:00:00,453.831875
2020-04-28 18:00:00,354.4217361111111
2020-04-28 19:00:00,337.894375
2020-04-28 20:00:00,373.89163194444444
2020-04-28 21:00:00,401.7997569444444
2020-04-28 22:00:00,382.7398611111111
2020-04-28 23:00:00,302.5817361111111
2020-04-29 00:00:00,318.14038194444447
2020-04-29 01:00:00,317.04895833333336
2020-04-29 02:00:00,804.0502777777778
2020-04-29 03:00:00,1896.0579166666666
2020-04-29 04:00:00,2344.4158333333335
2020-04-29 05:00:00,1334.0008333333333
2020-04-29 06:00:00,686.3979861111111
2020-04-29 07:00:00,341.27965277777776
2020-04-29 08:00:00,354.264375
2020-04-29 09:00:00,331.95493055555556
2020-04-29 10:00:00,337.6561111111111
2020-04-29 11:00:00,311.0072222222222
2020-04-29 12:00:00,513.3709722222222
2020-04-29 13:00:00,854.8069444444444
2020-04-29 14:00:00,901.0434722222222
2020-04-29 15:00:00,736.2038888888889
2020-04-29 16:00:00,1989.2297222222223
2020-04-29 17:00:00,1203.5119444444445
2020-04-29 18:00:00,460.2079513888889
2020-04-29 19:00:00,193.15666666666667
2020-04-29 20:00:00,214.52149305555557
2020-04-29 21:00:00,270.5242534722222
2020-04-29 22:00:00,290.4431423611111
2020-04-29 23:00:00,289.1082465277778
2020-04-30 00:00:00,306.26375
2020-04-30 01:00:00,296.6390625
2020-04-30 02:00:00,856.3530555555556
2020-04-30 03:00:00,1978.6797222222222
2020-04-30 04:00:00,2252.070277777778
2020-04-30 05:00:00,1811.4711111111112
2020-04-30 06:00:00,1426.921111111111
2020-04-30 07:00:00,1201.3083333333334
2020-04-30 08:00:00,1024.187013888889
2020-04-30 09:00:00,865.1704166666667
2020-04-30 10:00:00,172.93151041666667
2020-04-30 11:00:00,159.09335069444444
2020-04-30 12:00:00,175.44614583333333
2020-04-30 13:00:00,447.58163194444444
2020-04-30 14:00:00,680.0471527777778
2020-04-30 15:00:00,617.1206944444444
2020-04-30 16:00:00,446.0361111111111
2020-04-30 17:00:00,198.36763888888888
2020-04-30 18:00:00,206.89649305555557
2020-04-30 19:00:00,213.38348958333333
2020-04-30 20:00:00,207.41475694444443
2020-04-30 21:00:00,270.7056944444444
2020-04-30 22:00:00,312.10791666666665
2020-04-30 23:00:00,296.8820486111111
2020-05-01 00:00:00,295.28236111111113
2020-05-01 01:00:00,307.6303819444444
2020-05-01 02:00:00,800.5278472222222
2020-05-01 03:00:00,1712.7052777777778
2020-05-01 04:00:00,1974.3827777777778
2020-05-01 05:00:00,1610.0844444444444
2020-05-01 06:00:00,1220.1108333333334
2020-05-01 07:00:00,994.4517361111111
2020-05-01 08:00:00,354.12944444444446
2020-05-01 09:00:00,235.78145833333335
2020-05-01 10:00:00,208.74274305555556
2020-05-01 11:00:00,253.52383680555556
2020-05-01 12:00:00,215.33197916666666
2020-05-01 13:00:00,445.14868055555553
2020-05-01 14:00:00,1188.1706944444445
2020-05-01 15:00:00,945.5806944444445
2020-05-01 16:00:00,923.0954166666667
2020-05-01 17:00:00,375.5005902777778
2020-05-01 18:00:00,283.08986111111113
2020-05-01 19:00:00,293.6204861111111
2020-05-01 20:00:00,382.41305555555556
2020-05-01 21:00:00,305.8178472222222
2020-05-01 22:00:00,319.98319444444445
2020-05-01 23:00:00,308.54541666666665
2020-05-02 00:00:00,305.16569444444445
2020-05-02 01:00:00,311.6582986111111
2020-05-02 02:00:00,880.0680555555556
2020-05-02 03:00:00,1874.5640277777777
2020-05-02 04:00:00,2320.1555555555556
2020-05-02 05:00:00,1808.4733333333334
2020-05-02 06:00:00,2661.1647222222223
2020-05-02 07:00:00,888.6300694444444
2020-05-02 08:00:00,455.3282291666667
2020-05-02 09:00:00,312.24385416666667
2020-05-02 10:00:00,355.8495833333333
2020-05-02 11:00:00,337.7370138888889
2020-05-02 12:00:00,322.74881944444445
2020-05-02 13:00:00,499.08756944444445
2020-05-02 14:00:00,833.1320833333333
2020-05-02 15:00:00,729.4475
2020-05-02 16:00:00,504.0494444444444
2020-05-02 17:00:00,199.8909375
2020-05-02 18:00:00,193.45442708333334
2020-05-02 19:00:00,193.641875
2020-05-02 20:00:00,310.64756944444446
2020-05-02 21:00:00,324.08899305555553
2020-05-02 22:00:00,315.4820833333333
2020-05-02 23:00:00,322.7677777777778
2020-05-03 00:00:00,322.866875
2020-05-03 01:00:00,336.20166666666665
2020-05-03 02:00:00,856.2418055555555
2020-05-03 03:00:00,1859.0013888888889
2020-05-03 04:00:00,2134.9929166666666
2020-05-03 05:00:00,769.34375
2020-05-03 06:00:00,625.7725
2020-05-03 07:00:00,301.8353472222222
2020-05-03 08:00:00,201.745625
2020-05-03 09:00:00,200.52609375
2020-05-03 10:00:00,216.20777777777778
2020-05-03 11:00:00,188.76390625
2020-05-03 12:00:00,192.01114583333333
2020-05-03 13:00:00,417.76423611111113
2020-05-03 14:00:00,730.8565277777777
2020-05-03 15:00:00,862.0071527777778
2020-05-03 16:00:00,802.5523611111112
2020-05-03 17:00:00,265.51722222222224
2020-05-03 18:00:00,194.00418402777777
2020-05-03 19:00:00,211.93930555555556
2020-05-03 20:00:00,248.85326388888888
2020-05-03 21:00:00,331.58715277777776
2020-05-03 22:00:00,313.8323611111111
2020-05-03 23:00:00,315.3622569444444
2020-05-04 00:00:00,318.9757638888889
2020-05-04 01:00:00,321.1917361111111
2020-05-04 02:00:00,796.6243055555556
2020-05-04 03:00:00,1893.3866666666668
2020-05-04 04:00:00,1835.4486111111112
2020-05-04 05:00:00,949.6723611111111
2020-05-04 06:00:00,915.1480555555555
2020-05-04 07:00:00,2231.6734722222222
2020-05-04 08:00:00,831.3240277777778
2020-05-04 09:00:00,465.5042361111111
2020-05-04 10:00:00,295.8100694444444
2020-05-04 11:00:00,252.6705034722222
2020-05-04 12:00:00,184.29895833333333
2020-05-04 13:00:00,466.4886111111111
2020-05-04 14:00:00,501.2029166666667
2020-05-04 15:00:00,708.0411805555556
2020-05-04 16:00:00,846.2804166666666
2020-05-04 17:00:00,689.4897222222222
2020-05-04 18:00:00,312.0607638888889
2020-05-04 19:00:00,204.68506944444445
2020-05-04 20:00:00,366.823125
2020-05-04 21:00:00,283.99861111111113
2020-05-04 22:00:00,272.45359375
2020-05-04 23:00:00,289.5129166666667
2020-05-05 00:00:00,285.17956597222224
2020-05-05 01:00:00,286.8823958333333
2020-05-05 02:00:00,876.3563888888889
2020-05-05 03:00:00,1817.705
2020-05-05 04:00:00,1527.9927777777777
2020-05-05 05:00:00,887.2016666666667
2020-05-05 06:00:00,727.3825
2020-05-05 07:00:00,231.14899305555556
2020-05-05 08:00:00,209.96354166666666
2020-05-05 09:00:00,285.2655555555556
2020-05-05 10:00:00,343.5159027777778
2020-05-05 11:00:00,338.813125
2020-05-05 12:00:00,328.43625
2020-05-05 13:00:00,503.77503472222224
2020-05-05 14:00:00,668.7590277777778
2020-05-05 15:00:00,939.5350694444444
2020-05-05 16:00:00,663.7244444444444
2020-05-05 17:00:00,199.2838888888889
2020-05-05 18:00:00,188.50970486111112
2020-05-05 19:00:00,195.34833333333333
2020-05-05 20:00:00,388.88152777777776
2020-05-05 21:00:00,313.2709722222222
2020-05-05 22:00:00,313.97052083333335
2020-05-05 23:00:00,322.46243055555556
2020-05-06 00:00:00,306.03534722222224
2020-05-06 01:00:00,312.10784722222223
2020-05-06 02:00:00,1273.5869444444445
2020-05-06 03:00:00,3800.5841666666665
2020-05-06 04:00:00,2539.7369444444444
2020-05-06 05:00:00,953.0227777777778
2020-05-06 06:00:00,2993.085
2020-05-06 07:00:00,348.42270833333333
2020-05-06 08:00:00,264.20170138888886
2020-05-06 09:00:00,372.14475694444445
2020-05-06 10:00:00,194.48246527777778
2020-05-06 11:00:00,175.69041666666666
2020-05-06 12:00:00,312.9395138888889
2020-05-06 13:00:00,500.31086805555555
2020-05-06 14:00:00,624.0441666666667
2020-05-06 15:00:00,988.733125
2020-05-06 16:00:00,605.2888888888889
2020-05-06 17:00:00,228.47727430555557
2020-05-06 18:00:00,243.73793402777778
2020-05-06 19:00:00,203.20737847222222
2020-05-06 20:00:00,306.95472222222224
2020-05-06 21:00:00,328.7371527777778
2020-05-06 22:00:00,325.2374652777778
2020-05-06 23:00:00,314.4870138888889
2020-05-07 00:00:00,318.2655208333333
2020-05-07 01:00:00,321.3045833333333
2020-05-07 02:00:00,845.2861805555556
2020-05-07 03:00:00,1942.7554166666666
2020-05-07 04:00:00,2053.903888888889
2020-05-07 05:00:00,1467.1038888888888
2020-05-07 06:00:00,1017.9077777777778
2020-05-07 07:00:00,424.16041666666666
2020-05-07 08:00:00,383.1726736111111
2020-05-07 09:00:00,365.13670138888887
2020-05-07 10:00:00,293.82708333333335
2020-05-07 11:00:00,192.223125
2020-05-07 12:00:00,209.1276388888889
2020-05-07 13:00:00,380.19993055555557
2020-05-07 14:00:00,510.1984027777778
2020-05-07 15:00:00,689.3915277777778
2020-05-07 16:00:00,542.2135416666666
2020-05-07 17:00:00,177.04375
2020-05-07 18:00:00,183.89385416666667
2020-05-07 19:00:00,203.34086805555555
2020-05-07 20:00:00,303.9766319444444
2020-05-07 21:00:00,272.2453298611111
2020-05-07 22:00:00,303.60048611111114
2020-05-07 23:00:00,288.94967881944444
2020-05-08 00:00:00,292.5755555555556
2020-05-08 01:00:00,290.8546875
2020-05-08 02:00:00,839.5224305555555
2020-05-08 03:00:00,1886.3422222222223
2020-05-08 04:00:00,2208.3155555555554
2020-05-08 05:00:00,1639.2369444444444
2020-05-08 06:00:00,2060.1422222222222
2020-05-08 07:00:00,683.8466666666667
2020-05-08 08:00:00,307.8462152777778
2020-05-08 09:00:00,290.94512152777776
2020-05-08 10:00:00,211.67588541666666
2020-05-08 11:00:00,200.2500347222222
2020-05-08 12:00:00,246.11637152777777
2020-05-08 13:00:00,539.6411111111111
2020-05-08 14:00:00,2451.608333333333
2020-05-08 15:00:00,4820.05
2020-05-08 16:00:00,3777.9744444444445
2020-05-08 17:00:00,304.9163888888889
2020-05-08 18:00:00,319.1620833333333
2020-05-08 19:00:00,196.02475694444445
2020-05-08 20:00:00,362.3072916666667
2020-05-08 21:00:00,371.07170138888887
2020-05-08 22:00:00,359.77711805555555
2020-05-08 23:00:00,313.4810763888889
2020-05-09 00:00:00,307.7448263888889
2020-05-09 01:00:00,329.31836805555554
2020-05-09 02:00:00,959.9872916666667
2020-05-09 03:00:00,1857.9525
2020-05-09 04:00:00,1468.7029166666666
2020-05-09 05:00:00,993.7988888888889
2020-05-09 06:00:00,940.5878472222222
2020-05-09 07:00:00,914.6983333333334
2020-05-09 08:00:00,3890.541111111111
2020-05-09 09:00:00,4497.312777777778
2020-05-09 10:00:00,4408.6194444444445
2020-05-09 11:00:00,4198.0975
2020-05-09 12:00:00,3870.8144444444442
2020-05-09 13:00:00,4224.381666666667
2020-05-09 14:00:00,4787.904444444444
2020-05-09 15:00:00,4857.706666666667
2020-05-09 16:00:00,4631.541111111111
2020-05-09 17:00:00,4054.9377777777777
2020-05-09 18:00:00,765.6888888888889
2020-05-09 19:00:00,200.54791666666668
2020-05-09 20:00:00,309.0342361111111
2020-05-09 21:00:00,371.6097569444444
2020-05-09 22:00:00,372.79545138888886
2020-05-09 23:00:00,327.6285763888889
2020-05-10 00:00:00,317.31368055555555
2020-05-10 01:00:00,332.0463888888889
2020-05-10 02:00:00,905.47125
2020-05-10 03:00:00,1954.7029166666666
2020-05-10 04:00:00,1912.9047222222223
2020-05-10 05:00:00,2482.2366666666667
2020-05-10 06:00:00,2705.6944444444443
2020-05-10 07:00:00,4638.809444444444
2020-05-10 08:00:00,4540.016111111111
2020-05-10 09:00:00,4482.9366666666665
2020-05-10 10:00:00,4001.427222222222
2020-05-10 11:00:00,3953.983888888889
2020-05-10 12:00:00,3821.6
2020-05-10 13:00:00,4161.224444444444
2020-05-10 14:00:00,4680.125555555555
2020-05-10 15:00:00,4819.904444444444
2020-05-10 16:00:00,4950.708888888889
2020-05-10 17:00:00,4497.406666666667
2020-05-10 18:00:00,4463.690555555556
2020-05-10 19:00:00,4431.638888888889
2020-05-10 20:00:00,4162.789722222222
2020-05-10 21:00:00,330.895625
2020-05-10 22:00:00,302.1620833333333
2020-05-10 23:00:00,305.7926736111111
2020-05-11 00:00:00,324.1506597222222
2020-05-11 01:00:00,309.95125
2020-05-11 02:00:00,877.4019444444444
2020-05-11 03:00:00,1973.6733333333334
2020-05-11 04:00:00,2219.544027777778
2020-05-11 05:00:00,848.3240277777778
2020-05-11 06:00:00,662.9002777777778
2020-05-11 07:00:00,427.06361111111113
2020-05-11 08:00:00,515.3352777777778
2020-05-11 09:00:00,365.3596527777778
2020-05-11 10:00:00,265.85491319444446
2020-05-11 11:00:00,221.31652777777776
2020-05-11 12:00:00,221.21446180555554
2020-05-11 13:00:00,379.30399305555557
2020-05-11 14:00:00,820.9495833333333
2020-05-11 15:00:00,1008.6624305555556
2020-05-11 16:00:00,1799.6675
2020-05-11 17:00:00,1449.2727777777777
2020-05-11 18:00:00,529.3818055555555
2020-05-11 19:00:00,302.78534722222224
2020-05-11 20:00:00,410.6852777777778
2020-05-11 21:00:00,301.42583333333334
2020-05-11 22:00:00,343.04333333333335
2020-05-11 23:00:00,327.40239583333334
2020-05-12 00:00:00,318.51715277777777
2020-05-12 01:00:00,336.2445833333333
2020-05-12 02:00:00,923.6457638888888
2020-05-12 03:00:00,1881.9022222222222
2020-05-12 04:00:00,2204.359861111111
2020-05-12 05:00:00,1066.8677083333334
2020-05-12 06:00:00,950.9363888888889
2020-05-12 07:00:00,415.96899305555553
2020-05-12 08:00:00,490.32239583333336
2020-05-12 09:00:00,357.9061805555556
2020-05-12 10:00:00,221.3640625
2020-05-12 11:00:00,342.3282291666667
2020-05-12 12:00:00,462.8208333333333
2020-05-12 13:00:00,695.875
2020-05-12 14:00:00,885.4184027777778
2020-05-12 15:00:00,776.2126388888889
2020-05-12 16:00:00,693.9159027777778
2020-05-12 17:00:00,180.7995659722222
2020-05-12 18:00:00,204.24149305555557
2020-05-12 19:00:00,202.86121527777777
2020-05-12 20:00:00,199.4414236111111
2020-05-12 21:00:00,255.59027777777777
2020-05-12 22:00:00,287.97569444444446
2020-05-12 23:00:00,309.18350694444445
2020-05-13 00:00:00,308.4585069444444
2020-05-13 01:00:00,300.7345486111111
2020-05-13 02:00:00,973.6750694444445
2020-05-13 03:00:00,1920.3272222222222
2020-05-13 04:00:00,1864.5058333333334
2020-05-13 05:00:00,1253.693888888889
2020-05-13 06:00:00,2282.383611111111
2020-05-13 07:00:00,1229.54125
2020-05-13 08:00:00,394.82180555555556
2020-05-13 09:00:00,303.39625
2020-05-13 10:00:00,263.89453125
2020-05-13 11:00:00,219.97633680555555
2020-05-13 12:00:00,202.45942708333334
2020-05-13 13:00:00,363.22052083333335
2020-05-13 14:00:00,1137.5892361111112
2020-05-13 15:00:00,633.5581944444444
2020-05-13 16:00:00,608.4736111111112
2020-05-13 17:00:00,204.79539930555555
2020-05-13 18:00:00,189.22791666666666
2020-05-13 19:00:00,204.97604166666667
2020-05-13 20:00:00,332.5015625
2020-05-13 21:00:00,305.25340277777775
2020-05-13 22:00:00,298.4270833333333
2020-05-13 23:00:00,317.3229513888889
2020-05-14 00:00:00,315.2480208333333
2020-05-14 01:00:00,300.49604166666666
2020-05-14 02:00:00,830.0045833333334
2020-05-14 03:00:00,1887.6868055555556
2020-05-14 04:00:00,1568.0805555555555
2020-05-14 05:00:00,825.0313888888888
2020-05-14 06:00:00,894.3316666666667
2020-05-14 07:00:00,413.4042013888889
2020-05-14 08:00:00,421.72864583333336
2020-05-14 09:00:00,413.63625
2020-05-14 10:00:00,335.6034027777778
2020-05-14 11:00:00,357.7236458333333
2020-05-14 12:00:00,352.0588888888889
2020-05-14 13:00:00,628.0368055555556
2020-05-14 14:00:00,879.7239583333334
2020-05-14 15:00:00,898.8438888888888
2020-05-14 16:00:00,488.7813888888889
2020-05-14 17:00:00,286.13902777777776
2020-05-14 18:00:00,199.23381944444444
2020-05-14 19:00:00,198.88835069444445
2020-05-14 20:00:00,287.8353125
2020-05-14 21:00:00,289.64286458333333
2020-05-14 22:00:00,317.11302083333334
2020-05-14 23:00:00,315.3412152777778
2020-05-15 00:00:00,307.9685416666667
2020-05-15 01:00:00,311.43052083333333
2020-05-15 02:00:00,838.2569444444445
2020-05-15 03:00:00,1540.9877777777779
2020-05-15 04:00:00,1638.8275
2020-05-15 05:00:00,871.1070833333333
2020-05-15 06:00:00,521.7655902777777
2020-05-15 07:00:00,254.1628298611111
2020-05-15 08:00:00,226.01609375
2020-05-15 09:00:00,195.48164930555555
2020-05-15 10:00:00,193.23977430555556
2020-05-15 11:00:00,201.72472222222223
2020-05-15 12:00:00,180.5638888888889
2020-05-15 13:00:00,422.44989583333336
2020-05-15 14:00:00,1058.3740277777779
2020-05-15 15:00:00,763.1175694444445
2020-05-15 16:00:00,1262.401388888889
2020-05-15 17:00:00,1990.0597222222223
2020-05-15 18:00:00,498.8226388888889
2020-05-15 19:00:00,236.16770833333334
2020-05-15 20:00:00,473.1388888888889
2020-05-15 21:00:00,402.06333333333333
2020-05-15 22:00:00,325.1352083333333
2020-05-15 23:00:00,309.91246527777776
2020-05-16 00:00:00,314.31
2020-05-16 01:00:00,320.9475347222222
2020-05-16 02:00:00,914.9477083333334
2020-05-16 03:00:00,1968.4625
2020-05-16 04:00:00,2186.927222222222
2020-05-16 05:00:00,711.6075
2020-05-16 06:00:00,751.80875
2020-05-16 07:00:00,197.91774305555555
2020-05-16 08:00:00,198.79836805555556
2020-05-16 09:00:00,218.0662152777778
2020-05-16 10:00:00,185.24135416666667
2020-05-16 11:00:00,190.57239583333333
2020-05-16 12:00:00,182.7878125
2020-05-16 13:00:00,391.773125
2020-05-16 14:00:00,560.8349305555555
2020-05-16 15:00:00,909.2334722222222
2020-05-16 16:00:00,436.96215277777776
2020-05-16 17:00:00,401.57430555555555
2020-05-16 18:00:00,415.90777777777777
2020-05-16 19:00:00,405.94135416666666
2020-05-16 20:00:00,399.2682638888889
2020-05-16 21:00:00,345.6163888888889
2020-05-16 22:00:00,308.27416666666664
2020-05-16 23:00:00,315.31635416666666
2020-05-17 00:00:00,326.22197916666664
2020-05-17 01:00:00,326.63125
2020-05-17 02:00:00,784.3940277777778
2020-05-17 03:00:00,1876.3343055555556
2020-05-17 04:00:00,2192.069722222222
2020-05-17 05:00:00,1363.5972222222222
2020-05-17 06:00:00,976.6166666666667
2020-05-17 07:00:00,295.9017361111111
2020-05-17 08:00:00,202.05104166666666
2020-05-17 09:00:00,198.5775
2020-05-17 10:00:00,209.31664930555556
2020-05-17 11:00:00,187.98578125
2020-05-17 12:00:00,177.23989583333332
2020-05-17 13:00:00,399.99302083333333
2020-05-17 14:00:00,1130.7276388888888
2020-05-17 15:00:00,874.7345833333334
2020-05-17 16:00:00,688.7615972222222
2020-05-17 17:00:00,218.20739583333332
2020-05-17 18:00:00,181.61135416666667
2020-05-17 19:00:00,202.65454861111112
2020-05-17 20:00:00,219.6940972222222
2020-05-17 21:00:00,280.7140798611111
2020-05-17 22:00:00,296.01868055555553
2020-05-17 23:00:00,312.18114583333335
2020-05-18 00:00:00,301.70180555555555
2020-05-18 01:00:00,311.0855555555556
2020-05-18 02:00:00,1346.557638888889
2020-05-18 03:00:00,3200.8655555555556
2020-05-18 04:00:00,2497.8855555555556
2020-05-18 05:00:00,1419.048611111111
2020-05-18 06:00:00,950.271875
2020-05-18 07:00:00,253.23413194444444
2020-05-18 08:00:00,337.66430555555553
2020-05-18 09:00:00,307.75902777777776
2020-05-18 10:00:00,193.54875
2020-05-18 11:00:00,193.2136284722222
2020-05-18 12:00:00,191.2394965277778
2020-05-18 13:00:00,362.15972222222223
2020-05-18 14:00:00,640.8700694444444
2020-05-18 15:00:00,897.1052777777778
2020-05-18 16:00:00,742.7435416666667
2020-05-18 17:00:00,543.9231944444444
2020-05-18 18:00:00,544.6
2020-05-18 19:00:00,557.0904166666667
2020-05-18 20:00:00,518.7348958333333
2020-05-18 21:00:00,338.6671527777778
2020-05-18 22:00:00,295.07659722222223
2020-05-18 23:00:00,308.3117361111111
2020-05-19 00:00:00,320.4004166666667
2020-05-19 01:00:00,313.4848611111111
2020-05-19 02:00:00,850.4648611111111
2020-05-19 03:00:00,1910.7690277777779
2020-05-19 04:00:00,2134.506388888889
2020-05-19 05:00:00,1529.3930555555555
2020-05-19 06:00:00,670.3711805555556
2020-05-19 07:00:00,321.7159722222222
2020-05-19 08:00:00,228.2865972222222
2020-05-19 09:00:00,208.37291666666667
2020-05-19 10:00:00,491.4709027777778
2020-05-19 11:00:00,544.6221527777777
2020-05-19 12:00:00,524.0732638888888
2020-05-19 13:00:00,641.6725868055555
2020-05-19 14:00:00,604.7047222222222
2020-05-19 15:00:00,1017.1984722222222
2020-05-19 16:00:00,1369.3147222222221
2020-05-19 17:00:00,1782.0088888888888
2020-05-19 18:00:00,478.4679861111111
2020-05-19 19:00:00,207.48682291666665
2020-05-19 20:00:00,258.6546875
2020-05-19 21:00:00,350.42774305555554
2020-05-19 22:00:00,325.2870486111111
2020-05-19 23:00:00,311.4170138888889
2020-05-20 00:00:00,292.1115277777778
2020-05-20 01:00:00,298.7865972222222
2020-05-20 02:00:00,889.7327777777778
2020-05-20 03:00:00,1838.2697222222223
2020-05-20 04:00:00,2167.740138888889
2020-05-20 05:00:00,1681.9043055555555
2020-05-20 06:00:00,578.4475
2020-05-20 07:00:00,402.4269444444444
2020-05-20 08:00:00,213.11979166666666
2020-05-20 09:00:00,256.5598958333333
2020-05-20 10:00:00,215.62756944444445
2020-05-20 11:00:00,158.665625
2020-05-20 12:00:00,209.65538194444446
2020-05-20 13:00:00,447.33805555555557
2020-05-20 14:00:00,522.2183680555555
2020-05-20 15:00:00,1059.6539583333333
2020-05-20 16:00:00,749.4235416666667
2020-05-20 17:00:00,226.2459027777778
2020-05-20 18:00:00,234.03592013888888
2020-05-20 19:00:00,185.4346875
2020-05-20 20:00:00,461.14489583333335
2020-05-20 21:00:00,348.4501388888889
2020-05-20 22:00:00,337.6822222222222
2020-05-20 23:00:00,350.74631944444445
2020-05-21 00:00:00,335.70506944444446
2020-05-21 01:00:00,340.8612152777778
2020-05-21 02:00:00,988.4747222222222
2020-05-21 03:00:00,1654.8836111111111
2020-05-21 04:00:00,1536.7658333333334
2020-05-21 05:00:00,694.3924305555555
2020-05-21 06:00:00,453.1073611111111
2020-05-21 07:00:00,207.70703125
2020-05-21 08:00:00,203.9089236111111
2020-05-21 09:00:00,4226.586944444444
2020-05-21 10:00:00,4293.382777777778
2020-05-21 11:00:00,4116.805
2020-05-21 12:00:00,3768.0108333333333
2020-05-21 13:00:00,4149.586944444444
2020-05-21 14:00:00,4645.995277777778
2020-05-21 15:00:00,4785.622222222222
2020-05-21 16:00:00,4667.55
2020-05-21 17:00:00,3842.0694444444443
2020-05-21 18:00:00,3695.113888888889
2020-05-21 19:00:00,3674.756388888889
2020-05-21 20:00:00,3706.6916666666666
2020-05-21 21:00:00,475.0201388888889
2020-05-21 22:00:00,247.25024305555556
2020-05-21 23:00:00,316.8254166666667
2020-05-22 00:00:00,307.08725694444445
2020-05-22 01:00:00,319.33416666666665
2020-05-22 02:00:00,1614.3177777777778
2020-05-22 03:00:00,2056.0619444444446
2020-05-22 04:00:00,2313.349583333333
2020-05-22 05:00:00,1958.2073611111111
2020-05-22 06:00:00,1111.4675
2020-05-22 07:00:00,2786.1991666666668
2020-05-22 08:00:00,4366.933333333333
2020-05-22 09:00:00,3962.4066666666668
2020-05-22 10:00:00,3660.6655555555553
2020-05-22 11:00:00,3635.8352777777777
2020-05-22 12:00:00,3778.8430555555556
2020-05-22 13:00:00,3995.2419444444445
2020-05-22 14:00:00,4890.107777777778
2020-05-22 15:00:00,3420.49
2020-05-22 16:00:00,1569.481388888889
2020-05-22 17:00:00,1816.317638888889
2020-05-22 18:00:00,464.4969791666667
2020-05-22 19:00:00,280.42196180555555
2020-05-22 20:00:00,396.6435763888889
2020-05-22 21:00:00,296.0000694444444
2020-05-22 22:00:00,317.0679861111111
2020-05-22 23:00:00,304.3596527777778
2020-05-23 00:00:00,321.8832291666667
2020-05-23 01:00:00,308.2159375
2020-05-23 02:00:00,570.5745833333333
2020-05-23 03:00:00,1496.9161111111111
2020-05-23 04:00:00,1782.2581944444444
2020-05-23 05:00:00,1279.7270833333334
2020-05-23 06:00:00,677.7775
2020-05-23 07:00:00,240.2259375
2020-05-23 08:00:00,190.869375
2020-05-23 09:00:00,204.51739583333332
2020-05-23 10:00:00,199.72980902777778
2020-05-23 11:00:00,199.65739583333334
2020-05-23 12:00:00,199.5873263888889
2020-05-23 13:00:00,566.0713888888889
2020-05-23 14:00:00,1082.5734027777778
2020-05-23 15:00:00,847.2422916666667
2020-05-23 16:00:00,291.5023611111111
2020-05-23 17:00:00,207.24868055555555
2020-05-23 18:00:00,180.1301909722222
2020-05-23 19:00:00,199.54678819444445
2020-05-23 20:00:00,285.2501736111111
2020-05-23 21:00:00,304.20961805555555
2020-05-23 22:00:00,317.9815972222222
2020-05-23 23:00:00,317.49600694444445
2020-05-24 00:00:00,336.8173958333333
2020-05-24 01:00:00,44.73671006944444
2020-05-24 02:00:00,578.521875
2020-05-24 03:00:00,1502.066111111111
2020-05-24 04:00:00,2088.3644444444444
2020-05-24 05:00:00,1466.0213888888889
2020-05-24 06:00:00,363.38413194444445
2020-05-24 07:00:00,316.44319444444443
2020-05-24 08:00:00,318.8409722222222
2020-05-24 09:00:00,341.446875
2020-05-24 10:00:00,338.4690972222222
2020-05-24 11:00:00,329.6060763888889
2020-05-24 12:00:00,342.1222222222222
2020-05-24 13:00:00,611.8906944444444
2020-05-24 14:00:00,937.16625
2020-05-24 15:00:00,947.661875
2020-05-24 16:00:00,535.7533333333333
2020-05-24 17:00:00,209.97315972222222
2020-05-24 18:00:00,191.23524305555554
2020-05-24 19:00:00,193.16255208333334
2020-05-24 20:00:00,476.1959722222222
2020-05-24 21:00:00,386.3801388888889
2020-05-24 22:00:00,308.2183333333333
2020-05-24 23:00:00,318.6040277777778
2020-05-25 00:00:00,307.55649305555556
2020-05-25 01:00:00,312.2446527777778
2020-05-25 02:00:00,751.4289583333333
2020-05-25 03:00:00,1733.4381944444444
2020-05-25 04:00:00,2267.5377777777776
2020-05-25 05:00:00,1453.0304166666667
2020-05-25 06:00:00,1778.7994444444444
2020-05-25 07:00:00,1440.9881944444444
2020-05-25 08:00:00,513.2575173611111
2020-05-25 09:00:00,231.22453125
2020-05-25 10:00:00,198.21430555555557
2020-05-25 11:00:00,213.03829861111112
2020-05-25 12:00:00,220.55366319444445
2020-05-25 13:00:00,482.90819444444446
2020-05-25 14:00:00,879.1379861111111
2020-05-25 15:00:00,1045.9852777777778
2020-05-25 16:00:00,495.4952777777778
2020-05-25 17:00:00,225.68836805555554
2020-05-25 18:00:00,174.401875
2020-05-25 19:00:00,187.36729166666666
2020-05-25 20:00:00,335.77569444444447
2020-05-25 21:00:00,295.91333333333336
2020-05-25 22:00:00,292.1952083333333
2020-05-25 23:00:00,316.1332638888889
2020-05-26 00:00:00,309.03833333333336
2020-05-26 01:00:00,305.7864930555556
2020-05-26 02:00:00,756.9988194444444
2020-05-26 03:00:00,1652.8597222222222
2020-05-26 04:00:00,1777.6981944444444
2020-05-26 05:00:00,1488.0356944444445
2020-05-26 06:00:00,447.79743055555554
2020-05-26 07:00:00,906.4651388888889
2020-05-26 08:00:00,192.69989583333333
2020-05-26 09:00:00,183.57368055555557
2020-05-26 10:00:00,184.0582638888889
2020-05-26 11:00:00,197.50586805555557
2020-05-26 12:00:00,202.57880208333333
2020-05-26 13:00:00,584.3188888888889
2020-05-26 14:00:00,840.3534722222222
2020-05-26 15:00:00,999.6354861111112
2020-05-26 16:00:00,766.2202777777778
2020-05-26 17:00:00,211.53559027777777
2020-05-26 18:00:00,208.04270833333334
2020-05-26 19:00:00,196.4920138888889
2020-05-26 20:00:00,341.8593055555556
2020-05-26 21:00:00,306.22277777777776
2020-05-26 22:00:00,315.58975694444445
2020-05-26 23:00:00,295.70913194444444
2020-05-27 00:00:00,296.5675694444444
2020-05-27 01:00:00,319.0648611111111
2020-05-27 02:00:00,627.9279861111111
2020-05-27 03:00:00,1459.0702777777778
2020-05-27 04:00:00,1914.8572222222222
2020-05-27 05:00:00,1564.9676388888888
2020-05-27 06:00:00,550.0273611111111
2020-05-27 07:00:00,1200.1416666666667
2020-05-27 08:00:00,5037.105555555556
2020-05-27 09:00:00,4565.850833333333
2020-05-27 10:00:00,4477.921111111111
2020-05-27 11:00:00,4088.465833333333
2020-05-27 12:00:00,3636.976111111111
2020-05-27 13:00:00,4906.002222222222
2020-05-27 14:00:00,6000.01
2020-05-27 15:00:00,4950.945555555556
2020-05-27 16:00:00,4881.011111111111
2020-05-27 17:00:00,3393.2005555555556
2020-05-27 18:00:00,187.28772569444445
2020-05-27 19:00:00,207.7607986111111
2020-05-27 20:00:00,258.0759722222222
2020-05-27 21:00:00,363.27190972222223
2020-05-27 22:00:00,300.78038194444446
2020-05-27 23:00:00,280.1930208333333
2020-05-28 00:00:00,296.8598263888889
2020-05-28 01:00:00,299.0601736111111
2020-05-28 02:00:00,680.106875
2020-05-28 03:00:00,1060.1109722222222
2020-05-28 04:00:00,1102.8502083333333
2020-05-28 05:00:00,852.5518055555556
2020-05-28 06:00:00,687.6593055555555
2020-05-28 07:00:00,219.63559027777777
2020-05-28 08:00:00,207.77265625
2020-05-28 09:00:00,222.69493055555554
2020-05-28 10:00:00,236.31538194444445
2020-05-28 11:00:00,220.55131944444443
2020-05-28 12:00:00,589.9455555555555
2020-05-28 13:00:00,1502.5575
2020-05-28 14:00:00,1374.3006944444444
2020-05-28 15:00:00,1300.5544444444445
2020-05-28 16:00:00,559.2249652777778
2020-05-28 17:00:00,238.33503472222222
2020-05-28 18:00:00,223.80211805555555
2020-05-28 19:00:00,206.960625
2020-05-28 20:00:00,417.7556597222222
2020-05-28 21:00:00,375.09024305555556
2020-05-28 22:00:00,324.74
2020-05-28 23:00:00,314.99895833333335
2020-05-29 00:00:00,309.0077777777778
2020-05-29 01:00:00,326.7157638888889
2020-05-29 02:00:00,660.0920833333333
2020-05-29 03:00:00,2798.8772222222224
2020-05-29 04:00:00,2076.3516666666665
2020-05-29 05:00:00,1143.2230555555554
2020-05-29 06:00:00,800.3090277777778
2020-05-29 07:00:00,3082.5719444444444
2020-05-29 08:00:00,4471.770833333333
2020-05-29 09:00:00,4440.31
2020-05-29 10:00:00,4383.578055555556
2020-05-29 11:00:00,4306.132777777778
2020-05-29 12:00:00,3728.8094444444446
2020-05-29 13:00:00,4245.701666666667
2020-05-29 14:00:00,4867.528333333334
2020-05-29 15:00:00,4866.35
2020-05-29 16:00:00,5849.9094444444445
2020-05-29 17:00:00,4229.118888888889
2020-05-29 18:00:00,1443.3893055555557
2020-05-29 19:00:00,167.83427083333333
2020-05-29 20:00:00,435.64201388888887
2020-05-29 21:00:00,374.94413194444445
2020-05-29 22:00:00,347.12388888888887
2020-05-29 23:00:00,314.3700347222222
2020-05-30 00:00:00,311.49305555555554
2020-05-30 01:00:00,327.0728472222222
2020-05-30 02:00:00,655.7986805555555
2020-05-30 03:00:00,1474.55625
2020-05-30 04:00:00,1663.6622222222222
2020-05-30 05:00:00,757.0793055555556
2020-05-30 06:00:00,534.8422222222222
2020-05-30 07:00:00,226.3319965277778
2020-05-30 08:00:00,4341.638888888889
2020-05-30 09:00:00,4450.840277777777
2020-05-30 10:00:00,3828.188611111111
2020-05-30 11:00:00,3760.782222222222
2020-05-30 12:00:00,3825.1633333333334
2020-05-30 13:00:00,4211.880277777777
2020-05-30 14:00:00,4764.942777777777
2020-05-30 15:00:00,5061.131111111111
2020-05-30 16:00:00,4598.429444444444
2020-05-30 17:00:00,4367.828055555556
2020-05-30 18:00:00,4214.075555555555
2020-05-30 19:00:00,4237.655555555555
2020-05-30 20:00:00,4245.243888888889
2020-05-30 21:00:00,3832.9827777777778
2020-05-30 22:00:00,3733.1216666666664
2020-05-30 23:00:00,3701.8772222222224
2020-05-31 00:00:00,3676.76
2020-05-31 01:00:00,3688.391111111111
2020-05-31 02:00:00,2959.924722222222
2020-05-31 03:00:00,1532.59857421875
2020-05-31 04:00:00,1966.1602777777778
2020-05-31 05:00:00,1559.9370833333332
2020-05-31 06:00:00,4090.472777777778
2020-05-31 07:00:00,2747.7480555555558
2020-05-31 08:00:00,211.69828125
2020-05-31 09:00:00,192.21088541666666
2020-05-31 10:00:00,216.72708333333333
2020-05-31 11:00:00,186.84125
2020-05-31 12:00:00,177.86493055555556
2020-05-31 13:00:00,512.6649305555555
2020-05-31 14:00:00,947.9251388888889
2020-05-31 15:00:00,729.2388888888889
2020-05-31 16:00:00,732.7743055555555
2020-05-31 17:00:00,245.07059027777777
2020-05-31 18:00:00,201.89126736111112
2020-05-31 19:00:00,184.17909722222223
2020-05-31 20:00:00,354.28961805555554
2020-05-31 21:00:00,342.97375
2020-05-31 22:00:00,372.3434722222222
2020-05-31 23:00:00,307.77538194444446
2020-06-01 00:00:00,336.1920138888889
2020-06-01 01:00:00,321.94305555555553
2020-06-01 02:00:00,938.0566666666666
2020-06-01 03:00:00,1785.1744444444444
2020-06-01 04:00:00,2389.4255555555555
2020-06-01 05:00:00,713.2892361111111
2020-06-01 06:00:00,3070.3616666666667
2020-06-01 07:00:00,4551.713333333333
2020-06-01 08:00:00,4367.3983333333335
2020-06-01 09:00:00,4362.947777777777
2020-06-01 10:00:00,4047.3077777777776
2020-06-01 11:00:00,3833.5816666666665
2020-06-01 12:00:00,3883.0594444444446
2020-06-01 13:00:00,4722.7572222222225
2020-06-01 14:00:00,5145.015555555556
2020-06-01 15:00:00,4672.024444444444
2020-06-01 16:00:00,5544.483333333334
2020-06-01 17:00:00,5849.4077777777775
2020-06-01 18:00:00,4453.271111111111
2020-06-01 19:00:00,4276.1738888888885
2020-06-01 20:00:00,3391.3658333333333
2020-06-01 21:00:00,354.80006944444443
2020-06-01 22:00:00,293.6103125
2020-06-01 23:00:00,256.6854861111111
2020-06-02 00:00:00,272.40944444444443
2020-06-02 01:00:00,253.07682291666666
2020-06-02 02:00:00,878.8952083333334
2020-06-02 03:00:00,1104.83625
2020-06-02 04:00:00,1442.6763888888888
2020-06-02 05:00:00,3057.4172222222223
2020-06-02 06:00:00,4814.171666666667
2020-06-02 07:00:00,4371.046111111111
2020-06-02 08:00:00,4336.147777777778
2020-06-02 09:00:00,4261.561944444445
2020-06-02 10:00:00,4259.832777777778
2020-06-02 11:00:00,4170.236944444445
2020-06-02 12:00:00,3683.8016666666667
2020-06-02 13:00:00,4075.3888888888887
2020-06-02 14:00:00,4588.8388888888885
2020-06-02 15:00:00,4676.318888888889
2020-06-02 16:00:00,4766.546666666667
2020-06-02 17:00:00,4133.832222222222
2020-06-02 18:00:00,3657.576666666667
2020-06-02 19:00:00,3592.25
2020-06-02 20:00:00,1187.1029166666667
2020-06-02 21:00:00,366.3332291666667
2020-06-02 22:00:00,351.78100694444447
2020-06-02 23:00:00,353.07993055555556
2020-06-03 00:00:00,378.87
2020-06-03 01:00:00,346.57993055555556
2020-06-03 02:00:00,895.3165277777778
2020-06-03 03:00:00,1913.5222222222221
2020-06-03 04:00:00,2169.744166666667
2020-06-03 05:00:00,660.5843055555556
2020-06-03 06:00:00,3697.4211111111113
2020-06-03 07:00:00,5155.8788888888885
2020-06-03 08:00:00,4481.364444444444
2020-06-03 09:00:00,4422.233611111111
2020-06-03 10:00:00,3971.6094444444443
2020-06-03 11:00:00,3793.5247222222224
2020-06-03 12:00:00,3707.856111111111
2020-06-03 13:00:00,2626.474166666667
2020-06-03 14:00:00,1760.7488888888888
2020-06-03 15:00:00,1375.1216666666667
2020-06-03 16:00:00,544.2752083333334
2020-06-03 17:00:00,234.62493055555555
2020-06-03 18:00:00,206.55838541666665
2020-06-03 19:00:00,201.4532638888889
2020-06-03 20:00:00,194.95635416666667
2020-06-03 21:00:00,260.2517361111111
2020-06-03 22:00:00,259.8466666666667
2020-06-03 23:00:00,260.48078125
2020-06-04 00:00:00,266.34359375
2020-06-04 01:00:00,248.05352430555556
2020-06-04 02:00:00,893.5636111111111
2020-06-04 03:00:00,1838.4444444444443
2020-06-04 04:00:00,2138.621111111111
2020-06-04 05:00:00,686.1407638888888
2020-06-04 06:00:00,500.5802777777778
2020-06-04 07:00:00,247.44864583333333
2020-06-04 08:00:00,231.42350694444445
2020-06-04 09:00:00,304.489375
2020-06-04 10:00:00,245.79927083333334
2020-06-04 11:00:00,201.27548611111112
2020-06-04 12:00:00,207.4934027777778
2020-06-04 13:00:00,872.8119444444444
2020-06-04 14:00:00,1226.023888888889
2020-06-04 15:00:00,1429.4444444444443
2020-06-04 16:00:00,2241.4836111111113
2020-06-04 17:00:00,833.9055555555556
2020-06-04 18:00:00,381.69756944444447
2020-06-04 19:00:00,210.28203125
2020-06-04 20:00:00,206.90359375
2020-06-04 21:00:00,308.39899305555554
2020-06-04 22:00:00,310.82625
2020-06-04 23:00:00,309.99100694444445
2020-06-05 00:00:00,329.44993055555557
2020-06-05 01:00:00,327.3696527777778
2020-06-05 02:00:00,888.6565972222222
2020-06-05 03:00:00,1883.0205555555556
2020-06-05 04:00:00,2633.0844444444447
2020-06-05 05:00:00,1456.6352777777777
2020-06-05 06:00:00,594.6279861111111
2020-06-05 07:00:00,367.28472222222223
2020-06-05 08:00:00,321.2057291666667
2020-06-05 09:00:00,4197.594722222222
2020-06-05 10:00:00,3899.7972222222224
2020-06-05 11:00:00,3744.1002777777776
2020-06-05 12:00:00,4001.9644444444443
2020-06-05 13:00:00,4144.080555555555
2020-06-05 14:00:00,4472.191944444445
2020-06-05 15:00:00,1415.3361111111112
2020-06-05 16:00:00,839.4103472222222
2020-06-05 17:00:00,926.0744444444445
2020-06-05 18:00:00,799.7734722222223
2020-06-05 19:00:00,557.5353125
2020-06-05 20:00:00,200.27100694444445
2020-06-05 21:00:00,115.03796495225694
2020-06-05 22:00:00,115.22604166666666
2020-06-05 23:00:00,135.72190972222222
2020-06-06 00:00:00,113.44006944444445
2020-06-06 01:00:00,115.53956597222222
2020-06-06 02:00:00,701.258125
2020-06-06 03:00:00,1718.9284722222221
2020-06-06 04:00:00,1532.8040277777777
2020-06-06 05:00:00,927.68
2020-06-06 06:00:00,582.0121180555556
2020-06-06 07:00:00,722.5131944444445
2020-06-06 08:00:00,305.9345138888889
2020-06-06 09:00:00,307.53243055555555
2020-06-06 10:00:00,329.92861111111114
2020-06-06 11:00:00,290.2705555555556
2020-06-06 12:00:00,294.3878819444444
2020-06-06 13:00:00,525.4439236111111
2020-06-06 14:00:00,842.1275694444445
2020-06-06 15:00:00,883.9545138888889
2020-06-06 16:00:00,1971.89
2020-06-06 17:00:00,590.4034027777777
2020-06-06 18:00:00,275.71887152777776
2020-06-06 19:00:00,171.36880208333332
2020-06-06 20:00:00,276.3954166666667
2020-06-06 21:00:00,339.5098263888889
2020-06-06 22:00:00,308.22270833333334
2020-06-06 23:00:00,306.5552777777778
2020-06-07 00:00:00,307.6850694444444
2020-06-07 01:00:00,325.49819444444444
2020-06-07 02:00:00,711.98375
2020-06-07 03:00:00,1517.2827777777777
2020-06-07 04:00:00,1737.7304166666668
2020-06-07 05:00:00,995.7780555555555
2020-06-07 06:00:00,521.9031944444445
2020-06-07 07:00:00,252.5339236111111
2020-06-07 08:00:00,207.33463541666666
2020-06-07 09:00:00,208.07215277777777
2020-06-07 10:00:00,189.06381944444445
2020-06-07 11:00:00,207.16307291666666
2020-06-07 12:00:00,194.72895833333334
2020-06-07 13:00:00,471.98784722222223
2020-06-07 14:00:00,699.1894444444445
2020-06-07 15:00:00,987.4781944444444
2020-06-07 16:00:00,715.9223611111111
2020-06-07 17:00:00,295.9550347222222
2020-06-07 18:00:00,201.07291666666666
2020-06-07 19:00:00,209.75854166666667
2020-06-07 20:00:00,200.8515625
2020-06-07 21:00:00,259.51434027777776
2020-06-07 22:00:00,274.4138888888889
2020-06-07 23:00:00,252.19361111111112
2020-06-08 00:00:00,258.4640277777778
2020-06-08 01:00:00,266.29984375
2020-06-08 02:00:00,652.5215972222222
2020-06-08 03:00:00,1509.431111111111
2020-06-08 04:00:00,1609.6263888888889
2020-06-08 05:00:00,1034.8772916666667
2020-06-08 06:00:00,234.08039930555555
2020-06-08 07:00:00,3926.13
2020-06-08 08:00:00,4268.636111111111
2020-06-08 09:00:00,4249.208611111111
2020-06-08 10:00:00,4255.651666666667
2020-06-08 11:00:00,3751.6480555555554
2020-06-08 12:00:00,3688.1905555555554
2020-06-08 13:00:00,3891.7494444444446
2020-06-08 14:00:00,4429.047777777778
2020-06-08 15:00:00,5110.3694444444445
2020-06-08 16:00:00,4825.854444444444
2020-06-08 17:00:00,4060.6725
2020-06-08 18:00:00,431.40715277777775
2020-06-08 19:00:00,323.20506944444446
2020-06-08 20:00:00,393.8515625
2020-06-08 21:00:00,387.94402777777776
2020-06-08 22:00:00,316.604375
2020-06-08 23:00:00,326.21465277777776
2020-06-09 00:00:00,307.05135416666667
2020-06-09 01:00:00,318.30027777777775
2020-06-09 02:00:00,907.9580555555556
2020-06-09 03:00:00,1881.0918055555555
2020-06-09 04:00:00,2989.6194444444445
2020-06-09 05:00:00,2487.536111111111
2020-06-09 06:00:00,1217.2894444444444
2020-06-09 07:00:00,196.24434027777778
2020-06-09 08:00:00,321.11083333333335
2020-06-09 09:00:00,197.38003472222223
2020-06-09 10:00:00,1682.7354166666667
2020-06-09 11:00:00,3965.4875
2020-06-09 12:00:00,3899.5944444444444
2020-06-09 13:00:00,4209.667222222222
2020-06-09 14:00:00,4415.370555555555
2020-06-09 15:00:00,4831.568888888889
2020-06-09 16:00:00,5044.2461111111115
2020-06-09 17:00:00,4419.451388888889
2020-06-09 18:00:00,4376.211111111111
2020-06-09 19:00:00,4303.5697222222225
2020-06-09 20:00:00,2226.3879166666666
2020-06-09 21:00:00,298.3978472222222
2020-06-09 22:00:00,296.65708333333333
2020-06-09 23:00:00,316.6536805555556
2020-06-10 00:00:00,304.8723263888889
2020-06-10 01:00:00,315.35493055555554
2020-06-10 02:00:00,860.6840972222222
2020-06-10 03:00:00,1834.8909722222222
2020-06-10 04:00:00,2028.4372222222223
2020-06-10 05:00:00,1346.5134722222222
2020-06-10 06:00:00,811.7975
2020-06-10 07:00:00,203.03085069444444
2020-06-10 08:00:00,464.3541666666667
2020-06-10 09:00:00,4343.2283333333335
2020-06-10 10:00:00,4329.3180555555555
2020-06-10 11:00:00,4128.275
2020-06-10 12:00:00,3815.7566666666667
2020-06-10 13:00:00,4150.308888888889
2020-06-10 14:00:00,4636.818333333334
2020-06-10 15:00:00,4594.483333333334
2020-06-10 16:00:00,5563.927222222223
2020-06-10 17:00:00,4564.854166666667
2020-06-10 18:00:00,462.22243055555555
2020-06-10 19:00:00,209.57659722222223
2020-06-10 20:00:00,235.66442708333332
2020-06-10 21:00:00,281.2757986111111
2020-06-10 22:00:00,334.03006944444445
2020-06-10 23:00:00,302.5723611111111
2020-06-11 00:00:00,308.8954861111111
2020-06-11 01:00:00,308.90527777777777
2020-06-11 02:00:00,887.9984722222222
2020-06-11 03:00:00,1860.1922222222222
2020-06-11 04:00:00,2297.1872222222223
2020-06-11 05:00:00,1239.0929166666667
2020-06-11 06:00:00,1425.8030555555556
2020-06-11 07:00:00,516.0490972222223
2020-06-11 08:00:00,212.69383680555555
2020-06-11 09:00:00,703.1655555555556
2020-06-11 10:00:00,214.97607638888888
2020-06-11 11:00:00,170.41902777777779
2020-06-11 12:00:00,202.84706597222223
2020-06-11 13:00:00,742.7696527777778
2020-06-11 14:00:00,1752.2269444444444
2020-06-11 15:00:00,840.8803472222222
2020-06-11 16:00:00,836.6378732638889
2020-06-11 17:00:00,557.7054513888888
2020-06-11 18:00:00,561.6886805555556
2020-06-11 19:00:00,754.805
2020-06-11 20:00:00,443.54118055555557
2020-06-11 21:00:00,389.2713888888889
2020-06-11 22:00:00,375.45159722222223
2020-06-11 23:00:00,307.58444444444444
2020-06-12 00:00:00,329.63416666666666
2020-06-12 01:00:00,311.4372916666667
2020-06-12 02:00:00,817.5216666666666
2020-06-12 03:00:00,1807.152638888889
2020-06-12 04:00:00,2049.148888888889
2020-06-12 05:00:00,635.0830555555556
2020-06-12 06:00:00,541.1037152777777
2020-06-12 07:00:00,285.34930555555553
2020-06-12 08:00:00,264.63368055555554
2020-06-12 09:00:00,295.62524305555553
2020-06-12 10:00:00,351.6323611111111
2020-06-12 11:00:00,357.30881944444445
2020-06-12 12:00:00,1337.0775
2020-06-12 13:00:00,4486.645
2020-06-12 14:00:00,4980.736666666667
2020-06-12 15:00:00,4699.080555555555
2020-06-12 16:00:00,5035.111111111111
2020-06-12 17:00:00,4348.680833333333
2020-06-12 18:00:00,4113.650277777778
2020-06-12 19:00:00,3759.5516666666667
2020-06-12 20:00:00,189.58777777777777
2020-06-12 21:00:00,201.55147569444443
2020-06-12 22:00:00,202.15381944444445
2020-06-12 23:00:00,106.22051215277777
2020-06-13 00:00:00,105.94684027777778
2020-06-13 01:00:00,134.47094618055556
2020-06-13 02:00:00,675.8094444444445
2020-06-13 03:00:00,1866.765
2020-06-13 04:00:00,1520.7140277777778
2020-06-13 05:00:00,1084.8900694444444
2020-06-13 06:00:00,4956.467777777778
2020-06-13 07:00:00,4378.032222222222
2020-06-13 08:00:00,4391.645
2020-06-13 09:00:00,4498.218888888889
2020-06-13 10:00:00,4144.089722222222
2020-06-13 11:00:00,3901.436111111111
2020-06-13 12:00:00,3696.9575
2020-06-13 13:00:00,4208.7266666666665
2020-06-13 14:00:00,4798.905555555555
2020-06-13 15:00:00,4714.037777777778
2020-06-13 16:00:00,4388.492222222222
2020-06-13 17:00:00,4270.983333333334
2020-06-13 18:00:00,4218.971111111111
2020-06-13 19:00:00,4312.352222222222
2020-06-13 20:00:00,4203.245277777778
2020-06-13 21:00:00,3771.3955555555553
2020-06-13 22:00:00,3691.099166666667
2020-06-13 23:00:00,3731.6022222222223
2020-06-14 00:00:00,3694.491111111111
2020-06-14 01:00:00,3664.9866666666667
2020-06-14 02:00:00,4388.4366666666665
2020-06-14 03:00:00,3500.175
2020-06-14 04:00:00,2277.947361111111
2020-06-14 05:00:00,2132.98125
2020-06-14 06:00:00,1287.7368055555555
2020-06-14 07:00:00,228.6095486111111
2020-06-14 08:00:00,199.07104166666667
2020-06-14 09:00:00,222.4467013888889
2020-06-14 10:00:00,195.97163194444445
2020-06-14 11:00:00,202.82447916666666
2020-06-14 12:00:00,202.84713541666667
2020-06-14 13:00:00,413.09805555555556
2020-06-14 14:00:00,935.4679166666666
2020-06-14 15:00:00,4074.79
2020-06-14 16:00:00,4504.462222222222
2020-06-14 17:00:00,3883.851111111111
2020-06-14 18:00:00,3775.637777777778
2020-06-14 19:00:00,3935.2477777777776
2020-06-14 20:00:00,3909.523888888889
2020-06-14 21:00:00,3678.81
2020-06-14 22:00:00,3634.5355555555557
2020-06-14 23:00:00,3635.3880555555556
2020-06-15 00:00:00,3660.7194444444444
2020-06-15 01:00:00,3669.492777777778
2020-06-15 02:00:00,4130.314166666667
2020-06-15 03:00:00,1855.1008333333334
2020-06-15 04:00:00,1929.0227777777777
2020-06-15 05:00:00,631.8793055555556
2020-06-15 06:00:00,401.01190972222224
2020-06-15 07:00:00,3151.555
2020-06-15 08:00:00,4369.9302777777775
2020-06-15 09:00:00,4466.288333333333
2020-06-15 10:00:00,3993.165
2020-06-15 11:00:00,3783.181111111111
2020-06-15 12:00:00,3877.2322222222224
2020-06-15 13:00:00,4055.8416666666667
2020-06-15 14:00:00,4659.074166666666
2020-06-15 15:00:00,4699.94
2020-06-15 16:00:00,5693.207777777778
2020-06-15 17:00:00,5636.653888888889
2020-06-15 18:00:00,4503.611111111111
2020-06-15 19:00:00,4250.461111111111
2020-06-15 20:00:00,1583.8784722222222
2020-06-15 21:00:00,318.2502777777778
2020-06-15 22:00:00,320.1929861111111
2020-06-15 23:00:00,318.1699652777778
2020-06-16 00:00:00,316.8432638888889
2020-06-16 01:00:00,329.14454861111113
2020-06-16 02:00:00,915.8905555555556
2020-06-16 03:00:00,1716.0844444444444
2020-06-16 04:00:00,1602.004861111111
2020-06-16 05:00:00,1067.983611111111
2020-06-16 06:00:00,4870.943888888889
2020-06-16 07:00:00,4351.274166666667
2020-06-16 08:00:00,4298.751111111111
2020-06-16 09:00:00,4284.3375
2020-06-16 10:00:00,4302.211944444444
2020-06-16 11:00:00,4341.395833333333
2020-06-16 12:00:00,4345.560833333333
2020-06-16 13:00:00,4525.848055555555
2020-06-16 14:00:00,4888.813888888889
2020-06-16 15:00:00,4458.613888888889
2020-06-16 16:00:00,4843.653888888889
2020-06-16 17:00:00,3893.8030555555556
2020-06-16 18:00:00,3780.398888888889
2020-06-16 19:00:00,3598.4777777777776
2020-06-16 20:00:00,821.8980555555555
2020-06-16 21:00:00,358.88649305555555
2020-06-16 22:00:00,359.8861111111111
2020-06-16 23:00:00,358.6400347222222
2020-06-17 00:00:00,365.00604166666665
2020-06-17 01:00:00,354.868125
2020-06-17 02:00:00,1016.1732638888889
2020-06-17 03:00:00,1577.6643055555555
2020-06-17 04:00:00,2779.1722222222224
2020-06-17 05:00:00,4471.8025
2020-06-17 06:00:00,4710.978888888889
2020-06-17 07:00:00,4281.606666666667
2020-06-17 08:00:00,4373.9736111111115
2020-06-17 09:00:00,4405.518333333333
2020-06-17 10:00:00,5355.558888888889
2020-06-17 11:00:00,4101.694444444444
2020-06-17 12:00:00,3800.431111111111
2020-06-17 13:00:00,3852.741111111111
2020-06-17 14:00:00,4548.723888888889
2020-06-17 15:00:00,5007.3788888888885
2020-06-17 16:00:00,6567.161666666667
2020-06-17 17:00:00,4260.465
2020-06-17 18:00:00,4303.609444444444
2020-06-17 19:00:00,4374.595
2020-06-17 20:00:00,1312.775138888889
2020-06-17 21:00:00,340.7438888888889
2020-06-17 22:00:00,304.81333333333333
2020-06-17 23:00:00,292.4507638888889
2020-06-18 00:00:00,280.2997222222222
2020-06-18 01:00:00,276.87333333333333
2020-06-18 02:00:00,971.6443055555555
2020-06-18 03:00:00,3375.1491666666666
2020-06-18 04:00:00,4705.162222222222
2020-06-18 05:00:00,4529.0633333333335
2020-06-18 06:00:00,4903.156666666667
2020-06-18 07:00:00,7164.377777777778
2020-06-18 08:00:00,8009.461111111111
2020-06-18 09:00:00,7417.042222222222
2020-06-18 10:00:00,4757.6177777777775
2020-06-18 11:00:00,4526.770555555556
2020-06-18 12:00:00,3752.4622222222224
2020-06-18 13:00:00,4258.001111111111
2020-06-18 14:00:00,4630.5725
2020-06-18 15:00:00,4520.303333333333
2020-06-18 16:00:00,2852.6969444444444
2020-06-18 17:00:00,207.2824826388889
2020-06-18 18:00:00,225.83977430555555
2020-06-18 19:00:00,205.80225694444445
2020-06-18 20:00:00,193.99046875
2020-06-18 21:00:00,266.33753472222224
2020-06-18 22:00:00,271.0179861111111
2020-06-18 23:00:00,268.8741145833333
2020-06-19 00:00:00,288.98552083333334
2020-06-19 01:00:00,262.7088715277778
2020-06-19 02:00:00,795.305
2020-06-19 03:00:00,1864.4966666666667
2020-06-19 04:00:00,2036.8270833333333
2020-06-19 05:00:00,1422.3493055555555
2020-06-19 06:00:00,1391.3079166666666
2020-06-19 07:00:00,615.6334722222222
2020-06-19 08:00:00,229.33854166666666
2020-06-19 09:00:00,2249.462777777778
2020-06-19 10:00:00,3015.238611111111
2020-06-19 11:00:00,2753.943888888889
2020-06-19 12:00:00,1497.5534722222221
2020-06-19 13:00:00,532.1580555555555
2020-06-19 14:00:00,533.4472569444445
2020-06-19 15:00:00,2363.8766666666666
2020-06-19 16:00:00,5834.717777777778
2020-06-19 17:00:00,5010.400555555556
2020-06-19 18:00:00,4344.743055555556
2020-06-19 19:00:00,4180.235
2020-06-19 20:00:00,4007.911111111111
2020-06-19 21:00:00,1857.8697222222222
2020-06-19 22:00:00,259.9633333333333
2020-06-19 23:00:00,259.685
2020-06-20 00:00:00,270.1697222222222
2020-06-20 01:00:00,257.26336805555553
2020-06-20 02:00:00,652.1254166666666
2020-06-20 03:00:00,1502.0306944444444
2020-06-20 04:00:00,2657.3005555555555
2020-06-20 05:00:00,5034.253333333333
2020-06-20 06:00:00,4610.332777777778
2020-06-20 07:00:00,4348.586111111111
2020-06-20 08:00:00,4340.783055555556
2020-06-20 09:00:00,4368.105277777778
2020-06-20 10:00:00,4314.3486111111115
2020-06-20 11:00:00,3907.0244444444443
2020-06-20 12:00:00,3843.8394444444443
2020-06-20 13:00:00,4233.483333333334
2020-06-20 14:00:00,4771.0216666666665
2020-06-20 15:00:00,4800.672222222222
2020-06-20 16:00:00,4681.481111111111
2020-06-20 17:00:00,3969.4355555555558
2020-06-20 18:00:00,3710.972777777778
2020-06-20 19:00:00,3733.5080555555555
2020-06-20 20:00:00,2712.295833333333
2020-06-20 21:00:00,401.93944444444446
2020-06-20 22:00:00,354.6620138888889
2020-06-20 23:00:00,362.93618055555555
2020-06-21 00:00:00,341.3178125
2020-06-21 01:00:00,362.5469097222222
2020-06-21 02:00:00,663.99125
2020-06-21 03:00:00,995.8642361111112
2020-06-21 04:00:00,1123.3691666666666
2020-06-21 05:00:00,1005.2163888888889
2020-06-21 06:00:00,4181.801666666666
2020-06-21 07:00:00,4607.740555555555
2020-06-21 08:00:00,4450.427222222223
2020-06-21 09:00:00,4469.9725
2020-06-21 10:00:00,3839.5008333333335
2020-06-21 11:00:00,3816.887777777778
2020-06-21 12:00:00,3817.2330555555554
2020-06-21 13:00:00,4324.768888888889
2020-06-21 14:00:00,5057.962222222222
2020-06-21 15:00:00,4836.492222222222
2020-06-21 16:00:00,4931.597222222223
2020-06-21 17:00:00,4774.672222222222
2020-06-21 18:00:00,4700.921111111111
2020-06-21 19:00:00,4400.072777777777
2020-06-21 20:00:00,2101.805
2020-06-21 21:00:00,365.36597222222224
2020-06-21 22:00:00,341.68774305555553
2020-06-21 23:00:00,301.2451736111111
2020-06-22 00:00:00,279.3611111111111
2020-06-22 01:00:00,275.0247743055556
2020-06-22 02:00:00,690.2466666666667
2020-06-22 03:00:00,1479.3679166666666
2020-06-22 04:00:00,4820.493888888889
2020-06-22 05:00:00,6121.698888888889
2020-06-22 06:00:00,5482.508888888889
2020-06-22 07:00:00,4669.5905555555555
2020-06-22 08:00:00,4485.313888888889
2020-06-22 09:00:00,5367.926666666666
2020-06-22 10:00:00,4636.751388888889
2020-06-22 11:00:00,4386.200555555555
2020-06-22 12:00:00,3835.3458333333333
2020-06-22 13:00:00,4300.691111111111
2020-06-22 14:00:00,5143.872222222222
2020-06-22 15:00:00,4854.815
2020-06-22 16:00:00,5075.218333333333
2020-06-22 17:00:00,4073.4577777777777
2020-06-22 18:00:00,3949.0555555555557
2020-06-22 19:00:00,3914.360277777778
2020-06-22 20:00:00,2167.536666666667
2020-06-22 21:00:00,353.58204861111113
2020-06-22 22:00:00,314.9039236111111
2020-06-22 23:00:00,297.919375
2020-06-23 00:00:00,276.2539756944444
2020-06-23 01:00:00,304.14447916666666
2020-06-23 02:00:00,876.6104166666667
2020-06-23 03:00:00,1519.5425
2020-06-23 04:00:00,2000.2708333333333
2020-06-23 05:00:00,4626.7125
2020-06-23 06:00:00,5009.506944444444
2020-06-23 07:00:00,4636.564166666667
2020-06-23 08:00:00,4633.223333333333
2020-06-23 09:00:00,5025.000555555555
2020-06-23 10:00:00,5188.193888888889
2020-06-23 11:00:00,4188.093333333333
2020-06-23 12:00:00,4016.9105555555557
2020-06-23 13:00:00,4227.927777777778
2020-06-23 14:00:00,4647.518888888889
2020-06-23 15:00:00,4731.792222222222
2020-06-23 16:00:00,4947.138333333333
2020-06-23 17:00:00,4251.128333333333
2020-06-23 18:00:00,4285.684722222222
2020-06-23 19:00:00,2155.0358333333334
2020-06-23 20:00:00,203.92192708333334
2020-06-23 21:00:00,438.946875
2020-06-23 22:00:00,355.44680555555556
2020-06-23 23:00:00,289.13803819444445
2020-06-24 00:00:00,306.2679166666667
2020-06-24 01:00:00,302.51145833333334
2020-06-24 02:00:00,932.4786805555556
2020-06-24 03:00:00,1185.7708333333333
2020-06-24 04:00:00,1032.0629166666668
2020-06-24 05:00:00,2464.5377777777776
2020-06-24 06:00:00,4743.804444444444
2020-06-24 07:00:00,4283.992222222222
2020-06-24 08:00:00,4346.546111111111
2020-06-24 09:00:00,4720.385555555556
2020-06-24 10:00:00,4413.3741666666665
2020-06-24 11:00:00,4525.987777777777
2020-06-24 12:00:00,4159.495
2020-06-24 13:00:00,4175.205
2020-06-24 14:00:00,5057.106111111111
2020-06-24 15:00:00,4640.806666666666
2020-06-24 16:00:00,4767.6194444444445
2020-06-24 17:00:00,3924.0294444444444
2020-06-24 18:00:00,3800.887222222222
2020-06-24 19:00:00,3715.9369444444446
2020-06-24 20:00:00,615.5372222222222
2020-06-24 21:00:00,360.5954861111111
2020-06-24 22:00:00,287.996875
2020-06-24 23:00:00,288.33026041666665
2020-06-25 00:00:00,313.98347222222225
2020-06-25 01:00:00,306.6045833333333
2020-06-25 02:00:00,813.4809722222222
2020-06-25 03:00:00,1515.0327777777777
2020-06-25 04:00:00,2746.4766666666665
2020-06-25 05:00:00,4647.373333333333
2020-06-25 06:00:00,5943.746666666667
2020-06-25 07:00:00,4995.356666666667
2020-06-25 08:00:00,5044.972222222223
2020-06-25 09:00:00,4861.738333333334
2020-06-25 10:00:00,4762.398888888889
2020-06-25 11:00:00,4020.3044444444445
2020-06-25 12:00:00,3711.507777777778
2020-06-25 13:00:00,4010.3172222222224
2020-06-25 14:00:00,4728.779444444444
2020-06-25 15:00:00,4632.094722222222
2020-06-25 16:00:00,4822.712777777778
2020-06-25 17:00:00,4262.941111111111
2020-06-25 18:00:00,4343.333888888889
2020-06-25 19:00:00,4432.800833333334
2020-06-25 20:00:00,4546.746666666667
2020-06-25 21:00:00,4108.025
2020-06-25 22:00:00,3666.9372222222223
2020-06-25 23:00:00,3656.738888888889
2020-06-26 00:00:00,3637.8186111111113
2020-06-26 01:00:00,3646.4744444444445
2020-06-26 02:00:00,4325.263888888889
2020-06-26 03:00:00,2811.598611111111
2020-06-26 04:00:00,937.9958333333333
2020-06-26 05:00:00,3556.8505555555557
2020-06-26 06:00:00,4617.725833333333
2020-06-26 07:00:00,4407.411944444444
2020-06-26 08:00:00,4432.958333333333
2020-06-26 09:00:00,4458.31
2020-06-26 10:00:00,4504.926666666666
2020-06-26 11:00:00,4457.815277777778
2020-06-26 12:00:00,4065.728611111111
2020-06-26 13:00:00,4213.346111111111
2020-06-26 14:00:00,4769.851111111111
2020-06-26 15:00:00,4730.008333333333
2020-06-26 16:00:00,4770.5
2020-06-26 17:00:00,3961.1222222222223
2020-06-26 18:00:00,3669.531111111111
2020-06-26 19:00:00,3670.8616666666667
2020-06-26 20:00:00,3478.8319444444446
2020-06-26 21:00:00,2791.4197222222224
2020-06-26 22:00:00,2804.9966666666664
2020-06-26 23:00:00,2758.929722222222
2020-06-27 00:00:00,2779.3966666666665
2020-06-27 01:00:00,2737.806666666667
2020-06-27 02:00:00,3405.3925
2020-06-27 03:00:00,4623.5725
2020-06-27 04:00:00,4620.368333333333
2020-06-27 05:00:00,4667.550555555556
2020-06-27 06:00:00,6344.793333333333
2020-06-27 07:00:00,4786.693333333334
2020-06-27 08:00:00,4421.442222222222
2020-06-27 09:00:00,4396.439444444444
2020-06-27 10:00:00,4301.301944444444
2020-06-27 11:00:00,3801.8577777777778
2020-06-27 12:00:00,3695.3094444444446
2020-06-27 13:00:00,4021.605
2020-06-27 14:00:00,4642.776111111111
2020-06-27 15:00:00,4735.478888888889
2020-06-27 16:00:00,4356.341111111111
2020-06-27 17:00:00,4232.091944444444
2020-06-27 18:00:00,3270.2525
2020-06-27 19:00:00,448.92395833333336
2020-06-27 20:00:00,569.7254166666667
2020-06-27 21:00:00,381.1265625
2020-06-27 22:00:00,331.43861111111113
2020-06-27 23:00:00,333.9588888888889
2020-06-28 00:00:00,352.8857638888889
2020-06-28 01:00:00,349.12597222222223
2020-06-28 02:00:00,1034.2427777777777
2020-06-28 03:00:00,1684.3019444444444
2020-06-28 04:00:00,2068.512361111111
2020-06-28 05:00:00,1484.4477777777777
2020-06-28 06:00:00,911.2338888888889
2020-06-28 07:00:00,338.02746527777776
2020-06-28 08:00:00,267.6961111111111
2020-06-28 09:00:00,220.5793576388889
2020-06-28 10:00:00,220.57083333333333
2020-06-28 11:00:00,230.5467013888889
2020-06-28 12:00:00,3064.423888888889
2020-06-28 13:00:00,4123.836111111111
2020-06-28 14:00:00,4729.544444444445
2020-06-28 15:00:00,4914.792222222222
2020-06-28 16:00:00,4746.642222222222
2020-06-28 17:00:00,3804.1077777777778
2020-06-28 18:00:00,3656.846111111111
2020-06-28 19:00:00,3631.5816666666665
2020-06-28 20:00:00,2250.9602777777777
2020-06-28 21:00:00,348.5686111111111
2020-06-28 22:00:00,304.30930555555557
2020-06-28 23:00:00,288.7229861111111
2020-06-29 00:00:00,305.10631944444447
2020-06-29 01:00:00,320.6514236111111
2020-06-29 02:00:00,872.6631944444445
2020-06-29 03:00:00,1425.9684722222223
2020-06-29 04:00:00,1815.3844444444444
2020-06-29 05:00:00,4517.75
2020-06-29 06:00:00,4619.171944444444
2020-06-29 07:00:00,4414.487222222222
2020-06-29 08:00:00,4351.733333333334
2020-06-29 09:00:00,4722.4655555555555
2020-06-29 10:00:00,3855.093888888889
2020-06-29 11:00:00,3693.9952777777776
2020-06-29 12:00:00,3714.2283333333335
2020-06-29 13:00:00,4114.551666666666
2020-06-29 14:00:00,4412.647777777778
2020-06-29 15:00:00,4669.336666666667
2020-06-29 16:00:00,4647.651944444445
2020-06-29 17:00:00,4294.661388888889
2020-06-29 18:00:00,4275.568333333334
2020-06-29 19:00:00,3449.5402777777776
2020-06-29 20:00:00,463.04840277777777
2020-06-29 21:00:00,384.4045486111111
2020-06-29 22:00:00,330.154375
2020-06-29 23:00:00,328.125
2020-06-30 00:00:00,315.6947916666667
2020-06-30 01:00:00,323.4788888888889
2020-06-30 02:00:00,985.6650694444445
2020-06-30 03:00:00,2013.0405555555556
2020-06-30 04:00:00,1994.6279166666666
2020-06-30 05:00:00,1398.4981944444444
2020-06-30 06:00:00,461.1329861111111
2020-06-30 07:00:00,255.044375
2020-06-30 08:00:00,370.3287152777778
2020-06-30 09:00:00,298.25368055555555
2020-06-30 10:00:00,199.29347222222222
2020-06-30 11:00:00,201.95848958333335
2020-06-30 12:00:00,173.91746527777778
2020-06-30 13:00:00,2041.7047222222222
2020-06-30 14:00:00,4795.897777777778
2020-06-30 15:00:00,707.2979861111111
2020-06-30 16:00:00,2049.094722222222
2020-06-30 17:00:00,848.1851388888889
2020-06-30 18:00:00,377.95427083333334
2020-06-30 19:00:00,211.2526388888889
2020-06-30 20:00:00,363.25618055555555
2020-06-30 21:00:00,305.34788194444445
2020-06-30 22:00:00,308.1823263888889
2020-06-30 23:00:00,308.3475
2020-07-01 00:00:00,316.26166666666666
2020-07-01 01:00:00,315.2366666666667
2020-07-01 02:00:00,886.419375
2020-07-01 03:00:00,1825.1961111111111
2020-07-01 04:00:00,2122.3744444444446
2020-07-01 05:00:00,853.4666666666667
2020-07-01 06:00:00,2037.9633333333334
2020-07-01 07:00:00,2357.742222222222
2020-07-01 08:00:00,3271.282777777778
2020-07-01 09:00:00,3172.7391666666667
2020-07-01 10:00:00,2848.74
2020-07-01 11:00:00,2665.2761111111113
2020-07-01 12:00:00,2628.5261111111113
2020-07-01 13:00:00,3284.396111111111
2020-07-01 14:00:00,4714.641111111111
2020-07-01 15:00:00,4636.0216666666665
2020-07-01 16:00:00,4897.106666666667
2020-07-01 17:00:00,4223.596666666666
2020-07-01 18:00:00,4312.2825
2020-07-01 19:00:00,4328.416111111111
2020-07-01 20:00:00,1752.4888888888888
2020-07-01 21:00:00,331.59284722222225
2020-07-01 22:00:00,313.2835416666667
2020-07-01 23:00:00,304.15416666666664
2020-07-02 00:00:00,336.07489583333336
2020-07-02 01:00:00,325.75069444444443
2020-07-02 02:00:00,880.1905555555555
2020-07-02 03:00:00,2980.3033333333333
2020-07-02 04:00:00,2464.761111111111
2020-07-02 05:00:00,773.2986111111111
2020-07-02 06:00:00,668.6319444444445
2020-07-02 07:00:00,668.9911111111111
2020-07-02 08:00:00,659.1589583333333
2020-07-02 09:00:00,3558.585
2020-07-02 10:00:00,4277.466111111111
2020-07-02 11:00:00,4248.8516666666665
2020-07-02 12:00:00,3637.2816666666668
2020-07-02 13:00:00,4409.872777777778
2020-07-02 14:00:00,5400.736111111111
2020-07-02 15:00:00,1996.9886111111111
2020-07-02 16:00:00,1509.5972222222222
2020-07-02 17:00:00,1016.61625
2020-07-02 18:00:00,960.3013888888889
2020-07-02 19:00:00,958.5413194444444
2020-07-02 20:00:00,816.311875
2020-07-02 21:00:00,319.8510763888889
2020-07-02 22:00:00,288.3413541666667
2020-07-02 23:00:00,535.6467361111111
2020-07-03 00:00:00,1451.925
2020-07-03 01:00:00,1059.1340277777779
2020-07-03 02:00:00,894.2060416666667
2020-07-03 03:00:00,1874.6043055555556
2020-07-03 04:00:00,2124.1741666666667
2020-07-03 05:00:00,979.2099305555555
2020-07-03 06:00:00,623.5865277777777
2020-07-03 07:00:00,1017.4504166666667
2020-07-03 08:00:00,2782.5519444444444
2020-07-03 09:00:00,4748.0344444444445
2020-07-03 10:00:00,406.91083333333336
2020-07-03 11:00:00,187.57836805555556
2020-07-03 12:00:00,226.8347222222222
2020-07-03 13:00:00,3593.8655555555556
2020-07-03 14:00:00,4996.41
2020-07-03 15:00:00,4803.07
2020-07-03 16:00:00,2712.4977777777776
2020-07-03 17:00:00,507.57756944444446
2020-07-03 18:00:00,433.27496527777777
2020-07-03 19:00:00,428.5720138888889
2020-07-03 20:00:00,461.0217013888889
2020-07-03 21:00:00,412.8942361111111
2020-07-03 22:00:00,309.2984375
2020-07-03 23:00:00,305.77201388888886
2020-07-04 00:00:00,336.5552083333333
2020-07-04 01:00:00,323.04013888888886
2020-07-04 02:00:00,665.190625
2020-07-04 03:00:00,1482.0355555555554
2020-07-04 04:00:00,1936.9455555555555
2020-07-04 05:00:00,1603.9277777777777
2020-07-04 06:00:00,1042.5052777777778
2020-07-04 07:00:00,361.6634027777778
2020-07-04 08:00:00,266.33368055555553
2020-07-04 09:00:00,329.8824652777778
2020-07-04 10:00:00,192.215625
2020-07-04 11:00:00,193.06934027777777
2020-07-04 12:00:00,211.70715277777776
2020-07-04 13:00:00,445.33243055555556
2020-07-04 14:00:00,1006.4092361111111
2020-07-04 15:00:00,830.1195138888888
2020-07-04 16:00:00,625.7479861111111
2020-07-04 17:00:00,142.23138020833332
2020-07-04 18:00:00,113.98514756944445
2020-07-04 19:00:00,305.64395833333333
2020-07-04 20:00:00,370.4548784722222
2020-07-04 21:00:00,323.84194444444444
2020-07-04 22:00:00,327.7425694444444
2020-07-04 23:00:00,324.75211805555557
2020-07-05 00:00:00,330.12350694444444
2020-07-05 01:00:00,329.9213888888889
2020-07-05 02:00:00,631.920625
2020-07-05 03:00:00,1723.5534722222221
2020-07-05 04:00:00,2215.731388888889
2020-07-05 05:00:00,689.6530555555555
2020-07-05 06:00:00,499.83270833333336
2020-07-05 07:00:00,250.90100694444445
2020-07-05 08:00:00,193.78444444444443
2020-07-05 09:00:00,196.74939236111112
2020-07-05 10:00:00,183.36208333333335
2020-07-05 11:00:00,198.67138888888888
2020-07-05 12:00:00,191.54902777777778
2020-07-05 13:00:00,525.9098958333333
2020-07-05 14:00:00,4551.2444444444445
2020-07-05 15:00:00,5019.875
2020-07-05 16:00:00,4618.048055555556
2020-07-05 17:00:00,4204.595555555556
2020-07-05 18:00:00,4242.0375
2020-07-05 19:00:00,4193.408888888889
2020-07-05 20:00:00,3962.393888888889
2020-07-05 21:00:00,3714.3433333333332
2020-07-05 22:00:00,3605.768888888889
2020-07-05 23:00:00,3564.1894444444442
2020-07-06 00:00:00,3558.3719444444446
2020-07-06 01:00:00,3535.5627777777777
2020-07-06 02:00:00,3022.133888888889
2020-07-06 03:00:00,1778.8619444444444
2020-07-06 04:00:00,2594.5575
2020-07-06 05:00:00,3001.393888888889
2020-07-06 06:00:00,480.12597222222223
2020-07-06 07:00:00,309.28253472222224
2020-07-06 08:00:00,309.89711805555555
2020-07-06 09:00:00,333.5448611111111
2020-07-06 10:00:00,281.3779513888889
2020-07-06 11:00:00,178.7644097222222
2020-07-06 12:00:00,209.2565798611111
2020-07-06 13:00:00,519.7338888888889
2020-07-06 14:00:00,718.8572222222223
2020-07-06 15:00:00,952.7573611111111
2020-07-06 16:00:00,619.4495138888889
2020-07-06 17:00:00,228.78723958333333
2020-07-06 18:00:00,185.92288194444444
2020-07-06 19:00:00,179.94345486111112
2020-07-06 20:00:00,375.2012152777778
2020-07-06 21:00:00,401.4169097222222
2020-07-06 22:00:00,245.1420138888889
2020-07-06 23:00:00,244.0900347222222
2020-07-07 00:00:00,289.8895659722222
2020-07-07 01:00:00,322.3771527777778
2020-07-07 02:00:00,875.6597916666667
2020-07-07 03:00:00,1842.6047222222223
2020-07-07 04:00:00,2072.2669444444446
2020-07-07 05:00:00,2148.0894444444443
2020-07-07 06:00:00,1122.832986111111
2020-07-07 07:00:00,598.2980555555556
2020-07-07 08:00:00,320.43097222222224
2020-07-07 09:00:00,351.8828472222222
2020-07-07 10:00:00,386.05576388888886
2020-07-07 11:00:00,345.58684027777775
2020-07-07 12:00:00,340.10520833333334
2020-07-07 13:00:00,562.7113541666666
2020-07-07 14:00:00,628.2988194444445
2020-07-07 15:00:00,1049.7705555555556
2020-07-07 16:00:00,629.3308333333333
2020-07-07 17:00:00,200.91241319444444
2020-07-07 18:00:00,214.71897569444445
2020-07-07 19:00:00,194.64006944444444
2020-07-07 20:00:00,398.5732986111111
2020-07-07 21:00:00,357.5522222222222
2020-07-07 22:00:00,300.84788194444445
2020-07-07 23:00:00,313.40215277777776
2020-07-08 00:00:00,323.96215277777776
2020-07-08 01:00:00,316.6454166666667
2020-07-08 02:00:00,738.18875
2020-07-08 03:00:00,1445.3408333333334
2020-07-08 04:00:00,1393.131111111111
2020-07-08 05:00:00,674.2453472222222
2020-07-08 06:00:00,568.3909027777778
2020-07-08 07:00:00,291.4268055555556
2020-07-08 08:00:00,194.3671527777778
2020-07-08 09:00:00,813.6404166666666
2020-07-08 10:00:00,4454.831666666667
2020-07-08 11:00:00,4110.14
2020-07-08 12:00:00,3692.3419444444444
2020-07-08 13:00:00,4102.361944444445
2020-07-08 14:00:00,4914.883888888889
2020-07-08 15:00:00,4730.513333333333
2020-07-08 16:00:00,4614.270555555556
2020-07-08 17:00:00,3829.212777777778
2020-07-08 18:00:00,841.7016666666667
2020-07-08 19:00:00,192.6695138888889
2020-07-08 20:00:00,437.03833333333336
2020-07-08 21:00:00,344.9378472222222
2020-07-08 22:00:00,299.79756944444443
2020-07-08 23:00:00,323.49819444444444
2020-07-09 00:00:00,314.596875
2020-07-09 01:00:00,320.3144791666667
2020-07-09 02:00:00,828.3843055555556
2020-07-09 03:00:00,1835.5233333333333
2020-07-09 04:00:00,2336.4572222222223
2020-07-09 05:00:00,1838.389861111111
2020-07-09 06:00:00,754.5592361111111
2020-07-09 07:00:00,268.9599826388889
2020-07-09 08:00:00,343.46461805555555
2020-07-09 09:00:00,322.4636805555556
2020-07-09 10:00:00,332.3051041666667
2020-07-09 11:00:00,368.42375
2020-07-09 12:00:00,413.46979166666665
2020-07-09 13:00:00,456.11854166666666
2020-07-09 14:00:00,598.9058333333334
2020-07-09 15:00:00,1215.6444444444444
2020-07-09 16:00:00,538.8512847222222
2020-07-09 17:00:00,288.84711805555554
2020-07-09 18:00:00,204.5665625
2020-07-09 19:00:00,357.29381944444447
2020-07-09 20:00:00,384.3520138888889
2020-07-09 21:00:00,356.0304513888889
2020-07-09 22:00:00,318.2935763888889
2020-07-09 23:00:00,315.3615972222222
2020-07-10 00:00:00,310.90239583333334
2020-07-10 01:00:00,341.9898611111111
2020-07-10 02:00:00,847.5113888888889
2020-07-10 03:00:00,1745.714861111111
2020-07-10 04:00:00,2143.180277777778
2020-07-10 05:00:00,1888.5619444444444
2020-07-10 06:00:00,796.7711111111112
2020-07-10 07:00:00,327.5885416666667
2020-07-10 08:00:00,258.7921875
2020-07-10 09:00:00,198.0623263888889
2020-07-10 10:00:00,217.41104166666668
2020-07-10 11:00:00,192.90916666666666
2020-07-10 12:00:00,178.03170138888888
2020-07-10 13:00:00,422.605
2020-07-10 14:00:00,495.67114583333336
2020-07-10 15:00:00,829.1983333333334
2020-07-10 16:00:00,765.1029166666667
2020-07-10 17:00:00,507.9847916666667
2020-07-10 18:00:00,268.29576388888887
2020-07-10 19:00:00,187.69171875
2020-07-10 20:00:00,332.95222222222225
2020-07-10 21:00:00,308.24444444444447
2020-07-10 22:00:00,325.2366666666667
2020-07-10 23:00:00,311.40010416666667
2020-07-11 00:00:00,310.2742013888889
2020-07-11 01:00:00,332.61149305555557
2020-07-11 02:00:00,819.5843055555556
2020-07-11 03:00:00,1810.9897222222223
2020-07-11 04:00:00,2142.438472222222
2020-07-11 05:00:00,1749.2466666666667
2020-07-11 06:00:00,1074.8336111111112
2020-07-11 07:00:00,585.3796527777778
2020-07-11 08:00:00,1268.8975
2020-07-11 09:00:00,3624.503888888889
2020-07-11 10:00:00,3483.8508333333334
2020-07-11 11:00:00,3326.8688888888887
2020-07-11 12:00:00,3010.0733333333333
2020-07-11 13:00:00,3408.4466666666667
2020-07-11 14:00:00,3738.2375
2020-07-11 15:00:00,4172.1325
2020-07-11 16:00:00,3571.1155555555556
2020-07-11 17:00:00,3454.972222222222
2020-07-11 18:00:00,3344.766111111111
2020-07-11 19:00:00,3279.9494444444445
2020-07-11 20:00:00,3126.1994444444445
2020-07-11 21:00:00,2912.7744444444443
2020-07-11 22:00:00,1745.6705555555557
2020-07-11 23:00:00,317.80833333333334
2020-07-12 00:00:00,326.9090625
2020-07-12 01:00:00,326.8702777777778
2020-07-12 02:00:00,772.7603472222222
2020-07-12 03:00:00,1640.202361111111
2020-07-12 04:00:00,2140.7834722222224
2020-07-12 05:00:00,2173.131388888889
2020-07-12 06:00:00,1545.7488888888888
2020-07-12 07:00:00,1338.391111111111
2020-07-12 08:00:00,297.83177083333334
2020-07-12 09:00:00,205.92989583333335
2020-07-12 10:00:00,200.88470486111112
2020-07-12 11:00:00,194.07644097222223
2020-07-12 12:00:00,216.85475694444443
2020-07-12 13:00:00,941.8081944444444
2020-07-12 14:00:00,4551.545
2020-07-12 15:00:00,4927.751111111111
2020-07-12 16:00:00,4939.818888888889
2020-07-12 17:00:00,4113.6577777777775
2020-07-12 18:00:00,1241.4894444444444
2020-07-12 19:00:00,185.93194444444444
2020-07-12 20:00:00,316.56347222222223
2020-07-12 21:00:00,396.799375
2020-07-12 22:00:00,350.3442013888889
2020-07-12 23:00:00,332.5964930555556
2020-07-13 00:00:00,316.5648611111111
2020-07-13 01:00:00,322.19649305555555
2020-07-13 02:00:00,355.38923611111113
2020-07-13 03:00:00,1751.7483333333332
2020-07-13 04:00:00,2203.9113888888887
2020-07-13 05:00:00,981.619375
2020-07-13 06:00:00,586.9394444444445
2020-07-13 07:00:00,231.55784722222222
2020-07-13 08:00:00,210.35467013888888
2020-07-13 09:00:00,203.79817708333334
2020-07-13 10:00:00,4008.218611111111
2020-07-13 11:00:00,3865.8591666666666
2020-07-13 12:00:00,3814.801111111111
2020-07-13 13:00:00,4281.895555555556
2020-07-13 14:00:00,4529.060555555556
2020-07-13 15:00:00,4850.013333333333
2020-07-13 16:00:00,5195.245555555555
2020-07-13 17:00:00,4605.222777777778
2020-07-13 18:00:00,4365.196666666667
2020-07-13 19:00:00,4365.953888888889
2020-07-13 20:00:00,1501.6508333333334
2020-07-13 21:00:00,306.85760416666665
2020-07-13 22:00:00,309.7090277777778
2020-07-13 23:00:00,329.48125
2020-07-14 00:00:00,312.25194444444446
2020-07-14 01:00:00,321.6719444444444
2020-07-14 02:00:00,879.7264583333333
2020-07-14 03:00:00,1808.725
2020-07-14 04:00:00,2182.34
2020-07-14 05:00:00,914.2477083333333
2020-07-14 06:00:00,623.7774305555556
2020-07-14 07:00:00,2217.565416666667
2020-07-14 08:00:00,4427.889722222222
2020-07-14 09:00:00,4474.970555555556
2020-07-14 10:00:00,4308.355555555556
2020-07-14 11:00:00,4214.387222222223
2020-07-14 12:00:00,3826.0827777777777
2020-07-14 13:00:00,4260.761111111111
2020-07-14 14:00:00,4704.205555555555
2020-07-14 15:00:00,1852.2008333333333
2020-07-14 16:00:00,413.7477083333333
2020-07-14 17:00:00,203.3451215277778
2020-07-14 18:00:00,175.05182291666668
2020-07-14 19:00:00,175.85387152777778
2020-07-14 20:00:00,325.12819444444443
2020-07-14 21:00:00,309.2110069444444
2020-07-14 22:00:00,318.6016666666667
2020-07-14 23:00:00,330.811875
2020-07-15 00:00:00,320.55368055555556
2020-07-15 01:00:00,319.64979166666666
2020-07-15 02:00:00,777.4111111111112
2020-07-15 03:00:00,1826.0315277777777
2020-07-15 04:00:00,2210.32125
2020-07-15 05:00:00,1478.57125
2020-07-15 06:00:00,2287.19375
2020-07-15 07:00:00,4295.12
2020-07-15 08:00:00,4369.483888888889
2020-07-15 09:00:00,4381.998333333333
2020-07-15 10:00:00,4145.2011111111115
2020-07-15 11:00:00,3775.905
2020-07-15 12:00:00,4004.7077777777777
2020-07-15 13:00:00,4529.454444444445
2020-07-15 14:00:00,4827.363333333334
2020-07-15 15:00:00,4722.960555555555
2020-07-15 16:00:00,4845.539444444445
2020-07-15 17:00:00,4277.147222222222
2020-07-15 18:00:00,2489.6680555555554
2020-07-15 19:00:00,199.23229166666667
2020-07-15 20:00:00,269.7990972222222
2020-07-15 21:00:00,394.3199305555556
2020-07-15 22:00:00,332.87604166666665
2020-07-15 23:00:00,323.9270833333333
2020-07-16 00:00:00,337.3571527777778
2020-07-16 01:00:00,319.7519791666667
2020-07-16 02:00:00,735.0505555555555
2020-07-16 03:00:00,1458.465
2020-07-16 04:00:00,1822.98875
2020-07-16 05:00:00,803.5934722222222
2020-07-16 06:00:00,4968.527777777777
2020-07-16 07:00:00,4286.959444444445
2020-07-16 08:00:00,4830.859444444444
2020-07-16 09:00:00,4364.853888888889
2020-07-16 10:00:00,4351.785902777778
2020-07-16 11:00:00,4264.652222222222
2020-07-16 12:00:00,3906.036111111111
2020-07-16 13:00:00,4404.626388888889
2020-07-16 14:00:00,4886.076666666667
2020-07-16 15:00:00,4651.883333333333
2020-07-16 16:00:00,4428.912777777778
2020-07-16 17:00:00,3943.798333333333
2020-07-16 18:00:00,3745.366666666667
2020-07-16 19:00:00,3878.8719444444446
2020-07-16 20:00:00,4091.9441666666667
2020-07-16 21:00:00,3040.412222222222
2020-07-16 22:00:00,313.29875
2020-07-16 23:00:00,338.51659722222223
2020-07-17 00:00:00,321.68958333333336
2020-07-17 01:00:00,340.2503472222222
2020-07-17 02:00:00,930.2617361111111
2020-07-17 03:00:00,1773.9944444444445
2020-07-17 04:00:00,1014.1849305555555
2020-07-17 05:00:00,720.1045833333334
2020-07-17 06:00:00,598.03375
2020-07-17 07:00:00,228.2746527777778
2020-07-17 08:00:00,215.43734375
2020-07-17 09:00:00,3493.4533333333334
2020-07-17 10:00:00,4015.635
2020-07-17 11:00:00,3889.6827777777776
2020-07-17 12:00:00,3879.788888888889
2020-07-17 13:00:00,4256.49
2020-07-17 14:00:00,4871.047777777778
2020-07-17 15:00:00,4766.22
2020-07-17 16:00:00,5751.081111111111
2020-07-17 17:00:00,4649.185
2020-07-17 18:00:00,4494.447777777777
2020-07-17 19:00:00,4295.221388888889
2020-07-17 20:00:00,3872.668611111111
2020-07-17 21:00:00,352.459375
2020-07-17 22:00:00,317.96763888888887
2020-07-17 23:00:00,304.16784722222224
2020-07-18 00:00:00,330.04854166666667
2020-07-18 01:00:00,309.3392361111111
2020-07-18 02:00:00,702.0702777777777
2020-07-18 03:00:00,1459.4883333333332
2020-07-18 04:00:00,1965.8075
2020-07-18 05:00:00,4549.521111111111
2020-07-18 06:00:00,5024.266111111111
2020-07-18 07:00:00,4361.649444444444
2020-07-18 08:00:00,4301.122777777778
2020-07-18 09:00:00,4349.652777777777
2020-07-18 10:00:00,4344.428333333333
2020-07-18 11:00:00,3988.5583333333334
2020-07-18 12:00:00,3830.845
2020-07-18 13:00:00,4744.655555555555
2020-07-18 14:00:00,5309.816666666667
2020-07-18 15:00:00,4997.865555555555
2020-07-18 16:00:00,4846.345555555556
2020-07-18 17:00:00,4403.243333333333
2020-07-18 18:00:00,3991.8333333333335
2020-07-18 19:00:00,2740.1119444444444
2020-07-18 20:00:00,475.09708333333333
2020-07-18 21:00:00,639.2160416666667
2020-07-18 22:00:00,295.23506944444443
2020-07-18 23:00:00,296.87055555555554
2020-07-19 00:00:00,284.05864583333334
2020-07-19 01:00:00,272.05857638888887
2020-07-19 02:00:00,622.5683333333334
2020-07-19 03:00:00,1574.1752777777779
2020-07-19 04:00:00,1855.5872222222222
2020-07-19 05:00:00,1520.2052777777778
2020-07-19 06:00:00,2770.9325
2020-07-19 07:00:00,4258.928333333333
2020-07-19 08:00:00,4347.45
2020-07-19 09:00:00,4336.343333333333
2020-07-19 10:00:00,3841.2955555555554
2020-07-19 11:00:00,3742.9691666666668
2020-07-19 12:00:00,3821.7055555555557
2020-07-19 13:00:00,4203.006388888889
2020-07-19 14:00:00,4732.473333333333
2020-07-19 15:00:00,4862.944444444444
2020-07-19 16:00:00,4942.762222222223
2020-07-19 17:00:00,4572.182777777778
2020-07-19 18:00:00,3346.6780555555556
2020-07-19 19:00:00,226.17177083333334
2020-07-19 20:00:00,228.11114583333332
2020-07-19 21:00:00,452.83972222222224
2020-07-19 22:00:00,339.02375
2020-07-19 23:00:00,334.21444444444444
2020-07-20 00:00:00,327.93694444444446
2020-07-20 01:00:00,350.30541666666664
2020-07-20 02:00:00,1018.3736111111111
2020-07-20 03:00:00,1898.2843055555556
2020-07-20 04:00:00,2418.45
2020-07-20 05:00:00,1854.8130555555556
2020-07-20 06:00:00,1297.6880555555556
2020-07-20 07:00:00,479.9063194444444
2020-07-20 08:00:00,944.0247916666667
2020-07-20 09:00:00,2289.8122222222223
2020-07-20 10:00:00,4361.4638888888885
2020-07-20 11:00:00,4285.2283333333335
2020-07-20 12:00:00,3839.4422222222224
2020-07-20 13:00:00,4309.971111111111
2020-07-20 14:00:00,5061.693333333334
2020-07-20 15:00:00,4861.5344444444445
2020-07-20 16:00:00,4899.45
2020-07-20 17:00:00,3265.9505555555556
2020-07-20 18:00:00,217.00628472222223
2020-07-20 19:00:00,186.85350694444443
2020-07-20 20:00:00,473.9063194444444
2020-07-20 21:00:00,363.89774305555557
2020-07-20 22:00:00,320.5885416666667
2020-07-20 23:00:00,333.65506944444445
2020-07-21 00:00:00,316.6091666666667
2020-07-21 01:00:00,338.14993055555556
2020-07-21 02:00:00,807.3720833333333
2020-07-21 03:00:00,1845.246111111111
2020-07-21 04:00:00,2371.306111111111
2020-07-21 05:00:00,3628.470277777778
2020-07-21 06:00:00,3948.3322222222223
2020-07-21 07:00:00,4153.321111111111
2020-07-21 08:00:00,4723.438888888889
2020-07-21 09:00:00,4478.374722222222
2020-07-21 10:00:00,4196.788055555556
2020-07-21 11:00:00,3898.3277777777776
2020-07-21 12:00:00,3790.4861111111113
2020-07-21 13:00:00,4235.371388888889
2020-07-21 14:00:00,4777.558888888889
2020-07-21 15:00:00,4504.434444444444
2020-07-21 16:00:00,4889.94
2020-07-21 17:00:00,4352.177222222223
2020-07-21 18:00:00,4224.758333333333
2020-07-21 19:00:00,2344.525833333333
2020-07-21 20:00:00,192.39743055555556
2020-07-21 21:00:00,261.08979166666666
2020-07-21 22:00:00,282.2972569444444
2020-07-21 23:00:00,265.0931076388889
2020-07-22 00:00:00,283.08543402777775
2020-07-22 01:00:00,262.34833333333336
2020-07-22 02:00:00,809.9041666666667
2020-07-22 03:00:00,1789.8530555555556
2020-07-22 04:00:00,2317.6818055555555
2020-07-22 05:00:00,654.666015625
2020-07-22 06:00:00,420.664375
2020-07-22 07:00:00,931.5492361111111
2020-07-22 08:00:00,4448.261666666666
2020-07-22 09:00:00,4406.370277777778
2020-07-22 10:00:00,4401.046111111111
2020-07-22 11:00:00,4231.102222222222
2020-07-22 12:00:00,3784.2816666666668
2020-07-22 13:00:00,4661.541666666667
2020-07-22 14:00:00,5688.523888888889
2020-07-22 15:00:00,5119.527777777777
2020-07-22 16:00:00,4383.702777777778
2020-07-22 17:00:00,4183.048333333333
2020-07-22 18:00:00,3806.73
2020-07-22 19:00:00,2075.6184722222224
2020-07-22 20:00:00,401.6351388888889
2020-07-22 21:00:00,283.5205902777778
2020-07-22 22:00:00,312.33458333333334
2020-07-22 23:00:00,305.23006944444444
2020-07-23 00:00:00,306.41034722222224
2020-07-23 01:00:00,302.86020833333333
2020-07-23 02:00:00,884.4118055555556
2020-07-23 03:00:00,1806.5329166666668
2020-07-23 04:00:00,1959.879861111111
2020-07-23 05:00:00,1365.6580555555556
2020-07-23 06:00:00,584.1715277777778
2020-07-23 07:00:00,3314.8355555555554
2020-07-23 08:00:00,4304.574444444444
2020-07-23 09:00:00,4297.3225
2020-07-23 10:00:00,3835.063888888889
2020-07-23 11:00:00,3751.25
2020-07-23 12:00:00,3809.531388888889
2020-07-23 13:00:00,4194.321388888889
2020-07-23 14:00:00,4876.977222222222
2020-07-23 15:00:00,4602.952777777778
2020-07-23 16:00:00,5411.984444444444
2020-07-23 17:00:00,3763.8277777777776
2020-07-23 18:00:00,637.0450694444445
2020-07-23 19:00:00,520.5424305555556
2020-07-23 20:00:00,350.5086111111111
2020-07-23 21:00:00,142.506875
2020-07-23 22:00:00,444.33020833333336
2020-07-23 23:00:00,332.6951388888889
2020-07-24 00:00:00,341.1171527777778
2020-07-24 01:00:00,333.62100694444445
2020-07-24 02:00:00,1000.6977083333334
2020-07-24 03:00:00,1777.3848611111111
2020-07-24 04:00:00,2378.657777777778
2020-07-24 05:00:00,879.78875
2020-07-24 06:00:00,548.6304166666666
2020-07-24 07:00:00,2961.9847222222224
2020-07-24 08:00:00,341.63166666666666
2020-07-24 09:00:00,329.49079861111113
2020-07-24 10:00:00,238.2514409722222
2020-07-24 11:00:00,230.55909722222222
2020-07-24 12:00:00,216.46017361111112
2020-07-24 13:00:00,3809.9444444444443
2020-07-24 14:00:00,5015.2988888888885
2020-07-24 15:00:00,4671.622222222222
2020-07-24 16:00:00,4885.645
2020-07-24 17:00:00,4276.035833333333
2020-07-24 18:00:00,1105.8252777777777
2020-07-24 19:00:00,248.29987847222222
2020-07-24 20:00:00,221.04222222222222
2020-07-24 21:00:00,138.44136284722222
2020-07-24 22:00:00,151.0335763888889
2020-07-24 23:00:00,123.51777777777778
2020-07-25 00:00:00,141.16360243055556
2020-07-25 01:00:00,125.95590277777778
2020-07-25 02:00:00,786.3722222222223
2020-07-25 03:00:00,1865.5706944444444
2020-07-25 04:00:00,1853.8219444444444
2020-07-25 05:00:00,645.8533333333334
2020-07-25 06:00:00,4062.349722222222
2020-07-25 07:00:00,4423.349444444444
2020-07-25 08:00:00,4403.4302777777775
2020-07-25 09:00:00,4310.007777777778
2020-07-25 10:00:00,3874.8033333333333
2020-07-25 11:00:00,3819.157222222222
2020-07-25 12:00:00,3748.027777777778
2020-07-25 13:00:00,4132.581388888889
2020-07-25 14:00:00,5415.178888888889
2020-07-25 15:00:00,4212.638888888889
2020-07-25 16:00:00,1076.964861111111
2020-07-25 17:00:00,926.1984722222222
2020-07-25 18:00:00,906.8063888888889
2020-07-25 19:00:00,914.5597916666667
2020-07-25 20:00:00,895.1051388888889
2020-07-25 21:00:00,866.3369444444445
2020-07-25 22:00:00,832.4464583333333
2020-07-25 23:00:00,598.4929166666667
2020-07-26 00:00:00,336.70472222222224
2020-07-26 01:00:00,348.7576041666667
2020-07-26 02:00:00,390.7550694444444
2020-07-26 03:00:00,1622.3025
2020-07-26 04:00:00,2078.95
2020-07-26 05:00:00,1756.0255555555555
2020-07-26 06:00:00,432.06340277777775
2020-07-26 07:00:00,224.91852430555556
2020-07-26 08:00:00,267.1275347222222
2020-07-26 09:00:00,236.78260416666666
2020-07-26 10:00:00,234.2909375
2020-07-26 11:00:00,2154.8504166666667
2020-07-26 12:00:00,4176.823333333334
2020-07-26 13:00:00,4352.325555555555
2020-07-26 14:00:00,4940.8983333333335
2020-07-26 15:00:00,4821.3133333333335
2020-07-26 16:00:00,4985.891111111111
2020-07-26 17:00:00,4058.507777777778
2020-07-26 18:00:00,3736.6783333333333
2020-07-26 19:00:00,3098.8147222222224
2020-07-26 20:00:00,457.42090277777777
2020-07-26 21:00:00,342.8152777777778
2020-07-26 22:00:00,332.3978472222222
2020-07-26 23:00:00,333.96482638888887
2020-07-27 00:00:00,379.05069444444445
2020-07-27 01:00:00,318.12072916666665
2020-07-27 02:00:00,950.4028472222222
2020-07-27 03:00:00,1825.5545833333333
2020-07-27 04:00:00,2085.2390277777777
2020-07-27 05:00:00,658.8093055555555
2020-07-27 06:00:00,501.25340277777775
2020-07-27 07:00:00,4028.728888888889
2020-07-27 08:00:00,4390.949722222223
2020-07-27 09:00:00,4234.859722222222
2020-07-27 10:00:00,3917.9127777777776
2020-07-27 11:00:00,3790.5508333333332
2020-07-27 12:00:00,3681.1511111111113
2020-07-27 13:00:00,4196.439444444444
2020-07-27 14:00:00,4613.510833333334
2020-07-27 15:00:00,4780.881111111111
2020-07-27 16:00:00,4841.945555555556
2020-07-27 17:00:00,4286.0761111111115
2020-07-27 18:00:00,3506.681666666667
2020-07-27 19:00:00,235.91541666666666
2020-07-27 20:00:00,197.0779513888889
2020-07-27 21:00:00,252.55583333333334
2020-07-27 22:00:00,298.52479166666666
2020-07-27 23:00:00,287.4152734375
2020-07-28 00:00:00,270.73602430555553
2020-07-28 01:00:00,298.2248263888889
2020-07-28 02:00:00,871.9300694444445
2020-07-28 03:00:00,1821.6058333333333
2020-07-28 04:00:00,2217.7672222222222
2020-07-28 05:00:00,701.8125694444444
2020-07-28 06:00:00,4612.3261111111115
2020-07-28 07:00:00,4222.801666666666
2020-07-28 08:00:00,4304.584722222222
2020-07-28 09:00:00,4354.4238888888885
2020-07-28 10:00:00,4331.746666666667
2020-07-28 11:00:00,4362.813888888889
2020-07-28 12:00:00,3906.7327777777778
2020-07-28 13:00:00,4188.479444444444
2020-07-28 14:00:00,5230.783888888889
2020-07-28 15:00:00,4684.444444444444
2020-07-28 16:00:00,4904.702777777778
2020-07-28 17:00:00,3955.183611111111
2020-07-28 18:00:00,3967.5355555555557
2020-07-28 19:00:00,2321.1368055555554
2020-07-28 20:00:00,571.1136111111111
2020-07-28 21:00:00,312.79826388888887
2020-07-28 22:00:00,340.3956944444444
2020-07-28 23:00:00,315.3329166666667
2020-07-29 00:00:00,355.9817361111111
2020-07-29 01:00:00,322.83381944444443
2020-07-29 02:00:00,959.7554166666666
2020-07-29 03:00:00,1852.6297222222222
2020-07-29 04:00:00,2187.041111111111
2020-07-29 05:00:00,862.1030555555556
2020-07-29 06:00:00,640.31625
2020-07-29 07:00:00,940.4877777777778
2020-07-29 08:00:00,983.6025
2020-07-29 09:00:00,1224.4655555555555
2020-07-29 10:00:00,4618.716666666666
2020-07-29 11:00:00,4622.74
2020-07-29 12:00:00,4242.563611111111
2020-07-29 13:00:00,3929.4891666666667
2020-07-29 14:00:00,4601.136944444444
2020-07-29 15:00:00,5047.106666666667
2020-07-29 16:00:00,4838.7572222222225
2020-07-29 17:00:00,4198.714166666667
2020-07-29 18:00:00,4307.371388888889
2020-07-29 19:00:00,4234.705833333333
2020-07-29 20:00:00,4085.2891666666665
2020-07-29 21:00:00,873.3647916666666
2020-07-29 22:00:00,328.8128819444444
2020-07-29 23:00:00,300.06875
2020-07-30 00:00:00,336.3927777777778
2020-07-30 01:00:00,329.95145833333333
2020-07-30 02:00:00,911.1673611111111
2020-07-30 03:00:00,1757.0243055555557
2020-07-30 04:00:00,2475.287222222222
2020-07-30 05:00:00,718.8040277777778
2020-07-30 06:00:00,611.2152083333333
2020-07-30 07:00:00,3313.1855555555558
2020-07-30 08:00:00,4426.9094444444445
2020-07-30 09:00:00,4550.965833333334
2020-07-30 10:00:00,4544.313055555555
2020-07-30 11:00:00,4506.8388888888885
2020-07-30 12:00:00,4023.583888888889
2020-07-30 13:00:00,4408.945277777778
2020-07-30 14:00:00,5056.076666666667
2020-07-30 15:00:00,4712.141111111111
2020-07-30 16:00:00,4843.635
2020-07-30 17:00:00,4130.105555555556
2020-07-30 18:00:00,3876.162222222222
2020-07-30 19:00:00,1033.1965277777779
2020-07-30 20:00:00,522.5385763888889
2020-07-30 21:00:00,722.8064583333334
2020-07-30 22:00:00,674.0450694444445
2020-07-30 23:00:00,696.075625
2020-07-31 00:00:00,697.6646527777777
2020-07-31 01:00:00,722.5777777777778
2020-07-31 02:00:00,916.4234722222222
2020-07-31 03:00:00,1753.7697222222223
2020-07-31 04:00:00,1977.7558333333334
2020-07-31 05:00:00,707.0306944444444
2020-07-31 06:00:00,4085.788888888889
2020-07-31 07:00:00,4239.526944444445
2020-07-31 08:00:00,4318.548333333333
2020-07-31 09:00:00,4365.357222222222
2020-07-31 10:00:00,3898.4258333333332
2020-07-31 11:00:00,3785.7816666666668
2020-07-31 12:00:00,3722.4933333333333
2020-07-31 13:00:00,4099.312222222222
2020-07-31 14:00:00,4715.1466666666665
2020-07-31 15:00:00,4521.71
2020-07-31 16:00:00,4690.385555555556
2020-07-31 17:00:00,4200.686111111111
2020-07-31 18:00:00,4222.596111111111
2020-07-31 19:00:00,4436.656944444445
2020-07-31 20:00:00,4562.997222222222
2020-07-31 21:00:00,4402.7175
2020-07-31 22:00:00,4398.1883333333335
2020-07-31 23:00:00,4398.1883333333335
2020-08-01 00:00:00,3913.413888888889
2020-08-01 01:00:00,3652.8575
2020-08-01 02:00:00,2788.6202777777776
2020-08-01 03:00:00,1468.128888888889
2020-08-01 04:00:00,2892.150277777778
2020-08-01 05:00:00,4813.243333333333
2020-08-01 06:00:00,4675.05
2020-08-01 07:00:00,4362.559722222222
2020-08-01 08:00:00,4302.598888888889
2020-08-01 09:00:00,4351.618055555556
2020-08-01 10:00:00,4238.891944444445
2020-08-01 11:00:00,4145.442222222222
2020-08-01 12:00:00,3646.596666666667
2020-08-01 13:00:00,3908.549722222222
2020-08-01 14:00:00,4493.451666666667
2020-08-01 15:00:00,4549.330555555555
2020-08-01 16:00:00,4472.990555555555
2020-08-01 17:00:00,3933.043611111111
2020-08-01 18:00:00,3566.2975
2020-08-01 19:00:00,3574.3572222222224
2020-08-01 20:00:00,3546.8591666666666
2020-08-01 21:00:00,3639.001111111111
2020-08-01 22:00:00,3583.046388888889
2020-08-01 23:00:00,3580.900833333333
2020-08-02 00:00:00,3556.516111111111
2020-08-02 01:00:00,3561.91
2020-08-02 02:00:00,2748.264166666667
2020-08-02 03:00:00,1458.1219444444444
2020-08-02 04:00:00,1684.9633333333334
2020-08-02 05:00:00,1520.63125
2020-08-02 06:00:00,780.2093055555556
2020-08-02 07:00:00,1930.0179166666667
2020-08-02 08:00:00,4301.766666666666
2020-08-02 09:00:00,4275.457222222222
2020-08-02 10:00:00,3754.493611111111
2020-08-02 11:00:00,3651.3480555555557
2020-08-02 12:00:00,3646.616111111111
2020-08-02 13:00:00,4083.271111111111
2020-08-02 14:00:00,4705.002777777778
2020-08-02 15:00:00,4680.525
2020-08-02 16:00:00,4835.311111111111
2020-08-02 17:00:00,4293.174166666667
2020-08-02 18:00:00,4279.00875
2020-08-02 19:00:00,4266.2475
2020-08-02 20:00:00,4331.109722222222
2020-08-02 21:00:00,3695.175
2020-08-02 22:00:00,3664.9866666666667
2020-08-02 23:00:00,3619.7125
2020-08-03 00:00:00,3667.2008333333333
2020-08-03 01:00:00,3663.575
2020-08-03 02:00:00,3048.1272222222224
2020-08-03 03:00:00,1965.0845833333333
2020-08-03 04:00:00,2056.372638888889
2020-08-03 05:00:00,644.4635416666666
2020-08-03 06:00:00,1144.2981944444443
2020-08-03 07:00:00,4247.738888888889
2020-08-03 08:00:00,4261.563888888889
2020-08-03 09:00:00,4248.4783333333335
2020-08-03 10:00:00,4267.683888888889
2020-08-03 11:00:00,4356.141111111111
2020-08-03 12:00:00,4037.31
2020-08-03 13:00:00,3961.186111111111
2020-08-03 14:00:00,4954.341111111111
2020-08-03 15:00:00,4592.44
2020-08-03 16:00:00,4785.585555555555
2020-08-03 17:00:00,4083.203611111111
2020-08-03 18:00:00,2854.131388888889
2020-08-03 19:00:00,230.5651909722222
2020-08-03 20:00:00,181.15256944444445
2020-08-03 21:00:00,127.3225
2020-08-03 22:00:00,94.63725694444445
2020-08-03 23:00:00,107.38921006944445
2020-08-04 00:00:00,108.91512152777777
2020-08-04 01:00:00,96.91565104166666
2020-08-04 02:00:00,775.6202777777778
2020-08-04 03:00:00,1847.0175
2020-08-04 04:00:00,1494.5088888888888
2020-08-04 05:00:00,586.6498611111111
2020-08-04 06:00:00,1491.6804166666666
2020-08-04 07:00:00,4290.296111111111
2020-08-04 08:00:00,4511.933888888889
2020-08-04 09:00:00,4803.173333333333
2020-08-04 10:00:00,4039.6427777777776
2020-08-04 11:00:00,3653.308611111111
2020-08-04 12:00:00,3667.1394444444445
2020-08-04 13:00:00,4078.9844444444443
2020-08-04 14:00:00,4676.458888888889
2020-08-04 15:00:00,4777.735
2020-08-04 16:00:00,4884.114444444444
2020-08-04 17:00:00,4394.935
2020-08-04 18:00:00,4320.296111111111
2020-08-04 19:00:00,4287.386111111111
2020-08-04 20:00:00,4026.2594444444444
2020-08-04 21:00:00,3742.257222222222
2020-08-04 22:00:00,3688.375
2020-08-04 23:00:00,3668.1658333333335
2020-08-05 00:00:00,3576.817777777778
2020-08-05 01:00:00,3630.2347222222224
2020-08-05 02:00:00,3061.858333333333
2020-08-05 03:00:00,1760.2263888888888
2020-08-05 04:00:00,2111.5031944444445
2020-08-05 05:00:00,638.2291666666666
2020-08-05 06:00:00,536.116875
2020-08-05 07:00:00,3801.4175
2020-08-05 08:00:00,4335.360555555556
2020-08-05 09:00:00,4312.008888888889
2020-08-05 10:00:00,4282.296666666667
2020-08-05 11:00:00,4237.757777777778
2020-08-05 12:00:00,4246.2172222222225
2020-08-05 13:00:00,4135.575
2020-08-05 14:00:00,4676.968333333333
2020-08-05 15:00:00,4610.567777777777
2020-08-05 16:00:00,4734.93
2020-08-05 17:00:00,3725.320833333333
2020-08-05 18:00:00,3711.3194444444443
2020-08-05 19:00:00,3572.7655555555557
2020-08-05 20:00:00,3578.8444444444444
2020-08-05 21:00:00,3576.0030555555554
2020-08-05 22:00:00,3559.5941666666668
2020-08-05 23:00:00,3621.516111111111
2020-08-06 00:00:00,3545.5094444444444
2020-08-06 01:00:00,3533.038611111111
2020-08-06 02:00:00,2947.8994444444443
2020-08-06 03:00:00,1955.0690277777778
2020-08-06 04:00:00,2392.1911111111112
2020-08-06 05:00:00,4667.454444444445
2020-08-06 06:00:00,4561.319166666667
2020-08-06 07:00:00,4574.776666666667
2020-08-06 08:00:00,4653.7733333333335
2020-08-06 09:00:00,4271.622777777778
2020-08-06 10:00:00,4192.926666666666
2020-08-06 11:00:00,3687.458888888889
2020-08-06 12:00:00,3630.518888888889
2020-08-06 13:00:00,4429.311111111111
2020-08-06 14:00:00,4602.624444444445
2020-08-06 15:00:00,4512.459444444445
2020-08-06 16:00:00,4817.859444444444
2020-08-06 17:00:00,4353.7988888888885
2020-08-06 18:00:00,4307.924722222222
2020-08-06 19:00:00,4192.698333333334
2020-08-06 20:00:00,4454.776666666667
2020-08-06 21:00:00,4311.995555555555
2020-08-06 22:00:00,4257.59
2020-08-06 23:00:00,3655.0472222222224
2020-08-07 00:00:00,3604.715833333333
2020-08-07 01:00:00,3646.5755555555556
2020-08-07 02:00:00,4281.028333333334
2020-08-07 03:00:00,5311.122777777778
2020-08-07 04:00:00,5060.1288888888885
2020-08-07 05:00:00,4477.868888888889
2020-08-07 06:00:00,4462.266111111111
2020-08-07 07:00:00,4230.9944444444445
2020-08-07 08:00:00,4275.309166666667
2020-08-07 09:00:00,4426.4111111111115
2020-08-07 10:00:00,4251.986666666667
2020-08-07 11:00:00,4342.478055555555
2020-08-07 12:00:00,4351.243888888889
2020-08-07 13:00:00,4447.259722222222
2020-08-07 14:00:00,4823.558888888889
2020-08-07 15:00:00,4541.625
2020-08-07 16:00:00,4595.646944444445
2020-08-07 17:00:00,3854.947777777778
2020-08-07 18:00:00,3623.911111111111
2020-08-07 19:00:00,3730.5575
2020-08-07 20:00:00,3875.5983333333334
2020-08-07 21:00:00,3668.146111111111
2020-08-07 22:00:00,3666.4566666666665
2020-08-07 23:00:00,3694.188888888889
2020-08-08 00:00:00,3681.1652777777776
2020-08-08 01:00:00,3675.989722222222
2020-08-08 02:00:00,4304.93
2020-08-08 03:00:00,5514.696666666667
2020-08-08 04:00:00,5445.943333333334
2020-08-08 05:00:00,4699.551111111111
2020-08-08 06:00:00,5005.152222222222
2020-08-08 07:00:00,4321.42
2020-08-08 08:00:00,4278.036666666667
2020-08-08 09:00:00,4320.758888888889
2020-08-08 10:00:00,4305.650555555556
2020-08-08 11:00:00,4082.0030555555554
2020-08-08 12:00:00,3664.9925
2020-08-08 13:00:00,4197.667083333334
2020-08-08 14:00:00,4577.793333333333
2020-08-08 15:00:00,5037.9511111111115
2020-08-08 16:00:00,4192.511111111111
2020-08-08 17:00:00,4257.683888888889
2020-08-08 18:00:00,4087.906111111111
2020-08-08 19:00:00,4153.986944444445
2020-08-08 20:00:00,4118.331666666667
2020-08-08 21:00:00,4220.475555555556
2020-08-08 22:00:00,3660.886111111111
2020-08-08 23:00:00,3568.319722222222
2020-08-09 00:00:00,3544.702222222222
2020-08-09 01:00:00,3594.7122222222224
2020-08-09 02:00:00,4253.504722222222
2020-08-09 03:00:00,5198.705
2020-08-09 04:00:00,5342.755
2020-08-09 05:00:00,4546.612222222222
2020-08-09 06:00:00,4691.256666666667
2020-08-09 07:00:00,4259.475
2020-08-09 08:00:00,4373.383888888889
2020-08-09 09:00:00,4306.944444444444
2020-08-09 10:00:00,4371.761666666666
2020-08-09 11:00:00,4336.703888888889
2020-08-09 12:00:00,4257.7891666666665
2020-08-09 13:00:00,4458.787222222222
2020-08-09 14:00:00,4558.451666666667
2020-08-09 15:00:00,4753.556666666666
2020-08-09 16:00:00,4674.037777777778
2020-08-09 17:00:00,3955.7255555555557
2020-08-09 18:00:00,3677.682222222222
2020-08-09 19:00:00,3683.108888888889
2020-08-09 20:00:00,3740.253888888889
2020-08-09 21:00:00,3626.063888888889
2020-08-09 22:00:00,3626.4347222222223
2020-08-09 23:00:00,3610.989722222222
2020-08-10 00:00:00,3579.3244444444445
2020-08-10 01:00:00,3581.847222222222
2020-08-10 02:00:00,4258.687777777778
2020-08-10 03:00:00,5603.920555555555
2020-08-10 04:00:00,5941.662777777778
2020-08-10 05:00:00,5421.292777777778
2020-08-10 06:00:00,4776.3133333333335
2020-08-10 07:00:00,4449.803611111111
2020-08-10 08:00:00,4384.2508333333335
2020-08-10 09:00:00,4331.642777777778
2020-08-10 10:00:00,4265.176944444444
2020-08-10 11:00:00,4028.3327777777777
2020-08-10 12:00:00,3689.5605555555558
2020-08-10 13:00:00,4012.657777777778
2020-08-10 14:00:00,4551.068333333334
2020-08-10 15:00:00,4447.760833333334
2020-08-10 16:00:00,4667.672222222222
2020-08-10 17:00:00,4162.112777777777
2020-08-10 18:00:00,4214.146111111111
2020-08-10 19:00:00,4277.508333333333
2020-08-10 20:00:00,4304.496666666667
2020-08-10 21:00:00,3807.5105555555556
2020-08-10 22:00:00,3611.3780555555554
2020-08-10 23:00:00,3613.1419444444446
2020-08-11 00:00:00,3610.6794444444445
2020-08-11 01:00:00,3655.9733333333334
2020-08-11 02:00:00,4321.405
2020-08-11 03:00:00,5645.387222222223
2020-08-11 04:00:00,5658.745555555555
2020-08-11 05:00:00,4399.587222222222
2020-08-11 06:00:00,4568.851111111111
2020-08-11 07:00:00,4277.595833333334
2020-08-11 08:00:00,4313.230833333333
2020-08-11 09:00:00,4466.302222222223
2020-08-11 10:00:00,4349.673333333333
2020-08-11 11:00:00,4380.34
2020-08-11 12:00:00,4391.864722222223
2020-08-11 13:00:00,4483.480555555556
2020-08-11 14:00:00,4682.57
2020-08-11 15:00:00,4708.915
2020-08-11 16:00:00,4467.656944444445
2020-08-11 17:00:00,3903.155
2020-08-11 18:00:00,3657.335
2020-08-11 19:00:00,3584.3955555555553
2020-08-11 20:00:00,3416.6227777777776
2020-08-11 21:00:00,328.79288194444445
2020-08-11 22:00:00,341.8626388888889
2020-08-11 23:00:00,352.53729166666665
2020-08-12 00:00:00,355.77118055555553
2020-08-12 01:00:00,341.7760416666667
2020-08-12 02:00:00,952.18625
2020-08-12 03:00:00,1858.4677777777779
2020-08-12 04:00:00,2237.919861111111
2020-08-12 05:00:00,4655.676388888889
2020-08-12 06:00:00,4591.012777777778
2020-08-12 07:00:00,4292.693611111111
2020-08-12 08:00:00,4385.105555555556
2020-08-12 09:00:00,4460.708333333333
2020-08-12 10:00:00,4636.015833333333
2020-08-12 11:00:00,4515.881111111111
2020-08-12 12:00:00,4077.5741666666668
2020-08-12 13:00:00,4270.51
2020-08-12 14:00:00,4755.793333333333
2020-08-12 15:00:00,4683.702777777778
2020-08-12 16:00:00,4662.394444444444
2020-08-12 17:00:00,4292.634444444445
2020-08-12 18:00:00,4190.255277777777
2020-08-12 19:00:00,4286.848333333333
2020-08-12 20:00:00,4492.6819444444445
2020-08-12 21:00:00,4395.701944444444
2020-08-12 22:00:00,3847.3630555555555
2020-08-12 23:00:00,3670.9925
2020-08-13 00:00:00,3597.929722222222
2020-08-13 01:00:00,3632.6941666666667
2020-08-13 02:00:00,4212.896388888889
2020-08-13 03:00:00,5385.0488888888885
2020-08-13 04:00:00,5139.291111111111
2020-08-13 05:00:00,4531.3452777777775
2020-08-13 06:00:00,4670.466666666666
2020-08-13 07:00:00,4276.7988888888885
2020-08-13 08:00:00,4346.951666666667
2020-08-13 09:00:00,4374.648888888889
2020-08-13 10:00:00,4390.645833333333
2020-08-13 11:00:00,4303.280555555555
2020-08-13 12:00:00,4156.548333333333
2020-08-13 13:00:00,4317.1825
2020-08-13 14:00:00,4841.990555555555
2020-08-13 15:00:00,4591.707222222222
2020-08-13 16:00:00,4556.38
2020-08-13 17:00:00,3823.3405555555555
2020-08-13 18:00:00,3575.9344444444446
2020-08-13 19:00:00,3209.737777777778
2020-08-13 20:00:00,363.4240625
2020-08-13 21:00:00,331.0675694444444
2020-08-13 22:00:00,373.4014583333333
2020-08-13 23:00:00,381.6482986111111
2020-08-14 00:00:00,387.06055555555554
2020-08-14 01:00:00,387.20875
2020-08-14 02:00:00,926.3456944444445
2020-08-14 03:00:00,1874.3108333333332
2020-08-14 04:00:00,2393.012777777778
2020-08-14 05:00:00,4786.797777777778
2020-08-14 06:00:00,4657.714166666667
2020-08-14 07:00:00,5028.152222222222
2020-08-14 08:00:00,4696.149444444444
2020-08-14 09:00:00,4446.254166666667
2020-08-14 10:00:00,4048.4755555555557
2020-08-14 11:00:00,3699.985833333333
2020-08-14 12:00:00,3817.053888888889
2020-08-14 13:00:00,4168.606666666667
2020-08-14 14:00:00,4615.013333333333
2020-08-14 15:00:00,4662.6288888888885
2020-08-14 16:00:00,4626.022777777778
2020-08-14 17:00:00,4171.7202777777775
2020-08-14 18:00:00,3778.891111111111
2020-08-14 19:00:00,4240.381666666667
2020-08-14 20:00:00,4219.051666666666
2020-08-14 21:00:00,4149.941111111111
2020-08-14 22:00:00,3643.932222222222
2020-08-14 23:00:00,3644.1511111111113
2020-08-15 00:00:00,3628.45
2020-08-15 01:00:00,3681.708611111111
2020-08-15 02:00:00,4247.038888888889
2020-08-15 03:00:00,5701.968888888889
2020-08-15 04:00:00,5754.3261111111115
2020-08-15 05:00:00,5564.058888888889
2020-08-15 06:00:00,5146.885555555556
2020-08-15 07:00:00,4407.235277777778
2020-08-15 08:00:00,4393.945555555556
2020-08-15 09:00:00,4366.031666666667
2020-08-15 10:00:00,4351.915277777778
2020-08-15 11:00:00,4362.139444444444
2020-08-15 12:00:00,4540.475833333333
2020-08-15 13:00:00,4188.347777777778
2020-08-15 14:00:00,4889.93
2020-08-15 15:00:00,4664.188888888889
2020-08-15 16:00:00,4434.316111111111
2020-08-15 17:00:00,3724.068333333333
2020-08-15 18:00:00,3622.0163888888887
2020-08-15 19:00:00,3662.0286111111113
2020-08-15 20:00:00,3634.1294444444443
2020-08-15 21:00:00,3596.655277777778
2020-08-15 22:00:00,3799.0383333333334
2020-08-15 23:00:00,3683.8077777777776
2020-08-16 00:00:00,3640.3433333333332
2020-08-16 01:00:00,3636.5608333333334
2020-08-16 02:00:00,3663.3216666666667
2020-08-16 03:00:00,4651.011111111111
2020-08-16 04:00:00,5731.972222222223
2020-08-16 05:00:00,4983.988888888889
2020-08-16 06:00:00,4760.081111111111
2020-08-16 07:00:00,4468.628333333333
2020-08-16 08:00:00,4536.197222222222
2020-08-16 09:00:00,4397.453611111111
2020-08-16 10:00:00,4408.63
2020-08-16 11:00:00,4403.48
2020-08-16 12:00:00,4132.915
2020-08-16 13:00:00,4072.087777777778
2020-08-16 14:00:00,4588.968888888889
2020-08-16 15:00:00,4523.403333333334
2020-08-16 16:00:00,4612.739166666666
2020-08-16 17:00:00,4217.767777777778
2020-08-16 18:00:00,4308.045555555555
2020-08-16 19:00:00,4223.142777777778
2020-08-16 20:00:00,4374.08
2020-08-16 21:00:00,3983.731388888889
2020-08-16 22:00:00,3639.6097222222224
2020-08-16 23:00:00,3629.486388888889
2020-08-17 00:00:00,3644.5005555555554
2020-08-17 01:00:00,3609.737222222222
2020-08-17 02:00:00,2816.3922222222222
2020-08-17 03:00:00,1927.5433333333333
2020-08-17 04:00:00,5547.041666666667
2020-08-17 05:00:00,4683.218333333333
2020-08-17 06:00:00,4286.019722222222
2020-08-17 07:00:00,4445.8677777777775
2020-08-17 08:00:00,4393.658055555556
2020-08-17 09:00:00,4118.179166666667
2020-08-17 10:00:00,4325.2763888888885
2020-08-17 11:00:00,3996.9577777777777
2020-08-17 12:00:00,3799.658611111111
2020-08-17 13:00:00,4206.9
2020-08-17 14:00:00,4736.16
2020-08-17 15:00:00,4533.630277777777
2020-08-17 16:00:00,4754.524444444444
2020-08-17 17:00:00,3721.8541666666665
2020-08-17 18:00:00,3611.2080555555553
2020-08-17 19:00:00,3688.108888888889
2020-08-17 20:00:00,3629.2058333333334
2020-08-17 21:00:00,3668.1277777777777
2020-08-17 22:00:00,3615.401388888889
2020-08-17 23:00:00,3612.8572222222224
2020-08-18 00:00:00,3609.8572222222224
2020-08-18 01:00:00,3598.7233333333334
2020-08-18 02:00:00,4227.492222222222
2020-08-18 03:00:00,4114.195555555556
2020-08-18 04:00:00,1615.9672222222223
2020-08-18 05:00:00,638.7057638888889
2020-08-18 06:00:00,488.3648263888889
2020-08-18 07:00:00,236.05399305555557
2020-08-18 08:00:00,4251.73
2020-08-18 09:00:00,4542.371388888889
2020-08-18 10:00:00,3724.0647222222224
2020-08-18 11:00:00,3662.133333333333
2020-08-18 12:00:00,3644.612777777778
2020-08-18 13:00:00,4228.385
2020-08-18 14:00:00,4670.663333333333
2020-08-18 15:00:00,4773.829444444445
2020-08-18 16:00:00,4789.094444444445
2020-08-18 17:00:00,4151.300555555556
2020-08-18 18:00:00,238.335
2020-08-18 19:00:00,224.65723958333334
2020-08-18 20:00:00,417.01229166666667
2020-08-18 21:00:00,356.5838888888889
2020-08-18 22:00:00,346.26440972222224
2020-08-18 23:00:00,317.82645833333333
2020-08-19 00:00:00,337.32138888888886
2020-08-19 01:00:00,344.56024305555553
2020-08-19 02:00:00,776.0777777777778
2020-08-19 03:00:00,1698.3855555555556
2020-08-19 04:00:00,2337.6380555555556
2020-08-19 05:00:00,922.0320833333334
2020-08-19 06:00:00,579.1350347222223
2020-08-19 07:00:00,2412.995
2020-08-19 08:00:00,4506.990833333333
2020-08-19 09:00:00,4398.4608333333335
2020-08-19 10:00:00,4360.2202777777775
2020-08-19 11:00:00,4240.055
2020-08-19 12:00:00,3764.21
2020-08-19 13:00:00,4180.978055555555
2020-08-19 14:00:00,4955.354444444444
2020-08-19 15:00:00,4561.349166666667
2020-08-19 16:00:00,4672.694444444444
2020-08-19 17:00:00,3880.943333333333
2020-08-19 18:00:00,3720.744722222222
2020-08-19 19:00:00,3580.8147222222224
2020-08-19 20:00:00,3756.1316666666667
2020-08-19 21:00:00,3785.1469444444447
2020-08-19 22:00:00,3639.3883333333333
2020-08-19 23:00:00,3642.976111111111
2020-08-20 00:00:00,3612.007222222222
2020-08-20 01:00:00,3566.7183333333332
2020-08-20 02:00:00,3487.4952777777776
2020-08-20 03:00:00,1818.3453472222222
2020-08-20 04:00:00,2248.5451388888887
2020-08-20 05:00:00,3417.8580555555554
2020-08-20 06:00:00,5179.691111111111
2020-08-20 07:00:00,7049.834444444445
2020-08-20 08:00:00,8671.91111111111
2020-08-20 09:00:00,7374.989444444444
2020-08-20 10:00:00,4280.2861111111115
2020-08-20 11:00:00,3670.9405555555554
2020-08-20 12:00:00,3635.186111111111
2020-08-20 13:00:00,4414.91
2020-08-20 14:00:00,4707.959444444445
2020-08-20 15:00:00,4825.61
2020-08-20 16:00:00,4766.51
2020-08-20 17:00:00,4253.5575
2020-08-20 18:00:00,4186.925555555556
2020-08-20 19:00:00,4182.457222222222
2020-08-20 20:00:00,4082.537222222222
2020-08-20 21:00:00,3632.9372222222223
2020-08-20 22:00:00,3534.8316666666665
2020-08-20 23:00:00,3003.157222222222
2020-08-21 00:00:00,360.1321527777778
2020-08-21 01:00:00,344.68354166666666
2020-08-21 02:00:00,705.8761111111111
2020-08-21 03:00:00,3045.405
2020-08-21 04:00:00,3466.0666666666666
2020-08-21 05:00:00,4831.745
2020-08-21 06:00:00,5636.6033333333335
2020-08-21 07:00:00,5012.232222222222
2020-08-21 08:00:00,4453.415
2020-08-21 09:00:00,4326.908055555556
2020-08-21 10:00:00,4311.926666666666
2020-08-21 11:00:00,4327.682222222223
2020-08-21 12:00:00,3830.693888888889
2020-08-21 13:00:00,4197.072777777777
2020-08-21 14:00:00,4686.633333333333
2020-08-21 15:00:00,4795.695555555556
2020-08-21 16:00:00,5101.983333333334
2020-08-21 17:00:00,4066.0875
2020-08-21 18:00:00,3877.318888888889
2020-08-21 19:00:00,4047.211111111111
2020-08-21 20:00:00,4106.13
2020-08-21 21:00:00,3858.8569444444443
2020-08-21 22:00:00,3894.7347222222224
2020-08-21 23:00:00,3896.7344444444443
2020-08-22 00:00:00,3901.27
2020-08-22 01:00:00,3901.301111111111
2020-08-22 02:00:00,3115.3327777777777
2020-08-22 03:00:00,1954.0622222222223
2020-08-22 04:00:00,2547.766666666667
2020-08-22 05:00:00,5900.675555555556
2020-08-22 06:00:00,4934.6288888888885
2020-08-22 07:00:00,4467.397777777778
2020-08-22 08:00:00,4382.631111111111
2020-08-22 09:00:00,4404.189444444444
2020-08-22 10:00:00,4121.956944444444
2020-08-22 11:00:00,3631.6180555555557
2020-08-22 12:00:00,3678.6016666666665
2020-08-22 13:00:00,4018.6080555555554
2020-08-22 14:00:00,4914.7
2020-08-22 15:00:00,4325.281111111111
2020-08-22 16:00:00,249.33017361111112
2020-08-22 17:00:00,247.09552083333332
2020-08-22 18:00:00,245.68895833333335
2020-08-22 19:00:00,253.26083333333332
2020-08-22 20:00:00,192.4217361111111
2020-08-22 21:00:00,163.38572916666666
2020-08-22 22:00:00,163.5962152777778
2020-08-22 23:00:00,184.22694444444446
2020-08-23 00:00:00,182.1301388888889
2020-08-23 01:00:00,163.46895833333335
2020-08-23 02:00:00,749.9308333333333
2020-08-23 03:00:00,1879.2647222222222
2020-08-23 04:00:00,2084.100972222222
2020-08-23 05:00:00,1554.6336111111111
2020-08-23 06:00:00,1253.1165277777777
2020-08-23 07:00:00,2210.637222222222
2020-08-23 08:00:00,4543.98
2020-08-23 09:00:00,4491.849722222222
2020-08-23 10:00:00,4449.450277777778
2020-08-23 11:00:00,3978.320277777778
2020-08-23 12:00:00,3749.935
2020-08-23 13:00:00,4064.3777777777777
2020-08-23 14:00:00,4732.6594444444445
2020-08-23 15:00:00,4972.800555555556
2020-08-23 16:00:00,2866.2566666666667
2020-08-23 17:00:00,194.77555555555554
2020-08-23 18:00:00,211.00831597222222
2020-08-23 19:00:00,222.98619791666667
2020-08-23 20:00:00,526.5604861111111
2020-08-23 21:00:00,437.61020833333333
2020-08-23 22:00:00,411.7397569444444
2020-08-23 23:00:00,437.91333333333336
2020-08-24 00:00:00,418.26895833333333
2020-08-24 01:00:00,418.7585763888889
2020-08-24 02:00:00,975.2993055555555
2020-08-24 03:00:00,1834.1345833333332
2020-08-24 04:00:00,2161.9130555555557
2020-08-24 05:00:00,1224.627638888889
2020-08-24 06:00:00,515.871875
2020-08-24 07:00:00,413.26659722222223
2020-08-24 08:00:00,380.08680555555554
2020-08-24 09:00:00,334.06368055555555
2020-08-24 10:00:00,385.88868055555554
2020-08-24 11:00:00,348.29600694444446
2020-08-24 12:00:00,351.14666666666665
2020-08-24 13:00:00,639.2036805555556
2020-08-24 14:00:00,650.1096527777778
2020-08-24 15:00:00,618.1302777777778
2020-08-24 16:00:00,723.2566666666667
2020-08-24 17:00:00,226.8407986111111
2020-08-24 18:00:00,223.5364236111111
2020-08-24 19:00:00,285.8665798611111
2020-08-24 20:00:00,401.73819444444445
2020-08-24 21:00:00,412.8367361111111
2020-08-24 22:00:00,419.8029861111111
2020-08-24 23:00:00,401.6767708333333
2020-08-25 00:00:00,421.77715277777776
2020-08-25 01:00:00,401.59465277777775
2020-08-25 02:00:00,805.6113888888889
2020-08-25 03:00:00,1566.2554166666666
2020-08-25 04:00:00,1811.5595833333334
2020-08-25 05:00:00,1173.1231944444444
2020-08-25 06:00:00,618.3851388888888
2020-08-25 07:00:00,985.3108333333333
2020-08-25 08:00:00,1026.7910416666666
2020-08-25 09:00:00,815.5172222222222
2020-08-25 10:00:00,228.74572916666668
2020-08-25 11:00:00,219.39177083333334
2020-08-25 12:00:00,262.50053819444446
2020-08-25 13:00:00,459.0494444444444
2020-08-25 14:00:00,543.8190625
2020-08-25 15:00:00,579.4229861111111
2020-08-25 16:00:00,604.4736111111112
2020-08-25 17:00:00,493.43111111111114
2020-08-25 18:00:00,230.9789236111111
2020-08-25 19:00:00,263.69881944444444
2020-08-25 20:00:00,210.7667361111111
2020-08-25 21:00:00,128.13451388888888
2020-08-25 22:00:00,160.07764756944445
2020-08-25 23:00:00,130.549921875
2020-08-26 00:00:00,128.61444444444444
2020-08-26 01:00:00,151.21520833333332
2020-08-26 02:00:00,798.6861805555556
2020-08-26 03:00:00,1868.5058333333334
2020-08-26 04:00:00,2033.8572222222222
2020-08-26 05:00:00,2113.9683333333332
2020-08-26 06:00:00,969.1481944444445
2020-08-26 07:00:00,336.1138888888889
2020-08-26 08:00:00,332.92913194444446
2020-08-26 09:00:00,252.58052083333334
2020-08-26 10:00:00,236.1770138888889
2020-08-26 11:00:00,171.13368055555554
2020-08-26 12:00:00,185.1201736111111
2020-08-26 13:00:00,439.4197222222222
2020-08-26 14:00:00,651.8259722222223
2020-08-26 15:00:00,672.8732638888889
2020-08-26 16:00:00,567.8605555555556
2020-08-26 17:00:00,228.5923090277778
2020-08-26 18:00:00,297.45715277777776
2020-08-26 19:00:00,178.85729166666667
2020-08-26 20:00:00,373.5476388888889
2020-08-26 21:00:00,429.996875
2020-08-26 22:00:00,413.77520833333335
2020-08-26 23:00:00,419.90513888888887
2020-08-27 00:00:00,434.9747222222222
2020-08-27 01:00:00,412.5702083333333
2020-08-27 02:00:00,943.3227777777778
2020-08-27 03:00:00,1675.0777777777778
2020-08-27 04:00:00,1922.9575
2020-08-27 05:00:00,845.2345138888888
2020-08-27 06:00:00,2421.4619444444443
2020-08-27 07:00:00,3387.6202777777776
2020-08-27 08:00:00,4411.443888888889
2020-08-27 09:00:00,4375.666111111111
2020-08-27 10:00:00,4435.984444444444
2020-08-27 11:00:00,4462.075833333333
2020-08-27 12:00:00,3733.9930555555557
2020-08-27 13:00:00,4221.071944444445
2020-08-27 14:00:00,4515.892222222222
2020-08-27 15:00:00,4456.948333333334
2020-08-27 16:00:00,3620.6072222222224
2020-08-27 17:00:00,313.4629861111111
2020-08-27 18:00:00,231.4404513888889
2020-08-27 19:00:00,247.70881944444446
2020-08-27 20:00:00,332.8932638888889
2020-08-27 21:00:00,286.9821527777778
2020-08-27 22:00:00,236.8370486111111
2020-08-27 23:00:00,199.27456597222223
2020-08-28 00:00:00,206.46519097222222
2020-08-28 01:00:00,209.94024305555556
2020-08-28 02:00:00,688.5904861111111
2020-08-28 03:00:00,1697.73375
2020-08-28 04:00:00,1866.5652777777777
2020-08-28 05:00:00,1465.2391666666667
2020-08-28 06:00:00,1451.608611111111
2020-08-28 07:00:00,381.8564583333333
2020-08-28 08:00:00,275.6360590277778
2020-08-28 09:00:00,379.0124652777778
2020-08-28 10:00:00,282.76368055555554
2020-08-28 11:00:00,228.1063888888889
2020-08-28 12:00:00,268.90302083333336
2020-08-28 13:00:00,424.33819444444447
2020-08-28 14:00:00,573.5381944444445
2020-08-28 15:00:00,663.1673611111111
2020-08-28 16:00:00,613.2131944444444
2020-08-28 17:00:00,245.49105902777777
2020-08-28 18:00:00,222.39506944444443
2020-08-28 19:00:00,246.57361111111112
2020-08-28 20:00:00,232.53342013888889
2020-08-28 21:00:00,147.78895833333334
2020-08-28 22:00:00,141.87387152777777
2020-08-28 23:00:00,260.58246527777777
2020-08-29 00:00:00,131.84072916666668
2020-08-29 01:00:00,131.74105902777777
2020-08-29 02:00:00,775.2413194444445
2020-08-29 03:00:00,1712.5168055555555
2020-08-29 04:00:00,1802.733611111111
2020-08-29 05:00:00,915.9902777777778
2020-08-29 06:00:00,933.02875
2020-08-29 07:00:00,1066.8536805555555
2020-08-29 08:00:00,373.03027777777777
2020-08-29 09:00:00,4211.857222222222
2020-08-29 10:00:00,4284.446111111111
2020-08-29 11:00:00,3968.8330555555553
2020-08-29 12:00:00,3645.551388888889
2020-08-29 13:00:00,3998.0391666666665
2020-08-29 14:00:00,4371.187222222222
2020-08-29 15:00:00,4720.160555555555
2020-08-29 16:00:00,4257.420555555555
2020-08-29 17:00:00,3988.5244444444443
2020-08-29 18:00:00,3813.1094444444443
2020-08-29 19:00:00,3554.866388888889
2020-08-29 20:00:00,3462.3455555555556
2020-08-29 21:00:00,1460.2668055555555
2020-08-29 22:00:00,200.6628472222222
2020-08-29 23:00:00,219.3449652777778
2020-08-30 00:00:00,238.1963888888889
2020-08-30 01:00:00,224.1871875
2020-08-30 02:00:00,786.7513888888889
2020-08-30 03:00:00,1701.256111111111
2020-08-30 04:00:00,1791.4148611111111
2020-08-30 05:00:00,1427.5719444444444
2020-08-30 06:00:00,601.151875
2020-08-30 07:00:00,3098.541388888889
2020-08-30 08:00:00,4299.899166666667
2020-08-30 09:00:00,4295.426388888889
2020-08-30 10:00:00,3643.771111111111
2020-08-30 11:00:00,3634.58
2020-08-30 12:00:00,3617.5044444444443
2020-08-30 13:00:00,4156.500555555555
2020-08-30 14:00:00,4473.4111111111115
2020-08-30 15:00:00,4587.859444444444
2020-08-30 16:00:00,4414.22
2020-08-30 17:00:00,4290.028888888889
2020-08-30 18:00:00,3786.2252777777776
2020-08-30 19:00:00,317.76902777777775
2020-08-30 20:00:00,389.80833333333334
2020-08-30 21:00:00,260.91
2020-08-30 22:00:00,184.37166666666667
2020-08-30 23:00:00,201.59125
2020-08-31 00:00:00,184.39958333333334
2020-08-31 01:00:00,198.87015625
2020-08-31 02:00:00,777.0590277777778
2020-08-31 03:00:00,1636.8915277777778
2020-08-31 04:00:00,1870.8101388888888
2020-08-31 05:00:00,1510.096388888889
2020-08-31 06:00:00,1011.1054166666667
2020-08-31 07:00:00,2959.718611111111
2020-08-31 08:00:00,4343.4944444444445
2020-08-31 09:00:00,4503.995555555555
2020-08-31 10:00:00,4392.669444444445
2020-08-31 11:00:00,4110.278333333334
2020-08-31 12:00:00,3819.910277777778
2020-08-31 13:00:00,4110.3388888888885
2020-08-31 14:00:00,4402.6322222222225
2020-08-31 15:00:00,5167.997777777778
2020-08-31 16:00:00,5212.1
2020-08-31 17:00:00,3549.2705555555553
2020-08-31 18:00:00,205.3525173611111
2020-08-31 19:00:00,147.7485763888889
2020-08-31 20:00:00,259.3309027777778
2020-08-31 21:00:00,171.94208333333333
2020-08-31 22:00:00,188.10663194444444
2020-08-31 23:00:00,168.56335069444444
2020-09-01 00:00:00,177.34934027777777
2020-09-01 01:00:00,181.96520833333332
2020-09-01 02:00:00,737.3344444444444
2020-09-01 03:00:00,1427.0569444444445
2020-09-01 04:00:00,2081.5441666666666
2020-09-01 05:00:00,2075.63
2020-09-01 06:00:00,4135.452222222222
2020-09-01 07:00:00,4194.692777777777
2020-09-01 08:00:00,4480.4961111111115
2020-09-01 09:00:00,4990.857777777778
2020-09-01 10:00:00,4401.737777777777
2020-09-01 11:00:00,4394.971111111111
2020-09-01 12:00:00,4584.3422222222225
2020-09-01 13:00:00,4468.844722222222
2020-09-01 14:00:00,4787.421111111111
2020-09-01 15:00:00,4803.934444444444
2020-09-01 16:00:00,5487.187222222222
2020-09-01 17:00:00,4320.1113888888885
2020-09-01 18:00:00,2188.2384722222223
2020-09-01 19:00:00,230.4696875
2020-09-01 20:00:00,225.8061111111111
2020-09-01 21:00:00,720.9271527777778
2020-09-01 22:00:00,393.6845833333333
2020-09-01 23:00:00,494.4289236111111
2020-09-02 00:00:00,423.2092013888889
2020-09-02 01:00:00,413.29381944444447
2020-09-02 02:00:00,932.4627777777778
2020-09-02 03:00:00,1645.49125
2020-09-02 04:00:00,3062.8516666666665
2020-09-02 05:00:00,888.4231944444444
2020-09-02 06:00:00,867.7977777777778
2020-09-02 07:00:00,356.34
2020-09-02 08:00:00,672.8400694444445
2020-09-02 09:00:00,4348.662777777778
2020-09-02 10:00:00,4148.48
2020-09-02 11:00:00,3687.657222222222
2020-09-02 12:00:00,4118.562222222222
2020-09-02 13:00:00,4539.243888888889
2020-09-02 14:00:00,4886.044444444445
2020-09-02 15:00:00,5455.975555555556
2020-09-02 16:00:00,2399.1794444444445
2020-09-02 17:00:00,228.2992013888889
2020-09-02 18:00:00,216.74475694444445
2020-09-02 19:00:00,151.6417013888889
2020-09-02 20:00:00,0.33776279025607636
2020-09-02 21:00:00,105.47603298611111
2020-09-02 22:00:00,287.49432291666665
2020-09-02 23:00:00,263.86491319444445
2020-09-03 00:00:00,271.6801736111111
2020-09-03 01:00:00,243.345625
2020-09-03 02:00:00,768.1553472222222
2020-09-03 03:00:00,1798.1097222222222
2020-09-03 04:00:00,2787.2405555555556
2020-09-03 05:00:00,1482.181111111111
2020-09-03 06:00:00,1763.121111111111
2020-09-03 07:00:00,501.239375
2020-09-03 08:00:00,387.98590277777777
2020-09-03 09:00:00,358.3124652777778
2020-09-03 10:00:00,362.61027777777775
2020-09-03 11:00:00,296.7365972222222
2020-09-03 12:00:00,339.52975694444444
2020-09-03 13:00:00,581.5914930555556
2020-09-03 14:00:00,1003.1491666666667
2020-09-03 15:00:00,0.0
2020-09-03 16:00:00,0.0
2020-09-03 17:00:00,0.0
2020-09-03 18:00:00,0.0
2020-09-03 19:00:00,0.0
2020-09-03 20:00:00,0.0
2020-09-03 21:00:00,0.0
2020-09-03 22:00:00,0.0
2020-09-03 23:00:00,0.0
2020-09-04 00:00:00,0.0
2020-09-04 01:00:00,0.0
2020-09-04 02:00:00,0.0
2020-09-04 03:00:00,0.0
2020-09-04 04:00:00,0.0
2020-09-04 05:00:00,0.0
2020-09-04 06:00:00,0.0
2020-09-04 07:00:00,0.0
2020-09-04 08:00:00,0.0
2020-09-04 09:00:00,0.0
2020-09-04 10:00:00,0.0
2020-09-04 11:00:00,0.0
2020-09-04 12:00:00,0.0
2020-09-04 13:00:00,0.0
2020-09-04 14:00:00,0.0
2020-09-04 15:00:00,0.0
2020-09-04 16:00:00,0.0
2020-09-04 17:00:00,0.0
2020-09-04 18:00:00,0.0
2020-09-04 19:00:00,0.0
2020-09-04 20:00:00,0.0
2020-09-04 21:00:00,0.0
2020-09-04 22:00:00,0.0
2020-09-04 23:00:00,0.0
2020-09-05 00:00:00,0.0
2020-09-05 01:00:00,0.0
2020-09-05 02:00:00,0.0
2020-09-05 03:00:00,0.0
2020-09-05 04:00:00,0.0
2020-09-05 05:00:00,0.0
2020-09-05 06:00:00,0.0
2020-09-05 07:00:00,0.0
2020-09-05 08:00:00,0.0
2020-09-05 09:00:00,143.55901909722223
2020-09-05 10:00:00,981.9755555555555
2020-09-05 11:00:00,743.9406944444445
2020-09-05 12:00:00,516.2953472222222
2020-09-05 13:00:00,851.4291666666667
2020-09-05 14:00:00,1074.7671527777777
2020-09-05 15:00:00,1087.3631944444444
2020-09-05 16:00:00,943.6534722222223
2020-09-05 17:00:00,621.0473611111111
2020-09-05 18:00:00,259.4392361111111
2020-09-05 19:00:00,218.26197916666666
2020-09-05 20:00:00,248.643125
2020-09-05 21:00:00,295.6873611111111
2020-09-05 22:00:00,211.44104166666668
2020-09-05 23:00:00,171.52810763888888
2020-09-06 00:00:00,187.0624826388889
2020-09-06 01:00:00,180.30166666666668
2020-09-06 02:00:00,627.3018055555556
2020-09-06 03:00:00,1318.5681944444445
2020-09-06 04:00:00,2208.849722222222
2020-09-06 05:00:00,1524.6627777777778
2020-09-06 06:00:00,383.1825694444444
2020-09-06 07:00:00,229.2903472222222
2020-09-06 08:00:00,204.2748611111111
2020-09-06 09:00:00,266.1664236111111
2020-09-06 10:00:00,316.62152777777777
2020-09-06 11:00:00,291.828125
2020-09-06 12:00:00,302.1912565104167
2020-09-06 13:00:00,597.9759027777778
2020-09-06 14:00:00,1653.1044444444444
2020-09-06 15:00:00,944.0535416666667
2020-09-06 16:00:00,709.1705555555556
2020-09-06 17:00:00,581.3016319444445
2020-09-06 18:00:00,1399.5997222222222
2020-09-06 19:00:00,814.6713888888889
2020-09-06 20:00:00,261.31322916666664
2020-09-06 21:00:00,245.65604166666665
2020-09-06 22:00:00,184.00887152777779
2020-09-06 23:00:00,188.6754513888889
2020-09-07 00:00:00,207.87864583333334
2020-09-07 01:00:00,192.053125
2020-09-07 02:00:00,902.1269444444445
2020-09-07 03:00:00,1793.0494444444444
2020-09-07 04:00:00,2818.4583333333335
2020-09-07 05:00:00,2449.215833333333
2020-09-07 06:00:00,808.9324305555556
2020-09-07 07:00:00,378.6765277777778
2020-09-07 08:00:00,388.80864583333334
2020-09-07 09:00:00,266.9015972222222
2020-09-07 10:00:00,194.18121527777777
2020-09-07 11:00:00,209.29539930555555
2020-09-07 12:00:00,200.09524305555556
2020-09-07 13:00:00,510.67024305555555
2020-09-07 14:00:00,1500.5216666666668
2020-09-07 15:00:00,603.2279861111111
2020-09-07 16:00:00,1031.5398611111111
2020-09-07 17:00:00,235.48772569444444
2020-09-07 18:00:00,222.66395833333334
2020-09-07 19:00:00,208.36145833333333
2020-09-07 20:00:00,346.326875
2020-09-07 21:00:00,190.74989583333334
2020-09-07 22:00:00,186.46815972222223
2020-09-07 23:00:00,206.91427083333335
2020-09-08 00:00:00,191.58029513888889
2020-09-08 01:00:00,189.78470486111112
2020-09-08 02:00:00,208.55159722222223
2020-09-08 03:00:00,1181.7108333333333
2020-09-08 04:00:00,2556.5516666666667
2020-09-08 05:00:00,2376.780277777778
2020-09-08 06:00:00,535.2072916666667
2020-09-08 07:00:00,339.6145833333333
2020-09-08 08:00:00,324.8886111111111
2020-09-08 09:00:00,278.0859027777778
2020-09-08 10:00:00,212.80548611111112
2020-09-08 11:00:00,206.32199652777777
2020-09-08 12:00:00,201.07375
2020-09-08 13:00:00,662.8
2020-09-08 14:00:00,1312.2005555555556
2020-09-08 15:00:00,852.7129166666666
2020-09-08 16:00:00,927.2118055555555
2020-09-08 17:00:00,256.94994791666664
2020-09-08 18:00:00,221.82965277777777
2020-09-08 19:00:00,218.92798611111112
2020-09-08 20:00:00,349.1401388888889
2020-09-08 21:00:00,201.0520486111111
2020-09-08 22:00:00,216.54284722222224
2020-09-08 23:00:00,199.4699826388889
2020-09-09 00:00:00,221.5009548611111
2020-09-09 01:00:00,200.58583333333334
2020-09-09 02:00:00,812.3986111111111
2020-09-09 03:00:00,1723.8397222222222
2020-09-09 04:00:00,2619.885277777778
2020-09-09 05:00:00,1891.4880555555555
2020-09-09 06:00:00,564.7206944444445
2020-09-09 07:00:00,233.553125
2020-09-09 08:00:00,246.40880208333334
2020-09-09 09:00:00,228.50805555555556
2020-09-09 10:00:00,243.44579861111112
2020-09-09 11:00:00,226.45868055555556
2020-09-09 12:00:00,390.9681597222222
2020-09-09 13:00:00,398.8888888888889
2020-09-09 14:00:00,1004.8855555555556
2020-09-09 15:00:00,947.5719444444444
2020-09-09 16:00:00,613.0625
2020-09-09 17:00:00,265.9499652777778
2020-09-09 18:00:00,889.1890972222222
2020-09-09 19:00:00,1648.3475
2020-09-09 20:00:00,1377.411388888889
2020-09-09 21:00:00,695.1839583333333
2020-09-09 22:00:00,0.04283888922797309
2020-09-09 23:00:00,0.03265999688042535
2020-09-10 00:00:00,0.009043333265516493
2020-09-10 01:00:00,0.04799250284830729
2020-09-10 02:00:00,821.0109027777778
2020-09-10 03:00:00,1721.9944444444445
2020-09-10 04:00:00,2719.1033333333335
2020-09-10 05:00:00,2039.0826388888888
2020-09-10 06:00:00,659.9166666666666
2020-09-10 07:00:00,260.9837326388889
2020-09-10 08:00:00,271.87519097222224
2020-09-10 09:00:00,3650.2116666666666
2020-09-10 10:00:00,3842.3302777777776
2020-09-10 11:00:00,3880.76
2020-09-10 12:00:00,3779.9794444444447
2020-09-10 13:00:00,4135.006388888889
2020-09-10 14:00:00,5160.265
2020-09-10 15:00:00,3488.0944444444444
2020-09-10 16:00:00,571.4055555555556
2020-09-10 17:00:00,935.3038888888889
2020-09-10 18:00:00,230.4203298611111
2020-09-10 19:00:00,250.30694444444444
2020-09-10 20:00:00,181.3371875
2020-09-10 21:00:00,276.3535590277778
2020-09-10 22:00:00,208.16722222222222
2020-09-10 23:00:00,191.25375
2020-09-11 00:00:00,192.94105902777778
2020-09-11 01:00:00,206.82385416666668
2020-09-11 02:00:00,690.9144444444445
2020-09-11 03:00:00,1737.8338888888889
2020-09-11 04:00:00,2408.6697222222224
2020-09-11 05:00:00,2684.4094444444445
2020-09-11 06:00:00,685.6194444444444
2020-09-11 07:00:00,328.0805208333333
2020-09-11 08:00:00,329.9811111111111
2020-09-11 09:00:00,298.16493055555554
2020-09-11 10:00:00,216.42463541666666
2020-09-11 11:00:00,222.97947916666666
2020-09-11 12:00:00,241.52598958333334
2020-09-11 13:00:00,442.8930555555556
2020-09-11 14:00:00,778.9243055555555
2020-09-11 15:00:00,1488.4331944444446
2020-09-11 16:00:00,571.0582638888889
2020-09-11 17:00:00,428.8357638888889
2020-09-11 18:00:00,232.68565972222223
2020-09-11 19:00:00,228.44569444444446
2020-09-11 20:00:00,335.47538194444445
2020-09-11 21:00:00,187.30652777777777
2020-09-11 22:00:00,199.84932291666667
2020-09-11 23:00:00,183.4752951388889
2020-09-12 00:00:00,185.26458333333332
2020-09-12 01:00:00,206.14892361111112
2020-09-12 02:00:00,678.5429166666667
2020-09-12 03:00:00,1602.3858333333333
2020-09-12 04:00:00,2592.1969444444444
2020-09-12 05:00:00,2089.280138888889
2020-09-12 06:00:00,408.3436805555556
2020-09-12 07:00:00,484.85972764756946
2020-09-12 08:00:00,599.7760416666666
2020-09-12 09:00:00,826.3891666666667
2020-09-12 10:00:00,388.1119444444444
2020-09-12 11:00:00,630.8984722222223
2020-09-12 12:00:00,483.49111111111114
2020-09-12 13:00:00,576.6651388888889
2020-09-12 14:00:00,1195.9398611111112
2020-09-12 15:00:00,870.5384027777778
2020-09-12 16:00:00,902.1953472222223
2020-09-12 17:00:00,307.4142361111111
2020-09-12 18:00:00,313.2064236111111
2020-09-12 19:00:00,307.71986111111113
2020-09-12 20:00:00,313.04743055555554
2020-09-12 21:00:00,296.9417013888889
2020-09-12 22:00:00,294.70409722222223
2020-09-12 23:00:00,258.77588541666665
2020-09-13 00:00:00,177.82526041666668
2020-09-13 01:00:00,182.59164930555556
2020-09-13 02:00:00,766.1479166666667
2020-09-13 03:00:00,1742.0770833333333
2020-09-13 04:00:00,2613.9266666666667
2020-09-13 05:00:00,1876.8752777777777
2020-09-13 06:00:00,1008.7329166666667
2020-09-13 07:00:00,215.1003472222222
2020-09-13 08:00:00,242.57190972222222
2020-09-13 09:00:00,207.17527777777778
2020-09-13 10:00:00,219.2959375
2020-09-13 11:00:00,233.60229166666667
2020-09-13 12:00:00,210.3162326388889
2020-09-13 13:00:00,450.8975
2020-09-13 14:00:00,846.8097222222223
2020-09-13 15:00:00,894.3427083333333
2020-09-13 16:00:00,976.2627777777777
2020-09-13 17:00:00,386.540625
2020-09-13 18:00:00,391.0673263888889
2020-09-13 19:00:00,466.825
2020-09-13 20:00:00,351.81625
2020-09-13 21:00:00,204.2217013888889
2020-09-13 22:00:00,190.20430555555555
2020-09-13 23:00:00,207.87239583333334
2020-09-14 00:00:00,195.354375
2020-09-14 01:00:00,203.3332638888889
2020-09-14 02:00:00,642.2930555555556
2020-09-14 03:00:00,1686.1438888888888
2020-09-14 04:00:00,2454.513611111111
2020-09-14 05:00:00,1175.111111111111
2020-09-14 06:00:00,261.4592361111111
2020-09-14 07:00:00,1981.431111111111
2020-09-14 08:00:00,4620.647222222222
2020-09-14 09:00:00,4458.834722222222
2020-09-14 10:00:00,4144.677777777778
2020-09-14 11:00:00,3713.8586111111113
2020-09-14 12:00:00,3658.9338888888888
2020-09-14 13:00:00,4061.8955555555553
2020-09-14 14:00:00,4932.145
2020-09-14 15:00:00,4465.938611111111
2020-09-14 16:00:00,4717.386666666666
2020-09-14 17:00:00,3928.242222222222
2020-09-14 18:00:00,3946.527777777778
2020-09-14 19:00:00,457.83875
2020-09-14 20:00:00,309.2606597222222
2020-09-14 21:00:00,253.56949652777777
2020-09-14 22:00:00,202.69006944444445
2020-09-14 23:00:00,195.65413194444446
2020-09-15 00:00:00,226.1173611111111
2020-09-15 01:00:00,196.00467013888888
2020-09-15 02:00:00,687.8106944444445
2020-09-15 03:00:00,1732.7979166666667
2020-09-15 04:00:00,2497.0208333333335
2020-09-15 05:00:00,1784.045138888889
2020-09-15 06:00:00,706.1521527777778
2020-09-15 07:00:00,2703.431111111111
2020-09-15 08:00:00,5412.9961111111115
2020-09-15 09:00:00,5025.981111111111
2020-09-15 10:00:00,4359.854722222222
2020-09-15 11:00:00,4521.560555555556
2020-09-15 12:00:00,4362.453888888889
2020-09-15 13:00:00,4189.7283333333335
2020-09-15 14:00:00,4574.711666666667
2020-09-15 15:00:00,4565.172222222222
2020-09-15 16:00:00,4926.11
2020-09-15 17:00:00,4266.4766666666665
2020-09-15 18:00:00,2166.8519444444446
2020-09-15 19:00:00,1124.2816666666668
2020-09-15 20:00:00,347.5777777777778
2020-09-15 21:00:00,276.5151041666667
2020-09-15 22:00:00,221.2679861111111
2020-09-15 23:00:00,205.82611111111112
2020-09-16 00:00:00,222.81743055555555
2020-09-16 01:00:00,205.83944444444444
2020-09-16 02:00:00,697.6141666666666
2020-09-16 03:00:00,1857.641111111111
2020-09-16 04:00:00,2384.5183333333334
2020-09-16 05:00:00,2020.1219444444444
2020-09-16 06:00:00,1061.3861111111112
2020-09-16 07:00:00,3718.2519444444442
2020-09-16 08:00:00,4244.044444444445
2020-09-16 09:00:00,4211.380277777777
2020-09-16 10:00:00,3900.9194444444443
2020-09-16 11:00:00,3666.6580555555556
2020-09-16 12:00:00,3713.0394444444446
2020-09-16 13:00:00,3945.0716666666667
2020-09-16 14:00:00,5005.711111111111
2020-09-16 15:00:00,4359.586666666667
2020-09-16 16:00:00,4852.385
2020-09-16 17:00:00,4259.155
2020-09-16 18:00:00,4172.6305555555555
2020-09-16 19:00:00,1631.7704166666667
2020-09-16 20:00:00,350.04604166666667
2020-09-16 21:00:00,217.48652777777778
2020-09-16 22:00:00,192.69440972222222
2020-09-16 23:00:00,183.72840277777777
2020-09-17 00:00:00,205.94788194444445
2020-09-17 01:00:00,187.78006944444445
2020-09-17 02:00:00,730.3820833333333
2020-09-17 03:00:00,1683.9627777777778
2020-09-17 04:00:00,2814.9533333333334
2020-09-17 05:00:00,2273.173888888889
2020-09-17 06:00:00,2495.8094444444446
2020-09-17 07:00:00,2078.48125
2020-09-17 08:00:00,845.8656944444444
2020-09-17 09:00:00,278.13
2020-09-17 10:00:00,288.37748263888886
2020-09-17 11:00:00,327.9377083333333
2020-09-17 12:00:00,360.68569444444444
2020-09-17 13:00:00,553.9305902777778
2020-09-17 14:00:00,1314.5627777777777
2020-09-17 15:00:00,839.1760416666667
2020-09-17 16:00:00,653.0653472222223
2020-09-17 17:00:00,504.32625
2020-09-17 18:00:00,668.5817361111111
2020-09-17 19:00:00,684.1202083333334
2020-09-17 20:00:00,693.3326388888889
2020-09-17 21:00:00,655.1135416666667
2020-09-17 22:00:00,657.8495833333334
2020-09-17 23:00:00,293.89402777777775
2020-09-18 00:00:00,168.6417013888889
2020-09-18 01:00:00,165.42807074652777
2020-09-18 02:00:00,620.6725
2020-09-18 03:00:00,1723.7025
2020-09-18 04:00:00,2898.721666666667
2020-09-18 05:00:00,1484.3120833333332
2020-09-18 06:00:00,2536.7180555555556
2020-09-18 07:00:00,639.5489583333333
2020-09-18 08:00:00,364.14201388888887
2020-09-18 09:00:00,193.59385416666666
2020-09-18 10:00:00,218.78822916666667
2020-09-18 11:00:00,195.88986111111112
2020-09-18 12:00:00,198.11534722222223
2020-09-18 13:00:00,555.539375
2020-09-18 14:00:00,1475.6220833333334
2020-09-18 15:00:00,831.1079861111111
2020-09-18 16:00:00,1029.2952083333332
2020-09-18 17:00:00,316.1172916666667
2020-09-18 18:00:00,362.4091666666667
2020-09-18 19:00:00,337.1483333333333
2020-09-18 20:00:00,446.3065277777778
2020-09-18 21:00:00,236.36013888888888
2020-09-18 22:00:00,145.714375
2020-09-18 23:00:00,125.804375
2020-09-19 00:00:00,123.90138888888889
2020-09-19 01:00:00,144.16039930555556
2020-09-19 02:00:00,513.1760416666667
2020-09-19 03:00:00,1506.8430555555556
2020-09-19 04:00:00,3045.6894444444442
2020-09-19 05:00:00,1814.8951388888888
2020-09-19 06:00:00,802.5321527777778
2020-09-19 07:00:00,574.2904861111111
2020-09-19 08:00:00,641.6626388888889
2020-09-19 09:00:00,659.6169444444445
2020-09-19 10:00:00,383.4921527777778
2020-09-19 11:00:00,302.00666666666666
2020-09-19 12:00:00,701.3675
2020-09-19 13:00:00,816.4538888888889
2020-09-19 14:00:00,1551.4755555555555
2020-09-19 15:00:00,1507.79375
2020-09-19 16:00:00,1960.994861111111
2020-09-19 17:00:00,876.3375694444444
2020-09-19 18:00:00,308.16840277777777
2020-09-19 19:00:00,318.9694097222222
2020-09-19 20:00:00,365.75333333333333
2020-09-19 21:00:00,899.6643055555555
2020-09-19 22:00:00,718.6047916666666
2020-09-19 23:00:00,789.3831944444445
2020-09-20 00:00:00,822.0458333333333
2020-09-20 01:00:00,706.5261111111112
2020-09-20 02:00:00,970.1209722222222
2020-09-20 03:00:00,1479.8759722222221
2020-09-20 04:00:00,2597.505277777778
2020-09-20 05:00:00,2432.4036111111113
2020-09-20 06:00:00,1397.9913888888889
2020-09-20 07:00:00,300.2574305555556
2020-09-20 08:00:00,200.69256944444444
2020-09-20 09:00:00,219.03453125
2020-09-20 10:00:00,205.46989583333334
2020-09-20 11:00:00,195.53847222222223
2020-09-20 12:00:00,393.7336111111111
2020-09-20 13:00:00,520.1593055555555
2020-09-20 14:00:00,1429.0447222222222
2020-09-20 15:00:00,1566.2359722222222
2020-09-20 16:00:00,1346.6495833333333
2020-09-20 17:00:00,789.4229166666667
2020-09-20 18:00:00,78.88622395833333
2020-09-20 19:00:00,298.0620833333333
2020-09-20 20:00:00,407.6851736111111
2020-09-20 21:00:00,871.1156944444444
2020-09-20 22:00:00,633.33125
2020-09-20 23:00:00,582.0892013888889
2020-09-21 00:00:00,644.4392361111111
2020-09-21 01:00:00,389.3107986111111
2020-09-21 02:00:00,497.6048611111111
2020-09-21 03:00:00,1827.0745833333333
2020-09-21 04:00:00,2634.4422222222224
2020-09-21 05:00:00,1963.0629166666668
2020-09-21 06:00:00,945.1079166666667
2020-09-21 07:00:00,325.7895833333333
2020-09-21 08:00:00,171.59897569444445
2020-09-21 09:00:00,1198.3327777777777
2020-09-21 10:00:00,3707.6405555555557
2020-09-21 11:00:00,3921.9738888888887
2020-09-21 12:00:00,3817.3288888888887
2020-09-21 13:00:00,4244.204444444445
2020-09-21 14:00:00,4802.765
2020-09-21 15:00:00,4666.441111111111
2020-09-21 16:00:00,5869.831666666667
2020-09-21 17:00:00,1246.6525
2020-09-21 18:00:00,1227.3191666666667
2020-09-21 19:00:00,1021.4915277777778
2020-09-21 20:00:00,1223.8866666666668
2020-09-21 21:00:00,1382.817638888889
2020-09-21 22:00:00,1084.1888888888889
2020-09-21 23:00:00,1025.13625
2020-09-22 00:00:00,1053.49375
2020-09-22 01:00:00,1101.2765277777778
2020-09-22 02:00:00,1571.4308333333333
2020-09-22 03:00:00,2018.9155555555556
2020-09-22 04:00:00,2406.176111111111
2020-09-22 05:00:00,1938.0425
2020-09-22 06:00:00,1354.7088888888889
2020-09-22 07:00:00,560.0336111111111
2020-09-22 08:00:00,220.9003125
2020-09-22 09:00:00,814.0113194444444
2020-09-22 10:00:00,4206.658611111111
2020-09-22 11:00:00,4065.4466666666667
2020-09-22 12:00:00,3611.1052777777777
2020-09-22 13:00:00,4014.1072222222224
2020-09-22 14:00:00,4375.832777777778
2020-09-22 15:00:00,4863.282222222222
2020-09-22 16:00:00,6179.868888888889
2020-09-22 17:00:00,803.4648611111111
2020-09-22 18:00:00,328.2737152777778
2020-09-22 19:00:00,225.59428819444443
2020-09-22 20:00:00,286.8930902777778
2020-09-22 21:00:00,443.43361111111113
2020-09-22 22:00:00,385.8750347222222
2020-09-22 23:00:00,370.34503472222224
2020-09-23 00:00:00,367.6270486111111
2020-09-23 01:00:00,383.41618055555557
2020-09-23 02:00:00,943.4754166666667
2020-09-23 03:00:00,1830.7130555555555
2020-09-23 04:00:00,2398.2833333333333
2020-09-23 05:00:00,2363.0233333333335
2020-09-23 06:00:00,604.8033333333333
2020-09-23 07:00:00,327.19388888888886
2020-09-23 08:00:00,428.3227777777778
2020-09-23 09:00:00,1819.3975
2020-09-23 10:00:00,256.0070486111111
2020-09-23 11:00:00,215.0953125
2020-09-23 12:00:00,213.44883680555554
2020-09-23 13:00:00,465.02020833333336
2020-09-23 14:00:00,972.5377777777778
2020-09-23 15:00:00,1030.6461805555555
2020-09-23 16:00:00,1838.641388888889
2020-09-23 17:00:00,651.7154166666667
2020-09-23 18:00:00,1161.450625
2020-09-23 19:00:00,468.58486111111114
2020-09-23 20:00:00,296.92178819444445
2020-09-23 21:00:00,225.39074652777776
2020-09-23 22:00:00,201.9985590277778
2020-09-23 23:00:00,223.2428125
2020-09-24 00:00:00,205.3853472222222
2020-09-24 01:00:00,201.38052083333332
2020-09-24 02:00:00,813.5483333333333
2020-09-24 03:00:00,1682.118888888889
2020-09-24 04:00:00,2433.2844444444445
2020-09-24 05:00:00,2130.4908333333333
2020-09-24 06:00:00,817.5033333333333
2020-09-24 07:00:00,345.4822222222222
2020-09-24 08:00:00,334.39243055555556
2020-09-24 09:00:00,492.95197916666666
2020-09-24 10:00:00,3955.682222222222
2020-09-24 11:00:00,3683.927222222222
2020-09-24 12:00:00,3859.6641666666665
2020-09-24 13:00:00,4338.709444444445
2020-09-24 14:00:00,5145.096111111111
2020-09-24 15:00:00,5125.898888888889
2020-09-24 16:00:00,4680.227222222222
2020-09-24 17:00:00,4015.1780555555556
2020-09-24 18:00:00,230.783125
2020-09-24 19:00:00,419.92131944444446
2020-09-24 20:00:00,293.2867361111111
2020-09-24 21:00:00,868.2124305555556
2020-09-24 22:00:00,440.12642361111114
2020-09-24 23:00:00,446.19434027777777
2020-09-25 00:00:00,435.91333333333336
2020-09-25 01:00:00,432.71319444444447
2020-09-25 02:00:00,1468.4827777777778
2020-09-25 03:00:00,3074.244166666667
2020-09-25 04:00:00,2733.2383333333332
2020-09-25 05:00:00,2377.6405555555557
2020-09-25 06:00:00,582.3343055555556
2020-09-25 07:00:00,211.82524305555555
2020-09-25 08:00:00,198.3538888888889
2020-09-25 09:00:00,174.47467013888888
2020-09-25 10:00:00,191.68024305555556
2020-09-25 11:00:00,263.359375
2020-09-25 12:00:00,307.64
2020-09-25 13:00:00,526.9974305555555
2020-09-25 14:00:00,1280.028611111111
2020-09-25 15:00:00,1105.697986111111
2020-09-25 16:00:00,2014.9769444444444
2020-09-25 17:00:00,936.4309722222222
2020-09-25 18:00:00,1202.9884722222223
2020-09-25 19:00:00,1015.0779861111112
2020-09-25 20:00:00,1026.7689583333333
2020-09-25 21:00:00,750.418125
2020-09-25 22:00:00,351.0763888888889
2020-09-25 23:00:00,308.42524305555554
2020-09-26 00:00:00,373.14743055555556
2020-09-26 01:00:00,192.15199652777778
2020-09-26 02:00:00,662.6472222222222
2020-09-26 03:00:00,1598.0356944444445
2020-09-26 04:00:00,2467.3155555555554
2020-09-26 05:00:00,2498.3416666666667
2020-09-26 06:00:00,2628.0588888888888
2020-09-26 07:00:00,1883.0508333333332
2020-09-26 08:00:00,493.5159722222222
2020-09-26 09:00:00,282.5214236111111
2020-09-26 10:00:00,823.5268055555556
2020-09-26 11:00:00,552.33625
2020-09-26 12:00:00,411.0596527777778
2020-09-26 13:00:00,432.34472222222223
2020-09-26 14:00:00,1182.6893055555556
2020-09-26 15:00:00,829.7563888888889
2020-09-26 16:00:00,1186.6638888888888
2020-09-26 17:00:00,1424.661111111111
2020-09-26 18:00:00,1075.3448611111112
2020-09-26 19:00:00,1051.2254166666667
2020-09-26 20:00:00,869.6427777777777
2020-09-26 21:00:00,813.0076388888889
2020-09-26 22:00:00,513.9071527777778
2020-09-26 23:00:00,477.823125
2020-09-27 00:00:00,476.7315277777778
2020-09-27 01:00:00,461.20423611111113
2020-09-27 02:00:00,837.8872222222222
2020-09-27 03:00:00,1827.8094444444444
2020-09-27 04:00:00,2402.813888888889
2020-09-27 05:00:00,2241.397361111111
2020-09-27 06:00:00,2918.1655555555553
2020-09-27 07:00:00,1051.0302777777779
2020-09-27 08:00:00,466.6196180555556
2020-09-27 09:00:00,345.06645833333334
2020-09-27 10:00:00,324.30819444444444
2020-09-27 11:00:00,328.68416666666667
2020-09-27 12:00:00,344.08274305555557
2020-09-27 13:00:00,578.9439930555556
2020-09-27 14:00:00,1000.1388194444445
2020-09-27 15:00:00,1422.3469444444445
2020-09-27 16:00:00,2357.974166666667
2020-09-27 17:00:00,1510.0819444444444
2020-09-27 18:00:00,1563.4077777777777
2020-09-27 19:00:00,1399.49875
2020-09-27 20:00:00,703.444375
2020-09-27 21:00:00,242.33284722222223
2020-09-27 22:00:00,194.99743055555555
2020-09-27 23:00:00,195.44163194444445
2020-09-28 00:00:00,218.48569444444445
2020-09-28 01:00:00,202.49883680555556
2020-09-28 02:00:00,706.0340972222223
2020-09-28 03:00:00,1742.8513888888888
2020-09-28 04:00:00,2612.9372222222223
2020-09-28 05:00:00,2558.3791666666666
2020-09-28 06:00:00,2825.779722222222
2020-09-28 07:00:00,1611.26125
2020-09-28 08:00:00,561.1513194444444
2020-09-28 09:00:00,330.07506944444447
2020-09-28 10:00:00,330.1904513888889
2020-09-28 11:00:00,284.8238888888889
2020-09-28 12:00:00,328.6307638888889
2020-09-28 13:00:00,505.43145833333335
2020-09-28 14:00:00,1262.8308333333334
2020-09-28 15:00:00,1502.9968055555555
2020-09-28 16:00:00,791.8802777777778
2020-09-28 17:00:00,329.565625
2020-09-28 18:00:00,132.487734375
2020-09-28 19:00:00,238.38703125
2020-09-28 20:00:00,368.2730902777778
2020-09-28 21:00:00,204.39795138888888
2020-09-28 22:00:00,193.47131944444445
2020-09-28 23:00:00,192.49177083333333
2020-09-29 00:00:00,213.02277777777778
2020-09-29 01:00:00,188.25083333333333
2020-09-29 02:00:00,660.1168055555555
2020-09-29 03:00:00,1726.483611111111
2020-09-29 04:00:00,2598.3155555555554
2020-09-29 05:00:00,2415.76
2020-09-29 06:00:00,2259.0120833333335
2020-09-29 07:00:00,1275.8741666666667
2020-09-29 08:00:00,627.2340972222222
2020-09-29 09:00:00,328.04479166666664
2020-09-29 10:00:00,369.7653472222222
2020-09-29 11:00:00,377.8230208333333
2020-09-29 12:00:00,385.85017361111113
2020-09-29 13:00:00,590.7125
2020-09-29 14:00:00,1086.1354166666667
2020-09-29 15:00:00,857.6336284722222
2020-09-29 16:00:00,1482.305
2020-09-29 17:00:00,1040.4136805555556
2020-09-29 18:00:00,789.8093055555555
2020-09-29 19:00:00,564.0661111111111
2020-09-29 20:00:00,277.6715972222222
2020-09-29 21:00:00,215.44027777777777
2020-09-29 22:00:00,209.5807986111111
2020-09-29 23:00:00,208.9713715277778
2020-09-30 00:00:00,220.93694444444444
2020-09-30 01:00:00,210.86135416666667
2020-09-30 02:00:00,788.8308333333333
2020-09-30 03:00:00,1746.6409722222222
2020-09-30 04:00:00,2566.8644444444444
2020-09-30 05:00:00,2230.126111111111
2020-09-30 06:00:00,2503.505
2020-09-30 07:00:00,1587.8266666666666
2020-09-30 08:00:00,896.1183333333333
2020-09-30 09:00:00,815.5917361111111
2020-09-30 10:00:00,426.7402083333333
2020-09-30 11:00:00,354.56041666666664
2020-09-30 12:00:00,372.79631944444446
2020-09-30 13:00:00,538.2550347222223
2020-09-30 14:00:00,630.6513194444444
2020-09-30 15:00:00,1593.5341666666666
2020-09-30 16:00:00,617.8316666666667
2020-09-30 17:00:00,214.0739236111111
2020-09-30 18:00:00,237.25546875
2020-09-30 19:00:00,217.65508680555556
2020-09-30 20:00:00,261.3216493055556
2020-09-30 21:00:00,823.5338194444445
2020-09-30 22:00:00,406.5752430555556
2020-09-30 23:00:00,467.5363888888889
2020-10-01 00:00:00,396.92118055555557
2020-10-01 01:00:00,463.95708333333334
2020-10-01 02:00:00,865.0493055555555
2020-10-01 03:00:00,1764.7329166666666
2020-10-01 04:00:00,2460.1783333333333
2020-10-01 05:00:00,2322.5343055555554
2020-10-01 06:00:00,1596.371111111111
2020-10-01 07:00:00,1134.0616666666667
2020-10-01 08:00:00,1167.1180555555557
2020-10-01 09:00:00,1053.5145138888888
2020-10-01 10:00:00,858.485
2020-10-01 11:00:00,887.539375
2020-10-01 12:00:00,223.55536458333333
2020-10-01 13:00:00,494.7213888888889
2020-10-01 14:00:00,1016.7463194444445
2020-10-01 15:00:00,925.3541666666666
2020-10-01 16:00:00,2420.632222222222
2020-10-01 17:00:00,1345.7065277777779
2020-10-01 18:00:00,979.0481944444444
2020-10-01 19:00:00,849.9502777777777
2020-10-01 20:00:00,876.2235416666666
2020-10-01 21:00:00,206.41756944444444
2020-10-01 22:00:00,204.04746527777777
2020-10-01 23:00:00,227.5559375
2020-10-02 00:00:00,203.04171875
2020-10-02 01:00:00,203.0818402777778
2020-10-02 02:00:00,905.5090277777778
2020-10-02 03:00:00,1601.6844444444444
2020-10-02 04:00:00,2695.495
2020-10-02 05:00:00,2253.9119444444445
2020-10-02 06:00:00,1246.4840277777778
2020-10-02 07:00:00,1207.1816666666666
2020-10-02 08:00:00,508.5384722222222
2020-10-02 09:00:00,270.95288194444447
2020-10-02 10:00:00,206.10180555555556
2020-10-02 11:00:00,289.3979513888889
2020-10-02 12:00:00,492.8066666666667
2020-10-02 13:00:00,615.6340277777778
2020-10-02 14:00:00,714.8027777777778
2020-10-02 15:00:00,1065.9119444444445
2020-10-02 16:00:00,1661.2240277777778
2020-10-02 17:00:00,1143.46875
2020-10-02 18:00:00,886.5080555555555
2020-10-02 19:00:00,877.6583333333333
2020-10-02 20:00:00,812.2983333333333
2020-10-02 21:00:00,435.5788888888889
2020-10-02 22:00:00,250.7904861111111
2020-10-02 23:00:00,195.13524305555555
2020-10-03 00:00:00,193.68536458333332
2020-10-03 01:00:00,215.1395486111111
2020-10-03 02:00:00,664.7103472222223
2020-10-03 03:00:00,1724.8136111111112
2020-10-03 04:00:00,2777.7027777777776
2020-10-03 05:00:00,2372.976111111111
2020-10-03 06:00:00,2743.2044444444446
2020-10-03 07:00:00,1396.4741666666666
2020-10-03 08:00:00,475.96538194444446
2020-10-03 09:00:00,538.5702777777777
2020-10-03 10:00:00,396.20694444444445
2020-10-03 11:00:00,693.0540277777778
2020-10-03 12:00:00,585.5511805555556
2020-10-03 13:00:00,579.350625
2020-10-03 14:00:00,1523.8730555555555
2020-10-03 15:00:00,1117.5405555555556
2020-10-03 16:00:00,568.7405208333333
2020-10-03 17:00:00,815.9995833333334
2020-10-03 18:00:00,761.9266666666666
2020-10-03 19:00:00,754.1049305555556
2020-10-03 20:00:00,763.8058333333333
2020-10-03 21:00:00,1043.4175
2020-10-03 22:00:00,462.1644097222222
2020-10-03 23:00:00,421.4617361111111
2020-10-04 00:00:00,445.40680555555554
2020-10-04 01:00:00,443.0753125
2020-10-04 02:00:00,754.2214583333333
2020-10-04 03:00:00,1720.3519444444444
2020-10-04 04:00:00,2351.7658333333334
2020-10-04 05:00:00,2370.6905555555554
2020-10-04 06:00:00,923.0756944444445
2020-10-04 07:00:00,250.89902777777777
2020-10-04 08:00:00,212.6107986111111
2020-10-04 09:00:00,214.08895833333332
2020-10-04 10:00:00,269.5856597222222
2020-10-04 11:00:00,219.29961805555556
2020-10-04 12:00:00,211.54892361111112
2020-10-04 13:00:00,529.9028472222222
2020-10-04 14:00:00,1408.733611111111
2020-10-04 15:00:00,678.855
2020-10-04 16:00:00,1100.287361111111
2020-10-04 17:00:00,231.19288194444445
2020-10-04 18:00:00,249.21586805555555
2020-10-04 19:00:00,327.25725694444446
2020-10-04 20:00:00,320.1642361111111
2020-10-04 21:00:00,835.4861805555555
2020-10-04 22:00:00,467.254375
2020-10-04 23:00:00,411.35055555555556
2020-10-05 00:00:00,474.77243055555556
2020-10-05 01:00:00,478.0520833333333
2020-10-05 02:00:00,914.9302777777777
2020-10-05 03:00:00,1774.2359722222222
2020-10-05 04:00:00,2540.9180555555554
2020-10-05 05:00:00,2007.6586111111112
2020-10-05 06:00:00,1043.1795833333333
2020-10-05 07:00:00,260.22809027777777
2020-10-05 08:00:00,314.16381944444447
2020-10-05 09:00:00,322.57875
2020-10-05 10:00:00,233.4399652777778
2020-10-05 11:00:00,203.54065972222222
2020-10-05 12:00:00,209.76756944444443
2020-10-05 13:00:00,396.83510416666667
2020-10-05 14:00:00,1254.82
2020-10-05 15:00:00,1017.5264583333334
2020-10-05 16:00:00,1645.09125
2020-10-05 17:00:00,1175.2879166666667
2020-10-05 18:00:00,1123.4181944444445
2020-10-05 19:00:00,1029.8297916666668
2020-10-05 20:00:00,691.9472222222222
2020-10-05 21:00:00,195.77774305555556
2020-10-05 22:00:00,215.42461805555556
2020-10-05 23:00:00,199.56475694444444
2020-10-06 00:00:00,202.41510416666668
2020-10-06 01:00:00,211.94857638888888
2020-10-06 02:00:00,689.94
2020-10-06 03:00:00,3491.4338888888888
2020-10-06 04:00:00,3377.9661111111113
2020-10-06 05:00:00,2919.099166666667
2020-10-06 06:00:00,2498.9775
2020-10-06 07:00:00,1422.5548611111112
2020-10-06 08:00:00,415.68916666666667
2020-10-06 09:00:00,266.4937673611111
2020-10-06 10:00:00,226.20715277777776
2020-10-06 11:00:00,229.92111111111112
2020-10-06 12:00:00,241.0653298611111
2020-10-06 13:00:00,722.8084722222222
2020-10-06 14:00:00,1600.2505555555556
2020-10-06 15:00:00,1060.1828472222223
2020-10-06 16:00:00,2103.0555555555557
2020-10-06 17:00:00,1042.1741666666667
2020-10-06 18:00:00,1039.3844444444444
2020-10-06 19:00:00,1011.0009722222222
2020-10-06 20:00:00,997.6226388888889
2020-10-06 21:00:00,1013.3508333333333
2020-10-06 22:00:00,887.9852083333334
2020-10-06 23:00:00,194.42352430555556
2020-10-07 00:00:00,194.58368055555556
2020-10-07 01:00:00,201.41024305555555
2020-10-07 02:00:00,908.55875
2020-10-07 03:00:00,1764.2634722222222
2020-10-07 04:00:00,2401.625
2020-10-07 05:00:00,2458.904722222222
2020-10-07 06:00:00,1086.5882638888888
2020-10-07 07:00:00,295.498125
2020-10-07 08:00:00,246.16229166666668
2020-10-07 09:00:00,224.19526041666666
2020-10-07 10:00:00,223.4258159722222
2020-10-07 11:00:00,227.82076388888888
2020-10-07 12:00:00,346.27232638888887
2020-10-07 13:00:00,540.1669444444444
2020-10-07 14:00:00,1091.0966666666666
2020-10-07 15:00:00,1891.908888888889
2020-10-07 16:00:00,3199.1222222222223
2020-10-07 17:00:00,1151.4391666666668
2020-10-07 18:00:00,1093.3438888888888
2020-10-07 19:00:00,898.1825
2020-10-07 20:00:00,779.6813194444444
2020-10-07 21:00:00,1479.0305555555556
2020-10-07 22:00:00,1007.3508333333333
2020-10-07 23:00:00,964.24875
2020-10-08 00:00:00,935.7277777777778
2020-10-08 01:00:00,1020.6186111111111
2020-10-08 02:00:00,1372.9175
2020-10-08 03:00:00,1577.5741666666668
2020-10-08 04:00:00,2511.438888888889
2020-10-08 05:00:00,2513.7080555555553
2020-10-08 06:00:00,910.7271527777777
2020-10-08 07:00:00,376.361875
2020-10-08 08:00:00,350.9560416666667
2020-10-08 09:00:00,274.41939236111114
2020-10-08 10:00:00,290.7927951388889
2020-10-08 11:00:00,553.2681944444445
2020-10-08 12:00:00,511.9253125
2020-10-08 13:00:00,907.7616666666667
2020-10-08 14:00:00,1963.615
2020-10-08 15:00:00,2355.266111111111
2020-10-08 16:00:00,2426.840277777778
2020-10-08 17:00:00,1111.9901388888889
2020-10-08 18:00:00,1112.434513888889
2020-10-08 19:00:00,1066.4147222222223
2020-10-08 20:00:00,540.4712847222222
2020-10-08 21:00:00,197.82708333333332
2020-10-08 22:00:00,217.63651041666665
2020-10-08 23:00:00,195.47024305555556
2020-10-09 00:00:00,199.12729166666668
2020-10-09 01:00:00,204.18317708333333
2020-10-09 02:00:00,1421.4219444444445
2020-10-09 03:00:00,1773.046388888889
2020-10-09 04:00:00,2364.0441666666666
2020-10-09 05:00:00,2528.5233333333335
2020-10-09 06:00:00,1343.6340277777779
2020-10-09 07:00:00,625.1690277777777
2020-10-09 08:00:00,350.96965277777775
2020-10-09 09:00:00,252.75378472222224
2020-10-09 10:00:00,198.91347222222223
2020-10-09 11:00:00,204.15668402777777
2020-10-09 12:00:00,369.5416319444444
2020-10-09 13:00:00,1011.7781944444445
2020-10-09 14:00:00,2991.4705555555556
2020-10-09 15:00:00,2092.3529166666667
2020-10-09 16:00:00,1998.43875
2020-10-09 17:00:00,1175.0936111111112
2020-10-09 18:00:00,1025.3538194444445
2020-10-09 19:00:00,941.4053472222222
2020-10-09 20:00:00,159.42638888888888
2020-10-09 21:00:00,1.6086299641927084
2020-10-09 22:00:00,239.34180555555557
2020-10-09 23:00:00,191.5946701388889
2020-10-10 00:00:00,197.63703125
2020-10-10 01:00:00,203.07659722222223
2020-10-10 02:00:00,695.5659027777778
2020-10-10 03:00:00,1641.7325
2020-10-10 04:00:00,2465.75
2020-10-10 05:00:00,2955.883888888889
2020-10-10 06:00:00,1138.1116666666667
2020-10-10 07:00:00,371.941875
2020-10-10 08:00:00,238.01482638888888
2020-10-10 09:00:00,407.2960763888889
2020-10-10 10:00:00,338.9604513888889
2020-10-10 11:00:00,364.85041666666666
2020-10-10 12:00:00,464.63600694444443
2020-10-10 13:00:00,507.0984027777778
2020-10-10 14:00:00,1191.8484722222222
2020-10-10 15:00:00,1973.6638888888888
2020-10-10 16:00:00,2166.2336111111113
2020-10-10 17:00:00,998.6077777777778
2020-10-10 18:00:00,432.88868055555554
2020-10-10 19:00:00,311.3096875
2020-10-10 20:00:00,295.69645833333334
2020-10-10 21:00:00,361.24378472222224
2020-10-10 22:00:00,191.34631944444445
2020-10-10 23:00:00,186.21409722222222
2020-10-11 00:00:00,187.80401041666667
2020-10-11 01:00:00,205.68697916666667
2020-10-11 02:00:00,599.4803472222222
2020-10-11 03:00:00,1637.6508333333334
2020-10-11 04:00:00,2169.8097222222223
2020-10-11 05:00:00,1941.9684027777778
2020-10-11 06:00:00,755.6693055555555
2020-10-11 07:00:00,1032.3448611111112
2020-10-11 08:00:00,186.19010416666666
2020-10-11 09:00:00,172.16446180555556
2020-10-11 10:00:00,174.24810763888888
2020-10-11 11:00:00,173.41890625
2020-10-11 12:00:00,199.02175347222223
2020-10-11 13:00:00,366.0801388888889
2020-10-11 14:00:00,528.335625
2020-10-11 15:00:00,1250.1463888888889
2020-10-11 16:00:00,3284.786111111111
2020-10-11 17:00:00,1832.857361111111
2020-10-11 18:00:00,1198.2516666666668
2020-10-11 19:00:00,984.5175
2020-10-11 20:00:00,715.7195138888889
2020-10-11 21:00:00,875.775
2020-10-11 22:00:00,551.7622222222222
2020-10-11 23:00:00,466.24430555555557
2020-10-12 00:00:00,468.82086805555554
2020-10-12 01:00:00,404.84756944444445
2020-10-12 02:00:00,934.0738888888889
2020-10-12 03:00:00,1622.42625
2020-10-12 04:00:00,1938.8336111111112
2020-10-12 05:00:00,2613.2566666666667
2020-10-12 06:00:00,1646.54625
2020-10-12 07:00:00,387.98555555555555
2020-10-12 08:00:00,331.65375
2020-10-12 09:00:00,333.11364583333335
2020-10-12 10:00:00,326.84774305555555
2020-10-12 11:00:00,328.56638888888887
2020-10-12 12:00:00,343.57375
2020-10-12 13:00:00,610.45375
2020-10-12 14:00:00,1344.2579166666667
2020-10-12 15:00:00,1137.749375
2020-10-12 16:00:00,2519.7072222222223
2020-10-12 17:00:00,2190.96375
2020-10-12 18:00:00,1124.8029166666668
2020-10-12 19:00:00,1021.3402083333333
2020-10-12 20:00:00,752.4163194444444
2020-10-12 21:00:00,192.1197048611111
2020-10-12 22:00:00,206.19791666666666
2020-10-12 23:00:00,207.06539930555556
2020-10-13 00:00:00,195.95197916666666
2020-10-13 01:00:00,199.68828125
2020-10-13 02:00:00,580.7154861111111
2020-10-13 03:00:00,1675.326111111111
2020-10-13 04:00:00,2483.3655555555556
2020-10-13 05:00:00,2665.027222222222
2020-10-13 06:00:00,1662.168888888889
2020-10-13 07:00:00,861.6236805555556
2020-10-13 08:00:00,576.2935763888889
2020-10-13 09:00:00,343.8226388888889
2020-10-13 10:00:00,309.42
2020-10-13 11:00:00,326.1932986111111
2020-10-13 12:00:00,342.53447916666664
2020-10-13 13:00:00,477.1722916666667
2020-10-13 14:00:00,908.2471527777777
2020-10-13 15:00:00,797.0825
2020-10-13 16:00:00,3238.9391666666666
2020-10-13 17:00:00,2339.722222222222
2020-10-13 18:00:00,1746.432638888889
2020-10-13 19:00:00,1075.9975
2020-10-13 20:00:00,233.66055555555556
2020-10-13 21:00:00,197.03510416666666
2020-10-13 22:00:00,199.89694444444444
2020-10-13 23:00:00,199.39248263888888
2020-10-14 00:00:00,197.6212847222222
2020-10-14 01:00:00,205.41333333333333
2020-10-14 02:00:00,708.9582638888888
2020-10-14 03:00:00,1659.9247222222223
2020-10-14 04:00:00,2502.5216666666665
2020-10-14 05:00:00,1846.3254166666666
2020-10-14 06:00:00,1352.2458333333334
2020-10-14 07:00:00,352.71236111111114
2020-10-14 08:00:00,352.73770833333333
2020-10-14 09:00:00,300.62072916666665
2020-10-14 10:00:00,219.19510416666665
2020-10-14 11:00:00,216.2279861111111
2020-10-14 12:00:00,215.22425347222222
2020-10-14 13:00:00,472.56357638888886
2020-10-14 14:00:00,1340.3725
2020-10-14 15:00:00,1103.59
2020-10-14 16:00:00,3601.987777777778
2020-10-14 17:00:00,1621.9419444444445
2020-10-14 18:00:00,1333.7344444444445
2020-10-14 19:00:00,1358.2705555555556
2020-10-14 20:00:00,1338.9243055555555
2020-10-14 21:00:00,1063.2675
2020-10-14 22:00:00,376.38902777777776
2020-10-14 23:00:00,344.0030208333333
2020-10-15 00:00:00,329.45635416666664
2020-10-15 01:00:00,366.73329861111114
2020-10-15 02:00:00,1534.6947222222223
2020-10-15 03:00:00,1692.7141666666666
2020-10-15 04:00:00,2286.6168055555554
2020-10-15 05:00:00,2312.1754166666665
2020-10-15 06:00:00,1285.14
2020-10-15 07:00:00,1131.6827083333333
2020-10-15 08:00:00,942.3926388888889
2020-10-15 09:00:00,837.0580555555556
2020-10-15 10:00:00,202.02227430555556
2020-10-15 11:00:00,194.36633680555556
2020-10-15 12:00:00,182.21583333333334
2020-10-15 13:00:00,527.6965277777778
2020-10-15 14:00:00,910.2319444444445
2020-10-15 15:00:00,1078.4428472222223
2020-10-15 16:00:00,2368.0605555555558
2020-10-15 17:00:00,1815.8009722222223
2020-10-15 18:00:00,1860.4416666666666
2020-10-15 19:00:00,1854.0966666666666
2020-10-15 20:00:00,861.6982638888888
2020-10-15 21:00:00,263.9318576388889
2020-10-15 22:00:00,189.60753472222223
2020-10-15 23:00:00,204.3855034722222
2020-10-16 00:00:00,14.773140190972223
2020-10-16 01:00:00,0.023285276624891493
2020-10-16 02:00:00,1511.6904166666666
2020-10-16 03:00:00,1614.163611111111
2020-10-16 04:00:00,2365.430277777778
2020-10-16 05:00:00,2727.491111111111
2020-10-16 06:00:00,1432.9808333333333
2020-10-16 07:00:00,577.0188194444445
2020-10-16 08:00:00,637.1754166666667
2020-10-16 09:00:00,630.5568055555556
2020-10-16 10:00:00,692.8535416666666
2020-10-16 11:00:00,680.6247222222222
2020-10-16 12:00:00,541.46875
2020-10-16 13:00:00,629.0928472222222
2020-10-16 14:00:00,829.1679861111111
2020-10-16 15:00:00,2729.373888888889
2020-10-16 16:00:00,3321.793888888889
2020-10-16 17:00:00,1280.0283333333334
2020-10-16 18:00:00,803.5209722222222
2020-10-16 19:00:00,748.6638888888889
2020-10-16 20:00:00,405.35770833333333
2020-10-16 21:00:00,283.6492361111111
2020-10-16 22:00:00,238.67026041666668
2020-10-16 23:00:00,204.1211111111111
2020-10-17 00:00:00,201.61352430555556
2020-10-17 01:00:00,217.5084375
2020-10-17 02:00:00,1519.891111111111
2020-10-17 03:00:00,1785.5172222222222
2020-10-17 04:00:00,2512.173333333333
2020-10-17 05:00:00,3008.5227777777777
2020-10-17 06:00:00,1560.1097222222222
2020-10-17 07:00:00,895.4111805555556
2020-10-17 08:00:00,349.9529513888889
2020-10-17 09:00:00,275.45355902777777
2020-10-17 10:00:00,287.3392013888889
2020-10-17 11:00:00,391.33736111111114
2020-10-17 12:00:00,282.90453125
2020-10-17 13:00:00,923.5069444444445
2020-10-17 14:00:00,774.0195833333333
2020-10-17 15:00:00,1243.8638888888888
2020-10-17 16:00:00,661.6670138888888
2020-10-17 17:00:00,1063.0480555555555
2020-10-17 18:00:00,1038.357361111111
2020-10-17 19:00:00,796.9159722222222
2020-10-17 20:00:00,743.8820138888889
2020-10-17 21:00:00,828.2573611111111
2020-10-17 22:00:00,753.7108333333333
2020-10-17 23:00:00,793.7170833333333
2020-10-18 00:00:00,475.57177083333335
2020-10-18 01:00:00,190.3942013888889
2020-10-18 02:00:00,738.1019444444445
2020-10-18 03:00:00,1674.5975
2020-10-18 04:00:00,2942.777777777778
2020-10-18 05:00:00,2838.4533333333334
2020-10-18 06:00:00,2735.9144444444446
2020-10-18 07:00:00,586.4876388888889
2020-10-18 08:00:00,243.93385416666666
2020-10-18 09:00:00,201.78274305555556
2020-10-18 10:00:00,202.74008680555556
2020-10-18 11:00:00,270.0794270833333
2020-10-18 12:00:00,264.9980208333333
2020-10-18 13:00:00,493.7096875
2020-10-18 14:00:00,1443.7191666666668
2020-10-18 15:00:00,963.5127777777777
2020-10-18 16:00:00,1248.8116666666667
2020-10-18 17:00:00,673.1345138888889
2020-10-18 18:00:00,666.8327777777778
2020-10-18 19:00:00,657.7140277777778
2020-10-18 20:00:00,559.3257638888889
2020-10-18 21:00:00,974.081875
2020-10-18 22:00:00,509.25756944444447
2020-10-18 23:00:00,446.97583333333336
2020-10-19 00:00:00,463.9588888888889
2020-10-19 01:00:00,548.0205555555556
2020-10-19 02:00:00,831.4344444444445
2020-10-19 03:00:00,1743.4625
2020-10-19 04:00:00,2190.7481944444444
2020-10-19 05:00:00,2620.2869444444445
2020-10-19 06:00:00,2008.7608333333333
2020-10-19 07:00:00,480.07444444444445
2020-10-19 08:00:00,211.43302083333333
2020-10-19 09:00:00,191.71319444444444
2020-10-19 10:00:00,206.44289930555556
2020-10-19 11:00:00,220.4920138888889
2020-10-19 12:00:00,230.0576388888889
2020-10-19 13:00:00,422.4034375
2020-10-19 14:00:00,845.4517361111111
2020-10-19 15:00:00,865.3333333333334
2020-10-19 16:00:00,3931.428888888889
2020-10-19 17:00:00,2479.4205555555554
2020-10-19 18:00:00,1785.7736111111112
2020-10-19 19:00:00,1623.059861111111
2020-10-19 20:00:00,1413.8763888888889
2020-10-19 21:00:00,666.0463194444444
2020-10-19 22:00:00,188.50524305555555
2020-10-19 23:00:00,187.52729166666666
2020-10-20 00:00:00,188.8501909722222
2020-10-20 01:00:00,194.77059027777779
2020-10-20 02:00:00,654.5222916666667
2020-10-20 03:00:00,1655.0495833333334
2020-10-20 04:00:00,2372.605
2020-10-20 05:00:00,2435.820277777778
2020-10-20 06:00:00,1704.2291666666667
2020-10-20 07:00:00,339.1007986111111
2020-10-20 08:00:00,203.3476215277778
2020-10-20 09:00:00,201.23770833333333
2020-10-20 10:00:00,189.1654513888889
2020-10-20 11:00:00,199.1725
2020-10-20 12:00:00,196.83375
2020-10-20 13:00:00,419.8876736111111
2020-10-20 14:00:00,821.2266666666667
2020-10-20 15:00:00,1941.0619444444444
2020-10-20 16:00:00,3939.6119444444444
2020-10-20 17:00:00,2501.4194444444443
2020-10-20 18:00:00,1194.8943055555555
2020-10-20 19:00:00,879.6401388888889
2020-10-20 20:00:00,875.5175694444445
2020-10-20 21:00:00,1558.9509722222222
2020-10-20 22:00:00,1171.1694444444445
2020-10-20 23:00:00,1055.392361111111
2020-10-21 00:00:00,1210.3680555555557
2020-10-21 01:00:00,1030.9304861111111
2020-10-21 02:00:00,1169.8247222222221
2020-10-21 03:00:00,1589.901111111111
2020-10-21 04:00:00,2343.342222222222
2020-10-21 05:00:00,2546.618611111111
2020-10-21 06:00:00,3269.9683333333332
2020-10-21 07:00:00,1411.0930555555556
2020-10-21 08:00:00,425.3263888888889
2020-10-21 09:00:00,239.99663194444443
2020-10-21 10:00:00,197.95715277777776
2020-10-21 11:00:00,217.23760416666667
2020-10-21 12:00:00,199.25911458333334
2020-10-21 13:00:00,1273.0508333333332
2020-10-21 14:00:00,2659.0816666666665
2020-10-21 15:00:00,2103.987361111111
2020-10-21 16:00:00,2110.5419444444447
2020-10-21 17:00:00,1028.055
2020-10-21 18:00:00,702.2089583333334
2020-10-21 19:00:00,964.9854861111111
2020-10-21 20:00:00,402.2189583333333
2020-10-21 21:00:00,201.67430555555555
2020-10-21 22:00:00,217.27909722222222
2020-10-21 23:00:00,196.1898263888889
2020-10-22 00:00:00,196.02682291666667
2020-10-22 01:00:00,223.1564236111111
2020-10-22 02:00:00,835.6658333333334
2020-10-22 03:00:00,1505.9433333333334
2020-10-22 04:00:00,2372.9958333333334
2020-10-22 05:00:00,2484.7161111111113
2020-10-22 06:00:00,992.5530555555556
2020-10-22 07:00:00,321.48243055555554
2020-10-22 08:00:00,282.7222048611111
2020-10-22 09:00:00,219.55899305555556
2020-10-22 10:00:00,203.02869791666666
2020-10-22 11:00:00,209.19722222222222
2020-10-22 12:00:00,244.14340277777777
2020-10-22 13:00:00,617.8175
2020-10-22 14:00:00,1132.2563194444444
2020-10-22 15:00:00,1436.3661111111112
2020-10-22 16:00:00,2203.228472222222
2020-10-22 17:00:00,1072.1847222222223
2020-10-22 18:00:00,945.8572222222223
2020-10-22 19:00:00,872.8704861111111
2020-10-22 20:00:00,806.7379861111111
2020-10-22 21:00:00,294.9841666666667
2020-10-22 22:00:00,248.39647569444443
2020-10-22 23:00:00,195.36229166666666
2020-10-23 00:00:00,219.80538194444443
2020-10-23 01:00:00,192.72211805555557
2020-10-23 02:00:00,745.215
2020-10-23 03:00:00,1531.5213888888889
2020-10-23 04:00:00,2440.3152777777777
2020-10-23 05:00:00,3887.452222222222
2020-10-23 06:00:00,1986.8291666666667
2020-10-23 07:00:00,382.88461805555556
2020-10-23 08:00:00,295.9378472222222
2020-10-23 09:00:00,289.85949652777776
2020-10-23 10:00:00,315.28555555555556
2020-10-23 11:00:00,298.65947916666664
2020-10-23 12:00:00,363.9375
2020-10-23 13:00:00,2123.967222222222
2020-10-23 14:00:00,1617.8270833333333
2020-10-23 15:00:00,2201.9480555555556
2020-10-23 16:00:00,2768.741111111111
2020-10-23 17:00:00,1151.2680555555555
2020-10-23 18:00:00,1184.825
2020-10-23 19:00:00,1110.958263888889
2020-10-23 20:00:00,356.81892361111113
2020-10-23 21:00:00,824.509375
2020-10-23 22:00:00,344.29381944444447
2020-10-23 23:00:00,214.0415972222222
2020-10-24 00:00:00,197.778125
2020-10-24 01:00:00,196.07993055555556
2020-10-24 02:00:00,787.8808333333334
2020-10-24 03:00:00,1700.7941666666666
2020-10-24 04:00:00,2555.458888888889
2020-10-24 05:00:00,2559.0652777777777
2020-10-24 06:00:00,1039.5743055555556
2020-10-24 07:00:00,378.48791666666665
2020-10-24 08:00:00,1058.9709722222221
2020-10-24 09:00:00,596.3618055555555
2020-10-24 10:00:00,544.2683680555556
2020-10-24 11:00:00,539.3821527777778
2020-10-24 12:00:00,546.1840972222222
2020-10-24 13:00:00,1158.592013888889
2020-10-24 14:00:00,2510.3411111111113
2020-10-24 15:00:00,1113.2767361111112
2020-10-24 16:00:00,868.6194444444444
2020-10-24 17:00:00,285.7630208333333
2020-10-24 18:00:00,299.4063194444444
2020-10-24 19:00:00,420.6115972222222
2020-10-24 20:00:00,264.46649305555553
2020-10-24 21:00:00,872.7364583333333
2020-10-24 22:00:00,524.6996527777778
2020-10-24 23:00:00,438.7892708333333
2020-10-25 00:00:00,396.0861458333333
2020-10-25 01:00:00,445.8535416666667
2020-10-25 02:00:00,446.3329166666667
2020-10-25 03:00:00,1478.9741666666666
2020-10-25 04:00:00,2086.512638888889
2020-10-25 05:00:00,2159.772361111111
2020-10-25 06:00:00,2317.6955555555555
2020-10-25 07:00:00,255.58682291666668
2020-10-25 08:00:00,208.42916666666667
2020-10-25 09:00:00,219.58753472222222
2020-10-25 10:00:00,260.2857986111111
2020-10-25 11:00:00,263.07954861111114
2020-10-25 12:00:00,264.9258506944444
2020-10-25 13:00:00,340.099375
2020-10-25 14:00:00,814.3476388888889
2020-10-25 15:00:00,1814.8144444444445
2020-10-25 16:00:00,2409.2455555555557
2020-10-25 17:00:00,2214.3330555555553
2020-10-25 18:00:00,1171.6520833333334
2020-10-25 19:00:00,1211.2076388888888
2020-10-25 20:00:00,1103.1943055555555
2020-10-25 21:00:00,698.1352083333334
2020-10-25 22:00:00,823.2865277777778
2020-10-25 23:00:00,449.1448611111111
2020-10-26 00:00:00,430.1646527777778
2020-10-26 01:00:00,411.3952777777778
2020-10-26 02:00:00,427.04590277777777
2020-10-26 03:00:00,967.8925
2020-10-26 04:00:00,1440.254861111111
2020-10-26 05:00:00,2247.249861111111
2020-10-26 06:00:00,1917.8891666666666
2020-10-26 07:00:00,3210.706388888889
2020-10-26 08:00:00,1292.6244444444444
2020-10-26 09:00:00,551.4559027777777
2020-10-26 10:00:00,315.5372222222222
2020-10-26 11:00:00,224.55930555555557
2020-10-26 12:00:00,185.05114583333332
2020-10-26 13:00:00,390.1698263888889
2020-10-26 14:00:00,550.6207638888889
2020-10-26 15:00:00,1290.3238888888889
2020-10-26 16:00:00,1985.3958333333333
2020-10-26 17:00:00,2359.4430555555555
2020-10-26 18:00:00,1142.4518055555557
2020-10-26 19:00:00,1091.68625
2020-10-26 20:00:00,1059.284375
2020-10-26 21:00:00,297.15989583333334
2020-10-26 22:00:00,854.6269444444445
2020-10-26 23:00:00,447.0497569444444
2020-10-27 00:00:00,439.3256944444444
2020-10-27 01:00:00,481.9812152777778
2020-10-27 02:00:00,466.235625
2020-10-27 03:00:00,815.8829166666667
2020-10-27 04:00:00,1710.6034722222223
2020-10-27 05:00:00,2177.492777777778
2020-10-27 06:00:00,2496.678888888889
2020-10-27 07:00:00,1820.142361111111
2020-10-27 08:00:00,1210.5716666666667
2020-10-27 09:00:00,1182.06625
2020-10-27 10:00:00,947.9777083333333
2020-10-27 11:00:00,330.74006944444443
2020-10-27 12:00:00,297.78222222222223
2020-10-27 13:00:00,316.0284375
2020-10-27 14:00:00,606.2748611111111
2020-10-27 15:00:00,1406.6883333333333
2020-10-27 16:00:00,2325.2272222222223
2020-10-27 17:00:00,3334.663888888889
2020-10-27 18:00:00,1961.9241666666667
2020-10-27 19:00:00,1205.0522222222223
2020-10-27 20:00:00,1042.2269444444444
2020-10-27 21:00:00,1049.1041666666667
2020-10-27 22:00:00,802.4386111111111
2020-10-27 23:00:00,448.56663194444445
2020-10-28 00:00:00,425.0159722222222
2020-10-28 01:00:00,424.08753472222224
2020-10-28 02:00:00,424.34569444444446
2020-10-28 03:00:00,798.4213888888889
2020-10-28 04:00:00,1633.1744444444444
2020-10-28 05:00:00,2270.1027777777776
2020-10-28 06:00:00,2374.9955555555557
2020-10-28 07:00:00,1854.1279166666666
2020-10-28 08:00:00,834.9041666666667
2020-10-28 09:00:00,200.04458333333332
2020-10-28 10:00:00,232.15348958333334
2020-10-28 11:00:00,303.80854166666666
2020-10-28 12:00:00,304.2834027777778
2020-10-28 13:00:00,305.5707638888889
2020-10-28 14:00:00,544.3506423611111
2020-10-28 15:00:00,1310.8994444444445
2020-10-28 16:00:00,1928.4486111111112
2020-10-28 17:00:00,2373.8033333333333
2020-10-28 18:00:00,1385.59375
2020-10-28 19:00:00,1260.3108333333332
2020-10-28 20:00:00,1243.4947222222222
2020-10-28 21:00:00,428.0074305555556
2020-10-28 22:00:00,206.53229166666668
2020-10-28 23:00:00,209.4003125
2020-10-29 00:00:00,191.21965277777778
2020-10-29 01:00:00,187.5181076388889
2020-10-29 02:00:00,187.8734201388889
2020-10-29 03:00:00,485.3093402777778
2020-10-29 04:00:00,1700.0302777777779
2020-10-29 05:00:00,2198.8997222222224
2020-10-29 06:00:00,2063.331388888889
2020-10-29 07:00:00,1836.7744444444445
2020-10-29 08:00:00,4166.388888888889
2020-10-29 09:00:00,3020.0222222222224
2020-10-29 10:00:00,480.3144791666667
2020-10-29 11:00:00,199.69482638888888
2020-10-29 12:00:00,211.96868055555555
2020-10-29 13:00:00,206.71444444444444
2020-10-29 14:00:00,429.3107638888889
2020-10-29 15:00:00,1664.7802777777779
2020-10-29 16:00:00,1988.4530555555555
2020-10-29 17:00:00,2432.4141666666665
2020-10-29 18:00:00,1635.851111111111
2020-10-29 19:00:00,1596.1336111111111
2020-10-29 20:00:00,1537.2904166666667
2020-10-29 21:00:00,1456.1794444444445
2020-10-29 22:00:00,937.8451388888889
2020-10-29 23:00:00,487.2441666666667
2020-10-30 00:00:00,439.0579861111111
2020-10-30 01:00:00,449.5235416666667
2020-10-30 02:00:00,431.07756944444446
2020-10-30 03:00:00,838.7170833333333
2020-10-30 04:00:00,1706.5819444444444
2020-10-30 05:00:00,2441.141666666667
2020-10-30 06:00:00,2538.733888888889
2020-10-30 07:00:00,1597.1983333333333
2020-10-30 08:00:00,758.131875
2020-10-30 09:00:00,505.2188194444444
2020-10-30 10:00:00,603.6648611111111
2020-10-30 11:00:00,518.8794791666667
2020-10-30 12:00:00,384.5341319444444
2020-10-30 13:00:00,355.40243055555555
2020-10-30 14:00:00,635.5206944444444
2020-10-30 15:00:00,1616.8541666666667
2020-10-30 16:00:00,2292.27
2020-10-30 17:00:00,4316.399444444444
2020-10-30 18:00:00,1880.4455555555555
2020-10-30 19:00:00,1543.533888888889
2020-10-30 20:00:00,1492.5929166666667
2020-10-30 21:00:00,1441.1458333333333
2020-10-30 22:00:00,964.5633333333334
2020-10-30 23:00:00,605.916875
2020-10-31 00:00:00,454.94666666666666
2020-10-31 01:00:00,445.7532638888889
2020-10-31 02:00:00,435.1644444444444
2020-10-31 03:00:00,816.8597916666666
2020-10-31 04:00:00,1811.1191666666666
2020-10-31 05:00:00,2586.9344444444446
2020-10-31 06:00:00,2280.448611111111
2020-10-31 07:00:00,1619.9465277777779
2020-10-31 08:00:00,1055.8861805555555
2020-10-31 09:00:00,479.75368055555555
2020-10-31 10:00:00,207.94873263888888
2020-10-31 11:00:00,226.3620486111111
2020-10-31 12:00:00,372.42097222222225
2020-10-31 13:00:00,331.6690972222222
2020-10-31 14:00:00,763.0261111111112
2020-10-31 15:00:00,1955.9666666666667
2020-10-31 16:00:00,2574.781111111111
2020-10-31 17:00:00,1234.4372222222223
2020-10-31 18:00:00,1209.7869444444445
2020-10-31 19:00:00,1213.7298611111112
2020-10-31 20:00:00,1039.6004166666667
2020-10-31 21:00:00,826.040625
2020-10-31 22:00:00,856.376875
2020-10-31 23:00:00,277.3569444444444
2020-11-01 00:00:00,286.58993055555555
2020-11-01 01:00:00,322.5403125
2020-11-01 02:00:00,301.59763888888887
2020-11-01 03:00:00,744.3558333333333
2020-11-01 04:00:00,1828.8602777777778
2020-11-01 05:00:00,2485.0444444444443
2020-11-01 06:00:00,2625.3883333333333
2020-11-01 07:00:00,3391.096666666667
2020-11-01 08:00:00,1587.9215277777778
2020-11-01 09:00:00,1308.7930555555556
2020-11-01 10:00:00,1273.7691666666667
2020-11-01 11:00:00,1044.831736111111
2020-11-01 12:00:00,998.9301388888889
2020-11-01 13:00:00,463.32868055555554
2020-11-01 14:00:00,754.3723611111111
2020-11-01 15:00:00,2272.9201388888887
2020-11-01 16:00:00,2110.161666666667
2020-11-01 17:00:00,2264.4879166666665
2020-11-01 18:00:00,1264.6591666666666
2020-11-01 19:00:00,1176.141388888889
2020-11-01 20:00:00,1181.81125
2020-11-01 21:00:00,734.1111111111111
2020-11-01 22:00:00,798.5190277777778
2020-11-01 23:00:00,486.1561111111111
2020-11-02 00:00:00,556.7932638888889
2020-11-02 01:00:00,473.0674652777778
2020-11-02 02:00:00,480.3117013888889
2020-11-02 03:00:00,974.2584722222222
2020-11-02 04:00:00,1897.1715277777778
2020-11-02 05:00:00,2470.4375
2020-11-02 06:00:00,2465.7883333333334
2020-11-02 07:00:00,1854.2919444444444
2020-11-02 08:00:00,1183.263888888889
2020-11-02 09:00:00,1183.263888888889
2020-11-02 10:00:00,1183.263888888889
2020-11-02 11:00:00,782.2836111111111
2020-11-02 12:00:00,308.2944444444444
2020-11-02 13:00:00,303.3181597222222
2020-11-02 14:00:00,1017.3388888888888
2020-11-02 15:00:00,1894.5172222222222
2020-11-02 16:00:00,2013.3556944444445
2020-11-02 17:00:00,3507.0055555555555
2020-11-02 18:00:00,1835.346388888889
2020-11-02 19:00:00,1466.9686111111112
2020-11-02 20:00:00,1381.9455555555555
2020-11-02 21:00:00,960.7173611111111
2020-11-02 22:00:00,958.5694444444445
2020-11-02 23:00:00,573.040625
2020-11-03 00:00:00,502.41302083333335
2020-11-03 01:00:00,530.9814930555556
2020-11-03 02:00:00,576.0089583333333
2020-11-03 03:00:00,992.9080555555555
2020-11-03 04:00:00,1756.0280555555555
2020-11-03 05:00:00,2508.116111111111
2020-11-03 06:00:00,2443.5833333333335
2020-11-03 07:00:00,1710.4972222222223
2020-11-03 08:00:00,457.90305555555557
2020-11-03 09:00:00,399.1467632378472
2020-11-03 10:00:00,366.1665277777778
2020-11-03 11:00:00,378.08194444444445
2020-11-03 12:00:00,309.98381944444446
2020-11-03 13:00:00,363.2110416666667
2020-11-03 14:00:00,890.3975
2020-11-03 15:00:00,1517.9806944444445
2020-11-03 16:00:00,2245.347777777778
2020-11-03 17:00:00,2758.8855555555556
2020-11-03 18:00:00,1635.036388888889
2020-11-03 19:00:00,1599.2194444444444
2020-11-03 20:00:00,1573.0041666666666
2020-11-03 21:00:00,1583.1672222222223
2020-11-03 22:00:00,2122.31
2020-11-03 23:00:00,596.3836111111111
2020-11-04 00:00:00,565.6176736111111
2020-11-04 01:00:00,584.7247222222222
2020-11-04 02:00:00,570.5597916666667
2020-11-04 03:00:00,941.8863888888889
2020-11-04 04:00:00,1897.8409722222223
2020-11-04 05:00:00,2431.9344444444446
2020-11-04 06:00:00,2618.693333333333
2020-11-04 07:00:00,1642.5568055555555
2020-11-04 08:00:00,482.15722222222223
2020-11-04 09:00:00,453.88184027777777
2020-11-04 10:00:00,1258.9605555555556
2020-11-04 11:00:00,462.6089583333333
2020-11-04 12:00:00,457.69125
2020-11-04 13:00:00,471.2419097222222
2020-11-04 14:00:00,670.8177777777778
2020-11-04 15:00:00,2383.407222222222
2020-11-04 16:00:00,4040.474722222222
2020-11-04 17:00:00,3204.117222222222
2020-11-04 18:00:00,1662.1808333333333
2020-11-04 19:00:00,1605.6683333333333
2020-11-04 20:00:00,1497.3873611111112
2020-11-04 21:00:00,1038.0406944444444
2020-11-04 22:00:00,1089.3494444444445
2020-11-04 23:00:00,606.2131944444444
2020-11-05 00:00:00,579.4122569444445
2020-11-05 01:00:00,581.6040625
2020-11-05 02:00:00,599.3897222222222
2020-11-05 03:00:00,1032.7438194444444
2020-11-05 04:00:00,1814.4205555555557
2020-11-05 05:00:00,2762.388611111111
2020-11-05 06:00:00,2195.6130555555555
2020-11-05 07:00:00,876.1313888888889
2020-11-05 08:00:00,357.8614236111111
2020-11-05 09:00:00,370.31913194444445
2020-11-05 10:00:00,468.3388888888889
2020-11-05 11:00:00,453.2501041666667
2020-11-05 12:00:00,382.1515277777778
2020-11-05 13:00:00,329.7395486111111
2020-11-05 14:00:00,897.4354166666667
2020-11-05 15:00:00,2966.7480555555558
2020-11-05 16:00:00,2414.0494444444444
2020-11-05 17:00:00,2880.549722222222
2020-11-05 18:00:00,1307.7826388888889
2020-11-05 19:00:00,1244.9886111111111
2020-11-05 20:00:00,1165.3002777777779
2020-11-05 21:00:00,1053.9577777777777
2020-11-05 22:00:00,970.0724305555556
2020-11-05 23:00:00,570.3666666666667
2020-11-06 00:00:00,563.0842013888889
2020-11-06 01:00:00,539.01125
2020-11-06 02:00:00,534.155625
2020-11-06 03:00:00,1032.0121527777778
2020-11-06 04:00:00,1853.5356944444445
2020-11-06 05:00:00,2290.5276388888888
2020-11-06 06:00:00,2697.0091666666667
2020-11-06 07:00:00,1674.4493055555556
2020-11-06 08:00:00,1020.0722222222222
2020-11-06 09:00:00,583.7427777777777
2020-11-06 10:00:00,426.4473611111111
2020-11-06 11:00:00,455.08131944444443
2020-11-06 12:00:00,428.9351041666667
2020-11-06 13:00:00,455.4770833333333
2020-11-06 14:00:00,742.0909722222223
2020-11-06 15:00:00,2428.195
2020-11-06 16:00:00,2176.5345833333336
2020-11-06 17:00:00,2976.087777777778
2020-11-06 18:00:00,2763.0580555555557
2020-11-06 19:00:00,3151.528888888889
2020-11-06 20:00:00,1805.8583333333333
2020-11-06 21:00:00,1341.3695833333334
2020-11-06 22:00:00,398.68895833333335
2020-11-06 23:00:00,370.8229166666667
2020-11-07 00:00:00,323.3147222222222
2020-11-07 01:00:00,304.4892708333333
2020-11-07 02:00:00,304.25395833333334
2020-11-07 03:00:00,590.4615972222222
2020-11-07 04:00:00,1919.9305555555557
2020-11-07 05:00:00,2260.815416666667
2020-11-07 06:00:00,2130.2991666666667
2020-11-07 07:00:00,2639.1905555555554
2020-11-07 08:00:00,2063.1369444444445
2020-11-07 09:00:00,981.7561111111111
2020-11-07 10:00:00,170.28852430555557
2020-11-07 11:00:00,479.3199305555556
2020-11-07 12:00:00,485.5396875
2020-11-07 13:00:00,820.2836111111111
2020-11-07 14:00:00,860.0983333333334
2020-11-07 15:00:00,2399.0569444444445
2020-11-07 16:00:00,2086.9691666666668
2020-11-07 17:00:00,2168.0173611111113
2020-11-07 18:00:00,1385.566388888889
2020-11-07 19:00:00,1371.6780555555556
2020-11-07 20:00:00,1361.691388888889
2020-11-07 21:00:00,1070.3995833333333
2020-11-07 22:00:00,420.7109027777778
2020-11-07 23:00:00,377.3665277777778
2020-11-08 00:00:00,337.4480208333333
2020-11-08 01:00:00,337.2864583333333
2020-11-08 02:00:00,338.1434722222222
2020-11-08 03:00:00,971.5468055555556
2020-11-08 04:00:00,1861.9288888888889
2020-11-08 05:00:00,2624.781111111111
2020-11-08 06:00:00,3710.105
2020-11-08 07:00:00,2018.5325
2020-11-08 08:00:00,640.6579166666667
2020-11-08 09:00:00,338.1011111111111
2020-11-08 10:00:00,339.2546875
2020-11-08 11:00:00,327.57173611111114
2020-11-08 12:00:00,438.7602777777778
2020-11-08 13:00:00,442.4765277777778
2020-11-08 14:00:00,736.3790277777778
2020-11-08 15:00:00,2100.764583333333
2020-11-08 16:00:00,2625.8458333333333
2020-11-08 17:00:00,1994.1480555555556
2020-11-08 18:00:00,1765.4605555555556
2020-11-08 19:00:00,1839.954861111111
2020-11-08 20:00:00,1753.9580555555556
2020-11-08 21:00:00,449.82180555555556
2020-11-08 22:00:00,342.29354166666667
2020-11-08 23:00:00,336.60618055555557
2020-11-09 00:00:00,341.89375
2020-11-09 01:00:00,340.75444444444446
2020-11-09 02:00:00,351.0942361111111
2020-11-09 03:00:00,927.6028125
2020-11-09 04:00:00,1821.3027777777777
2020-11-09 05:00:00,2800.221666666667
2020-11-09 06:00:00,3469.303888888889
2020-11-09 07:00:00,6018.137777777778
2020-11-09 08:00:00,1548.4994444444444
2020-11-09 09:00:00,594.3346527777778
2020-11-09 10:00:00,427.55399305555557
2020-11-09 11:00:00,345.8306944444444
2020-11-09 12:00:00,343.2711111111111
2020-11-09 13:00:00,356.05104166666666
2020-11-09 14:00:00,633.7059027777777
2020-11-09 15:00:00,2295.0916666666667
2020-11-09 16:00:00,2272.0691666666667
2020-11-09 17:00:00,2918.5916666666667
2020-11-09 18:00:00,1266.4918055555556
2020-11-09 19:00:00,1307.21125
2020-11-09 20:00:00,1357.5179166666667
2020-11-09 21:00:00,934.6235416666667
2020-11-09 22:00:00,329.93194444444447
2020-11-09 23:00:00,332.88881944444444
2020-11-10 00:00:00,334.05395833333336
2020-11-10 01:00:00,343.1382986111111
2020-11-10 02:00:00,347.15739583333334
2020-11-10 03:00:00,866.5375
2020-11-10 04:00:00,1880.5293055555555
2020-11-10 05:00:00,2595.7961111111113
2020-11-10 06:00:00,2948.118611111111
2020-11-10 07:00:00,1359.4833333333333
2020-11-10 08:00:00,941.139375
2020-11-10 09:00:00,933.9786111111111
2020-11-10 10:00:00,577.7653472222222
2020-11-10 11:00:00,317.72333333333336
2020-11-10 12:00:00,393.005625
2020-11-10 13:00:00,733.1297222222222
2020-11-10 14:00:00,1011.5539583333333
2020-11-10 15:00:00,2490.4341666666664
2020-11-10 16:00:00,2387.545
2020-11-10 17:00:00,3170.782222222222
2020-11-10 18:00:00,1355.3816666666667
2020-11-10 19:00:00,1323.305
2020-11-10 20:00:00,1304.8833333333334
2020-11-10 21:00:00,1324.0290277777779
2020-11-10 22:00:00,865.3988888888889
2020-11-10 23:00:00,307.6034722222222
2020-11-11 00:00:00,300.6377083333333
2020-11-11 01:00:00,310.41277777777776
2020-11-11 02:00:00,323.87333333333333
2020-11-11 03:00:00,938.9097222222222
2020-11-11 04:00:00,1879.398888888889
2020-11-11 05:00:00,2610.5558333333333
2020-11-11 06:00:00,2210.6183333333333
2020-11-11 07:00:00,4081.265
2020-11-11 08:00:00,1674.557361111111
2020-11-11 09:00:00,670.8294444444444
2020-11-11 10:00:00,331.1648611111111
2020-11-11 11:00:00,320.2626736111111
2020-11-11 12:00:00,319.4636111111111
2020-11-11 13:00:00,403.03270833333335
2020-11-11 14:00:00,1480.6905555555556
2020-11-11 15:00:00,1957.0304166666667
2020-11-11 16:00:00,2676.396111111111
2020-11-11 17:00:00,3067.2369444444444
2020-11-11 18:00:00,1252.54
2020-11-11 19:00:00,1316.7683333333334
2020-11-11 20:00:00,1356.5577777777778
2020-11-11 21:00:00,1205.2356944444443
2020-11-11 22:00:00,333.61576388888886
2020-11-11 23:00:00,336.6073611111111
2020-11-12 00:00:00,338.5595138888889
2020-11-12 01:00:00,341.4396527777778
2020-11-12 02:00:00,351.8070138888889
2020-11-12 03:00:00,864.4564583333333
2020-11-12 04:00:00,1881.9406944444445
2020-11-12 05:00:00,2574.79
2020-11-12 06:00:00,2722.856111111111
2020-11-12 07:00:00,1350.7263888888888
2020-11-12 08:00:00,393.98878472222225
2020-11-12 09:00:00,400.92413194444447
2020-11-12 10:00:00,308.0467013888889
2020-11-12 11:00:00,305.43927083333335
2020-11-12 12:00:00,330.2154861111111
2020-11-12 13:00:00,341.6867361111111
2020-11-12 14:00:00,635.4772222222222
2020-11-12 15:00:00,1504.3366666666666
2020-11-12 16:00:00,2092.301388888889
2020-11-12 17:00:00,4840.828888888889
2020-11-12 18:00:00,1860.181111111111
2020-11-12 19:00:00,1428.9055555555556
2020-11-12 20:00:00,1322.4122222222222
2020-11-12 21:00:00,1295.9919444444445
2020-11-12 22:00:00,753.2172916666667
2020-11-12 23:00:00,329.5239583333333
2020-11-13 00:00:00,343.3851736111111
2020-11-13 01:00:00,340.26951388888887
2020-11-13 02:00:00,339.12409722222225
2020-11-13 03:00:00,659.3291666666667
2020-11-13 04:00:00,1841.8848611111111
2020-11-13 05:00:00,2455.1519444444443
2020-11-13 06:00:00,2736.617777777778
2020-11-13 07:00:00,1574.6863888888888
2020-11-13 08:00:00,555.5375
2020-11-13 09:00:00,462.18305555555554
2020-11-13 10:00:00,489.87177083333336
2020-11-13 11:00:00,438.489375
2020-11-13 12:00:00,325.4279513888889
2020-11-13 13:00:00,331.83916666666664
2020-11-13 14:00:00,970.665
2020-11-13 15:00:00,2131.0930555555556
2020-11-13 16:00:00,2099.7663888888887
2020-11-13 17:00:00,2694.5583333333334
2020-11-13 18:00:00,1291.3997222222222
2020-11-13 19:00:00,1279.0577777777778
2020-11-13 20:00:00,1313.0184722222223
2020-11-13 21:00:00,748.56
2020-11-13 22:00:00,357.54475694444443
2020-11-13 23:00:00,330.13173611111114
2020-11-14 00:00:00,340.269375
2020-11-14 01:00:00,349.59784722222224
2020-11-14 02:00:00,339.4575
2020-11-14 03:00:00,1148.0869444444445
2020-11-14 04:00:00,1583.5270833333334
2020-11-14 05:00:00,2279.5172222222222
2020-11-14 06:00:00,4179.966111111111
2020-11-14 07:00:00,3091.012222222222
2020-11-14 08:00:00,1076.652361111111
2020-11-14 09:00:00,482.13458333333335
2020-11-14 10:00:00,447.53333333333336
2020-11-14 11:00:00,427.92243055555554
2020-11-14 12:00:00,509.65444444444444
2020-11-14 13:00:00,699.7996527777777
2020-11-14 14:00:00,1092.2533333333333
2020-11-14 15:00:00,2019.7623611111112
2020-11-14 16:00:00,2258.1470833333333
2020-11-14 17:00:00,2211.5191666666665
2020-11-14 18:00:00,1283.8106944444444
2020-11-14 19:00:00,1306.3122222222223
2020-11-14 20:00:00,1270.412638888889
2020-11-14 21:00:00,402.7804861111111
2020-11-14 22:00:00,407.0697048611111
2020-11-14 23:00:00,340.5575347222222
2020-11-15 00:00:00,358.0936111111111
2020-11-15 01:00:00,335.74357638888887
2020-11-15 02:00:00,341.36333333333334
2020-11-15 03:00:00,1080.2034722222222
2020-11-15 04:00:00,1611.0322222222221
2020-11-15 05:00:00,2377.396388888889
2020-11-15 06:00:00,2498.123888888889
2020-11-15 07:00:00,425.87569444444443
2020-11-15 08:00:00,349.35840277777777
2020-11-15 09:00:00,361.4394791666667
2020-11-15 10:00:00,337.515625
2020-11-15 11:00:00,327.30145833333336
2020-11-15 12:00:00,347.1111111111111
2020-11-15 13:00:00,418.1017013888889
2020-11-15 14:00:00,1128.4770833333334
2020-11-15 15:00:00,2537.8044444444445
2020-11-15 16:00:00,2178.667361111111
2020-11-15 17:00:00,2597.0472222222224
2020-11-15 18:00:00,1723.5977777777778
2020-11-15 19:00:00,1662.244861111111
2020-11-15 20:00:00,1677.0938888888888
2020-11-15 21:00:00,1067.2830555555556
2020-11-15 22:00:00,206.18807291666667
2020-11-15 23:00:00,189.24020833333333
2020-11-16 00:00:00,190.23493055555556
2020-11-16 01:00:00,210.42694444444444
2020-11-16 02:00:00,198.79763888888888
2020-11-16 03:00:00,579.9020486111111
2020-11-16 04:00:00,1784.2423611111112
2020-11-16 05:00:00,2281.3879166666666
2020-11-16 06:00:00,2202.146111111111
2020-11-16 07:00:00,1846.9494444444445
2020-11-16 08:00:00,1075.2299305555555
2020-11-16 09:00:00,353.0574305555556
2020-11-16 10:00:00,341.88368055555554
2020-11-16 11:00:00,321.3699652777778
2020-11-16 12:00:00,239.7761284722222
2020-11-16 13:00:00,694.8445833333334
2020-11-16 14:00:00,1342.2869444444445
2020-11-16 15:00:00,1833.8331944444444
2020-11-16 16:00:00,2510.268888888889
2020-11-16 17:00:00,2910.0152777777776
2020-11-16 18:00:00,3128.1583333333333
2020-11-16 19:00:00,1878.6940277777778
2020-11-16 20:00:00,1579.1758333333332
2020-11-16 21:00:00,1586.1013888888888
2020-11-16 22:00:00,823.7679166666667
2020-11-16 23:00:00,327.3542013888889
2020-11-17 00:00:00,287.73078125
2020-11-17 01:00:00,309.5468055555556
2020-11-17 02:00:00,291.9301388888889
2020-11-17 03:00:00,727.6097222222222
2020-11-17 04:00:00,1739.0797222222222
2020-11-17 05:00:00,2271.1241666666665
2020-11-17 06:00:00,2622.275
2020-11-17 07:00:00,1320.47875
2020-11-17 08:00:00,343.9348611111111
2020-11-17 09:00:00,341.9376388888889
2020-11-17 10:00:00,471.9067361111111
2020-11-17 11:00:00,439.939375
2020-11-17 12:00:00,419.8594444444444
2020-11-17 13:00:00,374.64666666666665
2020-11-17 14:00:00,1403.3534722222223
2020-11-17 15:00:00,1558.2670833333334
2020-11-17 16:00:00,3080.4222222222224
2020-11-17 17:00:00,2972.553888888889
2020-11-17 18:00:00,1823.0656944444445
2020-11-17 19:00:00,1482.3793055555554
2020-11-17 20:00:00,1413.1991666666668
2020-11-17 21:00:00,360.6384722222222
2020-11-17 22:00:00,332.30881944444445
2020-11-17 23:00:00,334.7552083333333
2020-11-18 00:00:00,342.1488194444444
2020-11-18 01:00:00,306.23583333333335
2020-11-18 02:00:00,197.744375
2020-11-18 03:00:00,794.8454861111111
2020-11-18 04:00:00,1868.0069444444443
2020-11-18 05:00:00,2439.5027777777777
2020-11-18 06:00:00,2916.9622222222224
2020-11-18 07:00:00,2307.2225
2020-11-18 08:00:00,1952.0669444444445
2020-11-18 09:00:00,1032.7602777777777
2020-11-18 10:00:00,197.5193576388889
2020-11-18 11:00:00,211.07105902777778
2020-11-18 12:00:00,220.63975694444446
2020-11-18 13:00:00,220.73494791666667
2020-11-18 14:00:00,1766.7501388888888
2020-11-18 15:00:00,3324.016666666667
2020-11-18 16:00:00,2302.782222222222
2020-11-18 17:00:00,2415.0669444444443
2020-11-18 18:00:00,1218.39375
2020-11-18 19:00:00,1332.1827777777778
2020-11-18 20:00:00,1332.200138888889
2020-11-18 21:00:00,1316.745
2020-11-18 22:00:00,755.0122222222222
2020-11-18 23:00:00,216.40809027777777
2020-11-19 00:00:00,213.87427083333333
2020-11-19 01:00:00,233.62928819444446
2020-11-19 02:00:00,228.69381944444444
2020-11-19 03:00:00,726.9368055555556
2020-11-19 04:00:00,1814.9334722222222
2020-11-19 05:00:00,1989.7875
2020-11-19 06:00:00,2760.4036111111113
2020-11-19 07:00:00,1112.7003472222223
2020-11-19 08:00:00,213.7096527777778
2020-11-19 09:00:00,299.43524305555553
2020-11-19 10:00:00,323.3619444444444
2020-11-19 11:00:00,294.0721875
2020-11-19 12:00:00,270.2785763888889
2020-11-19 13:00:00,271.7784027777778
2020-11-19 14:00:00,1247.0747222222221
2020-11-19 15:00:00,2680.492777777778
2020-11-19 16:00:00,2544.204166666667
2020-11-19 17:00:00,4229.402222222222
2020-11-19 18:00:00,2324.36875
2020-11-19 19:00:00,1620.8502777777778
2020-11-19 20:00:00,1430.0358333333334
2020-11-19 21:00:00,1357.466111111111
2020-11-19 22:00:00,1997.9329166666666
2020-11-19 23:00:00,1627.7544444444445
2020-11-20 00:00:00,824.1699305555555
2020-11-20 01:00:00,184.8328125
2020-11-20 02:00:00,185.31052083333333
2020-11-20 03:00:00,668.1118055555555
2020-11-20 04:00:00,1675.5522222222223
2020-11-20 05:00:00,2268.117222222222
2020-11-20 06:00:00,2579.3372222222224
2020-11-20 07:00:00,1747.5775
2020-11-20 08:00:00,739.9141666666667
2020-11-20 09:00:00,329.20135416666665
2020-11-20 10:00:00,223.97737847222223
2020-11-20 11:00:00,183.96555555555557
2020-11-20 12:00:00,186.3821875
2020-11-20 13:00:00,183.65963541666667
2020-11-20 14:00:00,1214.5641666666668
2020-11-20 15:00:00,1814.78125
2020-11-20 16:00:00,2158.0306944444446
2020-11-20 17:00:00,2364.353402777778
2020-11-20 18:00:00,989.3092361111111
2020-11-20 19:00:00,0.30247639973958335
2020-11-20 20:00:00,773.7499305555556
2020-11-20 21:00:00,435.11375
2020-11-20 22:00:00,407.9657638888889
2020-11-20 23:00:00,354.7626736111111
2020-11-21 00:00:00,355.05072916666666
2020-11-21 01:00:00,357.46777777777777
2020-11-21 02:00:00,346.1665972222222
2020-11-21 03:00:00,1005.4288888888889
2020-11-21 04:00:00,1842.3295833333334
2020-11-21 05:00:00,2717.3405555555555
2020-11-21 06:00:00,3366.0505555555555
2020-11-21 07:00:00,2115.520972222222
2020-11-21 08:00:00,736.8111805555556
2020-11-21 09:00:00,571.2142708333333
2020-11-21 10:00:00,592.9370138888889
2020-11-21 11:00:00,516.9429861111112
2020-11-21 12:00:00,819.16125
2020-11-21 13:00:00,902.1578472222222
2020-11-21 14:00:00,1514.3225
2020-11-21 15:00:00,3281.4844444444443
2020-11-21 16:00:00,3298.0594444444446
2020-11-21 17:00:00,3990.8325
2020-11-21 18:00:00,881.8722222222223
2020-11-21 19:00:00,874.0119444444445
2020-11-21 20:00:00,1247.8930555555555
2020-11-21 21:00:00,1219.432638888889
2020-11-21 22:00:00,1357.2266666666667
2020-11-21 23:00:00,535.9488888888889
2020-11-22 00:00:00,466.6278819444444
2020-11-22 01:00:00,398.5867013888889
2020-11-22 02:00:00,453.0764236111111
2020-11-22 03:00:00,1063.8654166666668
2020-11-22 04:00:00,1755.2752777777778
2020-11-22 05:00:00,2338.8244444444445
2020-11-22 06:00:00,2912.145
2020-11-22 07:00:00,1561.23375
2020-11-22 08:00:00,425.7463888888889
2020-11-22 09:00:00,189.8004513888889
2020-11-22 10:00:00,196.42602430555556
2020-11-22 11:00:00,267.93902777777777
2020-11-22 12:00:00,357.94979166666667
2020-11-22 13:00:00,325.8276388888889
2020-11-22 14:00:00,893.8133333333334
2020-11-22 15:00:00,2244.761111111111
2020-11-22 16:00:00,2351.0658333333336
2020-11-22 17:00:00,2440.6388888888887
2020-11-22 18:00:00,1503.4931944444445
2020-11-22 19:00:00,1515.3255555555556
2020-11-22 20:00:00,946.6565277777778
2020-11-22 21:00:00,272.1930208333333
2020-11-22 22:00:00,272.2634375
2020-11-22 23:00:00,199.09753472222224
2020-11-23 00:00:00,191.59836805555557
2020-11-23 01:00:00,193.35722222222222
2020-11-23 02:00:00,193.98402777777778
2020-11-23 03:00:00,788.4375
2020-11-23 04:00:00,1792.1308333333334
2020-11-23 05:00:00,2366.466388888889
2020-11-23 06:00:00,2513.8866666666668
2020-11-23 07:00:00,1257.8155555555556
2020-11-23 08:00:00,343.3172916666667
2020-11-23 09:00:00,207.8540451388889
2020-11-23 10:00:00,179.99913194444446
2020-11-23 11:00:00,169.49652777777777
2020-11-23 12:00:00,173.7084027777778
2020-11-23 13:00:00,287.756875
2020-11-23 14:00:00,491.4448263888889
2020-11-23 15:00:00,2067.2475
2020-11-23 16:00:00,2921.7533333333336
2020-11-23 17:00:00,3730.5183333333334
2020-11-23 18:00:00,1332.8726388888888
2020-11-23 19:00:00,1222.1275
2020-11-23 20:00:00,1226.6625
2020-11-23 21:00:00,811.7117361111111
2020-11-23 22:00:00,240.2643576388889
2020-11-23 23:00:00,184.85069444444446
2020-11-24 00:00:00,188.8017013888889
2020-11-24 01:00:00,193.96864583333334
2020-11-24 02:00:00,195.3609375
2020-11-24 03:00:00,741.3234722222222
2020-11-24 04:00:00,1735.8525
2020-11-24 05:00:00,2294.4494444444445
2020-11-24 06:00:00,2797.5452777777778
2020-11-24 07:00:00,1926.8416666666667
2020-11-24 08:00:00,881.84875
2020-11-24 09:00:00,462.57965277777777
2020-11-24 10:00:00,331.1907638888889
2020-11-24 11:00:00,484.0210763888889
2020-11-24 12:00:00,175.21822916666667
2020-11-24 13:00:00,171.71239583333335
2020-11-24 14:00:00,893.1701388888889
2020-11-24 15:00:00,1416.2845833333333
2020-11-24 16:00:00,2552.8994444444443
2020-11-24 17:00:00,2817.1311111111113
2020-11-24 18:00:00,1723.8075
2020-11-24 19:00:00,1681.9890277777777
2020-11-24 20:00:00,1637.1966666666667
2020-11-24 21:00:00,1598.5233333333333
2020-11-24 22:00:00,1015.1944444444445
2020-11-24 23:00:00,301.99065972222223
2020-11-25 00:00:00,302.6409027777778
2020-11-25 01:00:00,45.477200520833335
2020-11-25 02:00:00,0.12984722561306425
2020-11-25 03:00:00,586.7963888888889
2020-11-25 04:00:00,1686.2027777777778
2020-11-25 05:00:00,2202.282638888889
2020-11-25 06:00:00,3907.7672222222222
2020-11-25 07:00:00,2953.5841666666665
2020-11-25 08:00:00,1158.8530555555556
2020-11-25 09:00:00,347.6538888888889
2020-11-25 10:00:00,336.06430555555556
2020-11-25 11:00:00,296.3045138888889
2020-11-25 12:00:00,284.38142361111113
2020-11-25 13:00:00,225.35381944444444
2020-11-25 14:00:00,680.0556944444445
2020-11-25 15:00:00,2375.8555555555554
2020-11-25 16:00:00,2482.6983333333333
2020-11-25 17:00:00,2446.8175
2020-11-25 18:00:00,1131.0025694444444
2020-11-25 19:00:00,1246.691388888889
2020-11-25 20:00:00,1238.505
2020-11-25 21:00:00,264.35369791666665
2020-11-25 22:00:00,182.1156076388889
2020-11-25 23:00:00,177.33144097222223
2020-11-26 00:00:00,181.28526041666666
2020-11-26 01:00:00,186.54194444444445
2020-11-26 02:00:00,184.83538194444444
2020-11-26 03:00:00,824.9152083333333
2020-11-26 04:00:00,1745.8013888888888
2020-11-26 05:00:00,2320.141111111111
2020-11-26 06:00:00,2596.0377777777776
2020-11-26 07:00:00,1983.8986111111112
2020-11-26 08:00:00,833.9051388888889
2020-11-26 09:00:00,258.1457986111111
2020-11-26 10:00:00,355.99822916666665
2020-11-26 11:00:00,276.0134375
2020-11-26 12:00:00,194.85361111111112
2020-11-26 13:00:00,172.43274305555556
2020-11-26 14:00:00,603.8245138888889
2020-11-26 15:00:00,1583.3777777777777
2020-11-26 16:00:00,2333.226111111111
2020-11-26 17:00:00,4171.251666666667
2020-11-26 18:00:00,2194.5583333333334
2020-11-26 19:00:00,1555.9775
2020-11-26 20:00:00,1508.2186111111112
2020-11-26 21:00:00,673.6684027777778
2020-11-26 22:00:00,255.6327777777778
2020-11-26 23:00:00,210.41927083333334
2020-11-27 00:00:00,183.431875
2020-11-27 01:00:00,184.48909722222223
2020-11-27 02:00:00,185.00069444444443
2020-11-27 03:00:00,749.8623611111111
2020-11-27 04:00:00,1689.2186111111112
2020-11-27 05:00:00,1926.5044444444445
2020-11-27 06:00:00,2871.063888888889
2020-11-27 07:00:00,2059.965277777778
2020-11-27 08:00:00,558.0429166666667
2020-11-27 09:00:00,638.3763888888889
2020-11-27 10:00:00,283.52008680555554
2020-11-27 11:00:00,197.33760416666667
2020-11-27 12:00:00,395.75177083333335
2020-11-27 13:00:00,286.6184375
2020-11-27 14:00:00,648.6138888888889
2020-11-27 15:00:00,1848.2070833333332
2020-11-27 16:00:00,1979.8316666666667
2020-11-27 17:00:00,2288.9420833333334
2020-11-27 18:00:00,1138.959375
2020-11-27 19:00:00,1132.9881944444444
2020-11-27 20:00:00,1165.5627777777777
2020-11-27 21:00:00,354.78256944444445
2020-11-27 22:00:00,209.09177083333333
2020-11-27 23:00:00,191.35855902777777
2020-11-28 00:00:00,174.5076736111111
2020-11-28 01:00:00,195.0064236111111
2020-11-28 02:00:00,193.54482638888888
2020-11-28 03:00:00,894.3129861111111
2020-11-28 04:00:00,1477.49125
2020-11-28 05:00:00,2768.1433333333334
2020-11-28 06:00:00,2909.7691666666665
2020-11-28 07:00:00,2036.8983333333333
2020-11-28 08:00:00,1148.160138888889
2020-11-28 09:00:00,892.7464583333333
2020-11-28 10:00:00,228.36255208333333
2020-11-28 11:00:00,241.11888888888888
2020-11-28 12:00:00,242.19621527777778
2020-11-28 13:00:00,234.72973958333333
2020-11-28 14:00:00,1026.0154861111112
2020-11-28 15:00:00,3161.3147222222224
2020-11-28 16:00:00,3137.2219444444445
2020-11-28 17:00:00,3031.661111111111
2020-11-28 18:00:00,1151.2821527777778
2020-11-28 19:00:00,1156.2669444444443
2020-11-28 20:00:00,1188.3836111111111
2020-11-28 21:00:00,931.79375
2020-11-28 22:00:00,200.15847222222223
2020-11-28 23:00:00,185.7801388888889
2020-11-29 00:00:00,182.92399305555554
2020-11-29 01:00:00,177.80253472222222
2020-11-29 02:00:00,186.19885416666668
2020-11-29 03:00:00,767.6090277777778
2020-11-29 04:00:00,1485.8841666666667
2020-11-29 05:00:00,2280.103888888889
2020-11-29 06:00:00,2947.8944444444446
2020-11-29 07:00:00,1470.3873611111112
2020-11-29 08:00:00,1151.8268055555557
2020-11-29 09:00:00,1159.0997222222222
2020-11-29 10:00:00,1093.5444444444445
2020-11-29 11:00:00,1097.2597222222223
2020-11-29 12:00:00,1003.5095833333334
2020-11-29 13:00:00,176.40553819444443
2020-11-29 14:00:00,667.4895833333334
2020-11-29 15:00:00,2113.43375
2020-11-29 16:00:00,2419.550277777778
2020-11-29 17:00:00,1605.8897222222222
2020-11-29 18:00:00,1090.76875
2020-11-29 19:00:00,1164.2924305555555
2020-11-29 20:00:00,1223.1044444444444
2020-11-29 21:00:00,552.8357986111112
2020-11-29 22:00:00,219.70388888888888
2020-11-29 23:00:00,179.26484375
2020-11-30 00:00:00,196.17277777777778
2020-11-30 01:00:00,195.31480902777778
2020-11-30 02:00:00,179.98626736111112
2020-11-30 03:00:00,793.9859722222222
2020-11-30 04:00:00,1716.3561111111112
2020-11-30 05:00:00,2192.2418055555554
2020-11-30 06:00:00,3643.86
2020-11-30 07:00:00,3153.4783333333335
2020-11-30 08:00:00,1070.0823611111111
2020-11-30 09:00:00,403.12586805555554
2020-11-30 10:00:00,261.6695138888889
2020-11-30 11:00:00,211.563125
2020-11-30 12:00:00,168.67932291666668
2020-11-30 13:00:00,433.8429861111111
2020-11-30 14:00:00,1142.2178472222222
2020-11-30 15:00:00,2008.5283333333334
2020-11-30 16:00:00,2546.3969444444447
2020-11-30 17:00:00,2607.5608333333334
2020-11-30 18:00:00,1556.0975
2020-11-30 19:00:00,1587.246388888889
2020-11-30 20:00:00,1606.0816666666667
2020-11-30 21:00:00,1205.5040277777778
2020-11-30 22:00:00,910.6630555555555
2020-11-30 23:00:00,129.8190798611111
2020-12-01 00:00:00,0.07849027845594618
2020-12-01 01:00:00,0.0356683349609375
2020-12-01 02:00:00,0.03241222169664171
2020-12-01 03:00:00,731.406875
2020-12-01 04:00:00,1676.3875
2020-12-01 05:00:00,2372.9844444444443
2020-12-01 06:00:00,2506.185
2020-12-01 07:00:00,1686.9919444444445
2020-12-01 08:00:00,378.9801736111111
2020-12-01 09:00:00,322.5282638888889
2020-12-01 10:00:00,611.5844444444444
2020-12-01 11:00:00,561.7214583333333
2020-12-01 12:00:00,318.2659722222222
2020-12-01 13:00:00,504.3672916666667
2020-12-01 14:00:00,1925.8645833333333
2020-12-01 15:00:00,2436.693888888889
2020-12-01 16:00:00,2096.7873611111113
2020-12-01 17:00:00,2103.2961111111113
2020-12-01 18:00:00,1508.5690277777778
2020-12-01 19:00:00,1144.4617361111111
2020-12-01 20:00:00,1182.9343055555555
2020-12-01 21:00:00,543.8061805555556
2020-12-01 22:00:00,193.04196180555556
2020-12-01 23:00:00,170.97640625
2020-12-02 00:00:00,191.56989583333333
2020-12-02 01:00:00,193.16986111111112
2020-12-02 02:00:00,183.00289930555556
2020-12-02 03:00:00,815.1943055555555
2020-12-02 04:00:00,1727.4619444444445
2020-12-02 05:00:00,2251.3415277777776
2020-12-02 06:00:00,2459.501388888889
2020-12-02 07:00:00,1696.3580555555557
2020-12-02 08:00:00,211.59163194444446
2020-12-02 09:00:00,249.57024305555555
2020-12-02 10:00:00,303.17006944444444
2020-12-02 11:00:00,281.4600173611111
2020-12-02 12:00:00,282.2151736111111
2020-12-02 13:00:00,276.3686284722222
2020-12-02 14:00:00,1406.1854166666667
2020-12-02 15:00:00,2225.866666666667
2020-12-02 16:00:00,2115.0583333333334
2020-12-02 17:00:00,4011.8194444444443
2020-12-02 18:00:00,3048.0191666666665
2020-12-02 19:00:00,1810.5858333333333
2020-12-02 20:00:00,1641.6756944444444
2020-12-02 21:00:00,1554.3941666666667
2020-12-02 22:00:00,245.0873611111111
2020-12-02 23:00:00,185.61434027777779
2020-12-03 00:00:00,193.3515625
2020-12-03 01:00:00,178.68604166666665
2020-12-03 02:00:00,194.38215277777778
2020-12-03 03:00:00,581.9927430555556
2020-12-03 04:00:00,1354.2894444444444
2020-12-03 05:00:00,2225.536666666667
2020-12-03 06:00:00,1716.725138888889
2020-12-03 07:00:00,1598.3622222222223
2020-12-03 08:00:00,1501.933888888889
2020-12-03 09:00:00,1149.139375
2020-12-03 10:00:00,757.6565972222222
2020-12-03 11:00:00,175.7694965277778
2020-12-03 12:00:00,166.43307291666667
2020-12-03 13:00:00,173.59
2020-12-03 14:00:00,1345.2441666666666
2020-12-03 15:00:00,2341.220277777778
2020-12-03 16:00:00,2330.3955555555553
2020-12-03 17:00:00,2363.2844444444445
2020-12-03 18:00:00,1102.2890277777778
2020-12-03 19:00:00,1140.709236111111
2020-12-03 20:00:00,1216.2916666666667
2020-12-03 21:00:00,1200.1991666666668
2020-12-03 22:00:00,858.181875
2020-12-03 23:00:00,185.00435763888888
2020-12-04 00:00:00,190.83651041666667
2020-12-04 01:00:00,176.58753472222222
2020-12-04 02:00:00,194.94697916666667
2020-12-04 03:00:00,779.4627083333334
2020-12-04 04:00:00,1744.9218055555555
2020-12-04 05:00:00,2218.4894444444444
2020-12-04 06:00:00,3040.3894444444445
2020-12-04 07:00:00,3411.011388888889
2020-12-04 08:00:00,1252.8754166666668
2020-12-04 09:00:00,196.62947916666667
2020-12-04 10:00:00,225.25583333333333
2020-12-04 11:00:00,278.60453125
2020-12-04 12:00:00,266.68180555555557
2020-12-04 13:00:00,174.92121527777778
2020-12-04 14:00:00,560.8640972222222
2020-12-04 15:00:00,1883.9380555555556
2020-12-04 16:00:00,2106.9841666666666
2020-12-04 17:00:00,2658.978888888889
2020-12-04 18:00:00,1632.9356944444444
2020-12-04 19:00:00,1597.2525
2020-12-04 20:00:00,1600.5530555555556
2020-12-04 21:00:00,728.9281944444444
2020-12-04 22:00:00,180.5584027777778
2020-12-04 23:00:00,178.08192708333334
2020-12-05 00:00:00,182.9284722222222
2020-12-05 01:00:00,179.82315972222221
2020-12-05 02:00:00,187.75145833333335
2020-12-05 03:00:00,623.2100694444445
2020-12-05 04:00:00,1890.2683333333334
2020-12-05 05:00:00,2086.2391666666667
2020-12-05 06:00:00,2278.862777777778
2020-12-05 07:00:00,2704.1008333333334
2020-12-05 08:00:00,1296.2765277777778
2020-12-05 09:00:00,1240.5847222222221
2020-12-05 10:00:00,1223.033888888889
2020-12-05 11:00:00,1215.3077777777778
2020-12-05 12:00:00,1263.3102777777779
2020-12-05 13:00:00,1265.1954166666667
2020-12-05 14:00:00,2172.34375
2020-12-05 15:00:00,1686.5347222222222
2020-12-05 16:00:00,3511.695
2020-12-05 17:00:00,3568.303888888889
2020-12-05 18:00:00,1315.0384722222223
2020-12-05 19:00:00,1183.7958333333333
2020-12-05 20:00:00,1179.5194444444444
2020-12-05 21:00:00,609.7088888888889
2020-12-05 22:00:00,174.81527777777777
2020-12-05 23:00:00,189.6015972222222
2020-12-06 00:00:00,191.63645833333334
2020-12-06 01:00:00,177.11371527777777
2020-12-06 02:00:00,194.83559027777778
2020-12-06 03:00:00,737.4526388888889
2020-12-06 04:00:00,1728.3081944444446
2020-12-06 05:00:00,2464.7536111111112
2020-12-06 06:00:00,1914.0091666666667
2020-12-06 07:00:00,2039.9988888888888
2020-12-06 08:00:00,1151.213611111111
2020-12-06 09:00:00,371.7923611111111
2020-12-06 10:00:00,338.0252777777778
2020-12-06 11:00:00,182.3385590277778
2020-12-06 12:00:00,165.21229166666666
2020-12-06 13:00:00,158.15824652777778
2020-12-06 14:00:00,1057.4584722222223
2020-12-06 15:00:00,2123.5490277777776
2020-12-06 16:00:00,2153.556111111111
2020-12-06 17:00:00,2345.383333333333
2020-12-06 18:00:00,1178.8468055555556
2020-12-06 19:00:00,1224.3808333333334
2020-12-06 20:00:00,1191.7622222222221
2020-12-06 21:00:00,573.9513541666666
2020-12-06 22:00:00,178.8499826388889
2020-12-06 23:00:00,182.0425
2020-12-07 00:00:00,179.39895833333333
2020-12-07 01:00:00,171.74319444444444
2020-12-07 02:00:00,192.02727430555555
2020-12-07 03:00:00,642.3742361111111
2020-12-07 04:00:00,1981.6356944444444
2020-12-07 05:00:00,2188.4533333333334
2020-12-07 06:00:00,3713.5144444444445
2020-12-07 07:00:00,2353.5255555555555
2020-12-07 08:00:00,1830.8390277777778
2020-12-07 09:00:00,826.5772222222222
2020-12-07 10:00:00,259.2079513888889
2020-12-07 11:00:00,698.5875
2020-12-07 12:00:00,365.99569444444444
2020-12-07 13:00:00,466.6454513888889
2020-12-07 14:00:00,1638.4
2020-12-07 15:00:00,2626.078611111111
2020-12-07 16:00:00,2324.4709722222224
2020-12-07 17:00:00,2988.8433333333332
2020-12-07 18:00:00,1517.3658333333333
2020-12-07 19:00:00,1623.2041666666667
2020-12-07 20:00:00,1608.0694444444443
2020-12-07 21:00:00,295.60614583333336
2020-12-07 22:00:00,211.76793402777778
2020-12-07 23:00:00,224.80416666666667
2020-12-08 00:00:00,228.0948263888889
2020-12-08 01:00:00,226.30239583333332
2020-12-08 02:00:00,234.55869791666666
2020-12-08 03:00:00,532.2030208333333
2020-12-08 04:00:00,1752.5086111111111
2020-12-08 05:00:00,2429.711111111111
2020-12-08 06:00:00,2899.661666666667
2020-12-08 07:00:00,1783.56
2020-12-08 08:00:00,1415.6247222222223
2020-12-08 09:00:00,1147.76375
2020-12-08 10:00:00,1144.4980555555555
2020-12-08 11:00:00,923.5070138888889
2020-12-08 12:00:00,493.28524305555555
2020-12-08 13:00:00,318.2153125
2020-12-08 14:00:00,879.88625
2020-12-08 15:00:00,2238.6111111111113
2020-12-08 16:00:00,2076.415138888889
2020-12-08 17:00:00,2864.8152777777777
2020-12-08 18:00:00,1602.3031944444444
2020-12-08 19:00:00,1647.1275
2020-12-08 20:00:00,1638.72
2020-12-08 21:00:00,1618.7047222222222
2020-12-08 22:00:00,472.7761458333333
2020-12-08 23:00:00,220.641875
2020-12-09 00:00:00,220.67163194444444
2020-12-09 01:00:00,225.06944444444446
2020-12-09 02:00:00,229.3615625
2020-12-09 03:00:00,765.6032638888889
2020-12-09 04:00:00,1731.6697222222222
2020-12-09 05:00:00,3834.4280555555556
2020-12-09 06:00:00,2350.2808333333332
2020-12-09 07:00:00,1891.1631944444443
2020-12-09 08:00:00,1635.7047222222222
2020-12-09 09:00:00,810.9177777777778
2020-12-09 10:00:00,790.4723611111111
2020-12-09 11:00:00,741.7747222222222
2020-12-09 12:00:00,464.7582638888889
2020-12-09 13:00:00,312.57
2020-12-09 14:00:00,1151.4576388888888
2020-12-09 15:00:00,2417.576666666667
2020-12-09 16:00:00,4032.14
2020-12-09 17:00:00,1844.1083333333333
2020-12-09 18:00:00,1671.7469444444444
2020-12-09 19:00:00,1351.0825
2020-12-09 20:00:00,1302.8425
2020-12-09 21:00:00,909.135
2020-12-09 22:00:00,179.87756944444445
2020-12-09 23:00:00,118.01899305555555
2020-12-10 00:00:00,0.19675055609809028
2020-12-10 01:00:00,0.1344172159830729
2020-12-10 02:00:00,0.1663808356391059
2020-12-10 03:00:00,559.094375
2020-12-10 04:00:00,1530.5741666666668
2020-12-10 05:00:00,2457.7575
2020-12-10 06:00:00,3048.961388888889
2020-12-10 07:00:00,2872.777777777778
2020-12-10 08:00:00,3747.2877777777776
2020-12-10 09:00:00,1886.0525
2020-12-10 10:00:00,1069.8493055555555
2020-12-10 11:00:00,1118.0218055555556
2020-12-10 12:00:00,5769.8133333333335
2020-12-10 13:00:00,10228.693333333333
2020-12-10 14:00:00,4574.265555555556
2020-12-10 15:00:00,2334.1883333333335
2020-12-10 16:00:00,4241.6211111111115
2020-12-10 17:00:00,3978.920833333333
2020-12-10 18:00:00,1742.8252777777777
2020-12-10 19:00:00,1488.8113888888888
2020-12-10 20:00:00,1482.1191666666666
2020-12-10 21:00:00,993.11
2020-12-10 22:00:00,184.68909722222222
2020-12-10 23:00:00,166.3297048611111
2020-12-11 00:00:00,178.64138888888888
2020-12-11 01:00:00,179.8190277777778
2020-12-11 02:00:00,167.05795138888888
2020-12-11 03:00:00,720.6117361111111
2020-12-11 04:00:00,3042.4808333333335
2020-12-11 05:00:00,2698.133888888889
2020-12-11 06:00:00,1976.7365277777778
2020-12-11 07:00:00,3072.403333333333
2020-12-11 08:00:00,1701.9897222222223
2020-12-11 09:00:00,7743.363333333334
2020-12-11 10:00:00,9750.184444444445
2020-12-11 11:00:00,9227.767222222223
2020-12-11 12:00:00,9275.153333333334
2020-12-11 13:00:00,9815.857777777777
2020-12-11 14:00:00,12575.433333333332
2020-12-11 15:00:00,10292.531111111111
2020-12-11 16:00:00,10163.223333333333
2020-12-11 17:00:00,11615.851111111111
2020-12-11 18:00:00,10112.586666666666
2020-12-11 19:00:00,10522.474444444444
2020-12-11 20:00:00,9942.478888888889
2020-12-11 21:00:00,9242.767777777777
2020-12-11 22:00:00,9344.232222222223
2020-12-11 23:00:00,9245.775555555556
2020-12-12 00:00:00,9085.91888888889
2020-12-12 01:00:00,8941.39388888889
2020-12-12 02:00:00,8875.711111111112
2020-12-12 03:00:00,9290.117777777778
2020-12-12 04:00:00,9854.851111111111
2020-12-12 05:00:00,10767.383333333333
2020-12-12 06:00:00,12130.722222222223
2020-12-12 07:00:00,12174.173333333334
2020-12-12 08:00:00,10310.91
2020-12-12 09:00:00,10195.553333333333
2020-12-12 10:00:00,10279.135555555555
2020-12-12 11:00:00,10162.053333333333
2020-12-12 12:00:00,10254.066666666668
2020-12-12 13:00:00,9969.398888888889
2020-12-12 14:00:00,10470.986666666666
2020-12-12 15:00:00,11995.65
2020-12-12 16:00:00,10547.244444444445
2020-12-12 17:00:00,10322.24888888889
2020-12-12 18:00:00,9778.681111111111
2020-12-12 19:00:00,10045.096666666666
2020-12-12 20:00:00,9070.521111111111
2020-12-12 21:00:00,1139.8127777777777
2020-12-12 22:00:00,282.159375
2020-12-12 23:00:00,260.8824652777778
2020-12-13 00:00:00,170.63805555555555
2020-12-13 01:00:00,187.10100694444444
2020-12-13 02:00:00,188.71190972222223
2020-12-13 03:00:00,792.3877777777777
2020-12-13 04:00:00,1417.0547222222222
2020-12-13 05:00:00,2282.7761111111113
2020-12-13 06:00:00,2805.036111111111
2020-12-13 07:00:00,1329.9256944444444
2020-12-13 08:00:00,1045.2619444444445
2020-12-13 09:00:00,1055.6494444444445
2020-12-13 10:00:00,1055.83625
2020-12-13 11:00:00,758.5671527777778
2020-12-13 12:00:00,175.51881944444443
2020-12-13 13:00:00,188.68979166666668
2020-12-13 14:00:00,1052.6870833333332
2020-12-13 15:00:00,2554.133611111111
2020-12-13 16:00:00,2459.9094444444445
2020-12-13 17:00:00,4817.7988888888885
2020-12-13 18:00:00,2138.8063888888887
2020-12-13 19:00:00,3484.8502777777776
2020-12-13 20:00:00,10332.685555555556
2020-12-13 21:00:00,10615.48111111111
2020-12-13 22:00:00,11303.101111111111
2020-12-13 23:00:00,11453.728888888889
2020-12-14 00:00:00,11310.32
2020-12-14 01:00:00,11310.777777777777
2020-12-14 02:00:00,11135.504444444445
2020-12-14 03:00:00,11490.76888888889
2020-12-14 04:00:00,11737.602222222222
2020-12-14 05:00:00,12470.273333333333
2020-12-14 06:00:00,10699.78
2020-12-14 07:00:00,5427.8
2020-12-14 08:00:00,2255.70625
2020-12-14 09:00:00,2127.6206944444443
2020-12-14 10:00:00,868.2283333333334
2020-12-14 11:00:00,338.2082291666667
2020-12-14 12:00:00,332.24111111111114
2020-12-14 13:00:00,491.5575
2020-12-14 14:00:00,1492.2556944444445
2020-12-14 15:00:00,2225.765138888889
2020-12-14 16:00:00,2423.787222222222
2020-12-14 17:00:00,3053.7280555555553
2020-12-14 18:00:00,1878.3730555555555
2020-12-14 19:00:00,1934.081111111111
2020-12-14 20:00:00,1832.8429166666667
2020-12-14 21:00:00,1791.2947222222222
2020-12-14 22:00:00,618.8129166666666
2020-12-14 23:00:00,517.1457638888888
2020-12-15 00:00:00,544.3566319444444
2020-12-15 01:00:00,544.1070138888889
2020-12-15 02:00:00,551.0977777777778
2020-12-15 03:00:00,883.7655555555556
2020-12-15 04:00:00,3276.3527777777776
2020-12-15 05:00:00,2824.2775
2020-12-15 06:00:00,2659.215833333333
2020-12-15 07:00:00,1662.8336111111112
2020-12-15 08:00:00,1194.4802777777777
2020-12-15 09:00:00,1146.8766666666668
2020-12-15 10:00:00,1067.5049305555556
2020-12-15 11:00:00,823.814375
2020-12-15 12:00:00,185.36977430555555
2020-12-15 13:00:00,314.3800347222222
2020-12-15 14:00:00,1594.1430555555555
2020-12-15 15:00:00,2354.0583333333334
2020-12-15 16:00:00,2297.1294444444443
2020-12-15 17:00:00,2555.4194444444443
2020-12-15 18:00:00,1470.5325
2020-12-15 19:00:00,1545.2509722222221
2020-12-15 20:00:00,1581.3929166666667
2020-12-15 21:00:00,1240.9229166666667
2020-12-15 22:00:00,168.64473958333335
2020-12-15 23:00:00,174.49597222222224
2020-12-16 00:00:00,178.61993055555556
2020-12-16 01:00:00,175.88645833333334
2020-12-16 02:00:00,179.73411458333334
2020-12-16 03:00:00,743.0399305555555
2020-12-16 04:00:00,1755.7801388888888
2020-12-16 05:00:00,2375.9380555555554
2020-12-16 06:00:00,3462.571111111111
2020-12-16 07:00:00,3231.358888888889
2020-12-16 08:00:00,1123.19
2020-12-16 09:00:00,842.5984722222222
2020-12-16 10:00:00,842.81875
2020-12-16 11:00:00,906.0390277777777
2020-12-16 12:00:00,915.9118055555556
2020-12-16 13:00:00,923.0073611111111
2020-12-16 14:00:00,1148.7954166666666
2020-12-16 15:00:00,1813.525
2020-12-16 16:00:00,1856.8294444444443
2020-12-16 17:00:00,2207.204166666667
2020-12-16 18:00:00,1392.725138888889
2020-12-16 19:00:00,1399.4830555555557
2020-12-16 20:00:00,1448.473611111111
2020-12-16 21:00:00,1311.7713888888889
2020-12-16 22:00:00,195.91756944444444
2020-12-16 23:00:00,218.1108159722222
2020-12-17 00:00:00,218.30875
2020-12-17 01:00:00,222.45534722222223
2020-12-17 02:00:00,214.1626736111111
2020-12-17 03:00:00,841.1849305555555
2020-12-17 04:00:00,2035.2615277777777
2020-12-17 05:00:00,1836.5513888888888
2020-12-17 06:00:00,2410.4655555555555
2020-12-17 07:00:00,1353.3630555555555
2020-12-17 08:00:00,935.1943055555555
2020-12-17 09:00:00,520.3874305555555
2020-12-17 10:00:00,202.71479166666666
2020-12-17 11:00:00,183.8765625
2020-12-17 12:00:00,178.31677083333332
2020-12-17 13:00:00,183.9583159722222
2020-12-17 14:00:00,1184.9433333333334
2020-12-17 15:00:00,2858.0866666666666
2020-12-17 16:00:00,3525.702222222222
2020-12-17 17:00:00,2037.1708333333333
2020-12-17 18:00:00,1026.0861805555555
2020-12-17 19:00:00,1016.2433333333333
2020-12-17 20:00:00,973.1998611111111
2020-12-17 21:00:00,999.2848611111111
2020-12-17 22:00:00,442.17298611111113
2020-12-17 23:00:00,189.80263888888888
2020-12-18 00:00:00,190.96815972222223
2020-12-18 01:00:00,196.51805555555555
2020-12-18 02:00:00,191.43618055555555
2020-12-18 03:00:00,641.1540972222223
2020-12-18 04:00:00,1542.9745833333334
2020-12-18 05:00:00,2369.6086111111113
2020-12-18 06:00:00,2596.079166666667
2020-12-18 07:00:00,1678.7791666666667
2020-12-18 08:00:00,576.7035763888889
2020-12-18 09:00:00,320.71184027777775
2020-12-18 10:00:00,308.63927083333334
2020-12-18 11:00:00,305.6526736111111
2020-12-18 12:00:00,310.4534722222222
2020-12-18 13:00:00,309.00805555555553
2020-12-18 14:00:00,484.78305555555556
2020-12-18 15:00:00,2590.8505555555557
2020-12-18 16:00:00,2126.5955555555556
2020-12-18 17:00:00,2466.6652777777776
2020-12-18 18:00:00,1476.8602777777778
2020-12-18 19:00:00,1505.2375
2020-12-18 20:00:00,1465.8116666666667
2020-12-18 21:00:00,1072.774861111111
2020-12-18 22:00:00,257.5498958333333
2020-12-18 23:00:00,238.49177083333333
2020-12-19 00:00:00,187.5745486111111
2020-12-19 01:00:00,188.22211805555557
2020-12-19 02:00:00,191.79373263888888
2020-12-19 03:00:00,664.7277083333333
2020-12-19 04:00:00,1610.8377777777778
2020-12-19 05:00:00,2792.818888888889
2020-12-19 06:00:00,3060.6877777777777
2020-12-19 07:00:00,3467.225
2020-12-19 08:00:00,694.4997916666666
2020-12-19 09:00:00,374.32930555555555
2020-12-19 10:00:00,308.78069444444446
2020-12-19 11:00:00,304.03291666666667
2020-12-19 12:00:00,284.1394618055556
2020-12-19 13:00:00,192.18868055555555
2020-12-19 14:00:00,726.0208333333334
2020-12-19 15:00:00,1944.163611111111
2020-12-19 16:00:00,1962.9954166666666
2020-12-19 17:00:00,2185.7394444444444
2020-12-19 18:00:00,955.5891666666666
2020-12-19 19:00:00,927.4296527777777
2020-12-19 20:00:00,965.4002777777778
2020-12-19 21:00:00,464.9327083333333
2020-12-19 22:00:00,256.05395833333336
2020-12-19 23:00:00,220.4278125
2020-12-20 00:00:00,183.38739583333333
2020-12-20 01:00:00,190.77723958333334
2020-12-20 02:00:00,191.99046875
2020-12-20 03:00:00,741.1770138888888
2020-12-20 04:00:00,1574.6420833333334
2020-12-20 05:00:00,2042.2527777777777
2020-12-20 06:00:00,2288.7981944444446
2020-12-20 07:00:00,1247.9305555555557
2020-12-20 08:00:00,221.15710069444444
2020-12-20 09:00:00,211.43666666666667
2020-12-20 10:00:00,271.55383680555553
2020-12-20 11:00:00,195.21020833333333
2020-12-20 12:00:00,190.79725694444446
2020-12-20 13:00:00,179.2548611111111
2020-12-20 14:00:00,1085.9665277777779
2020-12-20 15:00:00,2188.9347222222223
2020-12-20 16:00:00,3310.943888888889
2020-12-20 17:00:00,3150.1472222222224
2020-12-20 18:00:00,1557.3668055555556
2020-12-20 19:00:00,1410.131111111111
2020-12-20 20:00:00,1380.5011111111112
2020-12-20 21:00:00,884.5436111111111
2020-12-20 22:00:00,172.30024305555557
2020-12-20 23:00:00,180.55017361111112
2020-12-21 00:00:00,172.41220486111112
2020-12-21 01:00:00,178.83729166666666
2020-12-21 02:00:00,174.08664930555557
2020-12-21 03:00:00,789.3047916666667
2020-12-21 04:00:00,1738.192361111111
2020-12-21 05:00:00,1954.2486111111111
2020-12-21 06:00:00,2732.5319444444444
2020-12-21 07:00:00,1451.057361111111
2020-12-21 08:00:00,1279.8040277777777
2020-12-21 09:00:00,981.6572916666667
2020-12-21 10:00:00,601.5098611111111
2020-12-21 11:00:00,318.01131944444444
2020-12-21 12:00:00,308.0813888888889
2020-12-21 13:00:00,303.87065972222223
2020-12-21 14:00:00,948.9372222222222
2020-12-21 15:00:00,2042.0630555555556
2020-12-21 16:00:00,2447.64
2020-12-21 17:00:00,2615.4783333333335
2020-12-21 18:00:00,1237.0222222222221
2020-12-21 19:00:00,1263.945
2020-12-21 20:00:00,1296.9522222222222
2020-12-21 21:00:00,1030.9593055555556
2020-12-21 22:00:00,409.6822222222222
2020-12-21 23:00:00,153.44722222222222
2020-12-22 00:00:00,161.61378472222222
2020-12-22 01:00:00,161.82428819444445
2020-12-22 02:00:00,167.4375347222222
2020-12-22 03:00:00,871.4260416666667
2020-12-22 04:00:00,2012.2947222222222
2020-12-22 05:00:00,2025.3323611111111
2020-12-22 06:00:00,2135.628888888889
2020-12-22 07:00:00,1990.1475
2020-12-22 08:00:00,3641.47
2020-12-22 09:00:00,2920.590833333333
2020-12-22 10:00:00,3545.2555555555555
2020-12-22 11:00:00,2687.0355555555557
2020-12-22 12:00:00,2076.401388888889
2020-12-22 13:00:00,1048.13625
2020-12-22 14:00:00,1282.7404166666668
2020-12-22 15:00:00,1745.0768055555557
2020-12-22 16:00:00,2327.7322222222224
2020-12-22 17:00:00,2148.7947222222224
2020-12-22 18:00:00,1055.7543055555554
2020-12-22 19:00:00,1070.3094444444444
2020-12-22 20:00:00,1032.1090277777778
2020-12-22 21:00:00,742.4870833333333
2020-12-22 22:00:00,204.8265798611111
2020-12-22 23:00:00,212.06677083333332
2020-12-23 00:00:00,208.41421875
2020-12-23 01:00:00,202.48961805555555
2020-12-23 02:00:00,203.19756944444444
2020-12-23 03:00:00,860.12875
2020-12-23 04:00:00,1506.0744444444445
2020-12-23 05:00:00,2342.0672222222224
2020-12-23 06:00:00,2657.0105555555556
2020-12-23 07:00:00,1737.3368055555557
2020-12-23 08:00:00,1155.03
2020-12-23 09:00:00,828.65125
2020-12-23 10:00:00,195.18777777777777
2020-12-23 11:00:00,684.7574305555555
2020-12-23 12:00:00,812.2669444444444
2020-12-23 13:00:00,1003.7840277777777
2020-12-23 14:00:00,1411.9906944444444
2020-12-23 15:00:00,2019.5166666666667
2020-12-23 16:00:00,2176.699722222222
2020-12-23 17:00:00,2513.433611111111
2020-12-23 18:00:00,1376.4729166666666
2020-12-23 19:00:00,1417.5920833333332
2020-12-23 20:00:00,1455.2858333333334
2020-12-23 21:00:00,1326.0875
2020-12-23 22:00:00,155.27894097222222
2020-12-23 23:00:00,70.83623263888889
2020-12-24 00:00:00,64.41991319444445
2020-12-24 01:00:00,79.00982638888888
2020-12-24 02:00:00,79.93795138888889
2020-12-24 03:00:00,913.3838194444445
2020-12-24 04:00:00,3267.2580555555555
2020-12-24 05:00:00,2386.9544444444446
2020-12-24 06:00:00,2376.0027777777777
2020-12-24 07:00:00,1864.4609722222222
2020-12-24 08:00:00,1120.9169444444444
2020-12-24 09:00:00,698.2261111111111
2020-12-24 10:00:00,179.67590277777776
2020-12-24 11:00:00,181.40423611111112
2020-12-24 12:00:00,169.58913194444443
2020-12-24 13:00:00,193.70027777777779
2020-12-24 14:00:00,1036.6278472222223
2020-12-24 15:00:00,2119.863611111111
2020-12-24 16:00:00,1898.7183333333332
2020-12-24 17:00:00,3239.2755555555555
2020-12-24 18:00:00,1438.79
2020-12-24 19:00:00,1453.2979166666667
2020-12-24 20:00:00,1460.7980555555555
2020-12-24 21:00:00,1426.4402777777777
2020-12-24 22:00:00,596.6056944444445
2020-12-24 23:00:00,74.81331597222223
2020-12-25 00:00:00,56.97096354166667
2020-12-25 01:00:00,77.54606770833334
2020-12-25 02:00:00,57.88539930555555
2020-12-25 03:00:00,588.2320138888889
2020-12-25 04:00:00,1404.5233333333333
2020-12-25 05:00:00,2309.299722222222
2020-12-25 06:00:00,2121.5568055555555
2020-12-25 07:00:00,1624.5145833333333
2020-12-25 08:00:00,322.910625
2020-12-25 09:00:00,187.20053819444445
2020-12-25 10:00:00,197.0771875
2020-12-25 11:00:00,162.1378355577257
2020-12-25 12:00:00,182.97967013888888
2020-12-25 13:00:00,173.2185763888889
2020-12-25 14:00:00,918.5805555555555
2020-12-25 15:00:00,2137.8081944444443
2020-12-25 16:00:00,1964.6022222222223
2020-12-25 17:00:00,4199.662222222222
2020-12-25 18:00:00,2248.2429166666666
2020-12-25 19:00:00,1320.15
2020-12-25 20:00:00,1322.3091666666667
2020-12-25 21:00:00,1263.3358333333333
2020-12-25 22:00:00,1033.23625
2020-12-25 23:00:00,567.8952083333334
2020-12-26 00:00:00,572.6348611111111
2020-12-26 01:00:00,507.6902777777778
2020-12-26 02:00:00,571.9725694444444
2020-12-26 03:00:00,937.6777083333334
2020-12-26 04:00:00,1622.7855555555554
2020-12-26 05:00:00,2088.121527777778
2020-12-26 06:00:00,2442.992222222222
2020-12-26 07:00:00,2107.961111111111
2020-12-26 08:00:00,1208.8269444444445
2020-12-26 09:00:00,452.0627777777778
2020-12-26 10:00:00,274.3538888888889
2020-12-26 11:00:00,272.74956597222223
2020-12-26 12:00:00,266.4445486111111
2020-12-26 13:00:00,273.12321180555557
2020-12-26 14:00:00,1260.3944444444444
2020-12-26 15:00:00,2345.9905555555556
2020-12-26 16:00:00,2123.1979166666665
2020-12-26 17:00:00,2440.578611111111
2020-12-26 18:00:00,1415.6822222222222
2020-12-26 19:00:00,1368.036111111111
2020-12-26 20:00:00,1400.1727777777778
2020-12-26 21:00:00,1400.0356944444445
2020-12-26 22:00:00,253.90319444444444
2020-12-26 23:00:00,175.64899305555556
2020-12-27 00:00:00,202.53590277777778
2020-12-27 01:00:00,204.14920138888888
2020-12-27 02:00:00,185.87145833333332
2020-12-27 03:00:00,606.4752777777778
2020-12-27 04:00:00,1547.9629166666666
2020-12-27 05:00:00,2217.5286111111113
2020-12-27 06:00:00,3187.063888888889
2020-12-27 07:00:00,3389.782222222222
2020-12-27 08:00:00,708.3890277777778
2020-12-27 09:00:00,211.03100694444444
2020-12-27 10:00:00,201.5884027777778
2020-12-27 11:00:00,155.18953125
2020-12-27 12:00:00,178.54333333333332
2020-12-27 13:00:00,177.95614583333332
2020-12-27 14:00:00,934.9284027777778
2020-12-27 15:00:00,2295.2030555555557
2020-12-27 16:00:00,2026.4858333333334
2020-12-27 17:00:00,2670.951111111111
2020-12-27 18:00:00,1066.5340277777777
2020-12-27 19:00:00,1012.0201388888889
2020-12-27 20:00:00,1031.40875
2020-12-27 21:00:00,990.3036111111111
2020-12-27 22:00:00,802.5870833333333
2020-12-27 23:00:00,66.10165364583334
2020-12-28 00:00:00,77.41797743055555
2020-12-28 01:00:00,58.3872265625
2020-12-28 02:00:00,80.2311545138889
2020-12-28 03:00:00,388.33465277777776
2020-12-28 04:00:00,1502.3633333333332
2020-12-28 05:00:00,2090.9306944444443
2020-12-28 06:00:00,2270.5183333333334
2020-12-28 07:00:00,1516.2022222222222
2020-12-28 08:00:00,1164.0193055555555
2020-12-28 09:00:00,1237.6897222222221
2020-12-28 10:00:00,920.4897222222222
2020-12-28 11:00:00,285.96265625
2020-12-28 12:00:00,284.3768402777778
2020-12-28 13:00:00,257.8723958333333
2020-12-28 14:00:00,1011.5243055555555
2020-12-28 15:00:00,2403.6216666666664
2020-12-28 16:00:00,2190.4594444444447
2020-12-28 17:00:00,1872.7834722222221
2020-12-28 18:00:00,862.1858333333333
2020-12-28 19:00:00,853.2401388888889
2020-12-28 20:00:00,886.8128472222222
2020-12-28 21:00:00,890.6504166666666
2020-12-28 22:00:00,364.16979166666664
2020-12-28 23:00:00,230.05725694444445
2020-12-29 00:00:00,238.01211805555556
2020-12-29 01:00:00,242.263125
2020-12-29 02:00:00,225.18368055555555
2020-12-29 03:00:00,687.7669444444444
2020-12-29 04:00:00,1539.2502777777777
2020-12-29 05:00:00,2305.893888888889
2020-12-29 06:00:00,2177.935
2020-12-29 07:00:00,3592.8455555555556
2020-12-29 08:00:00,2455.0216666666665
2020-12-29 09:00:00,1057.8825
2020-12-29 10:00:00,898.5136111111111
2020-12-29 11:00:00,873.32
2020-12-29 12:00:00,391.39430555555555
2020-12-29 13:00:00,248.03565972222222
2020-12-29 14:00:00,1115.0546527777778
2020-12-29 15:00:00,2312.248611111111
2020-12-29 16:00:00,1875.2720833333333
2020-12-29 17:00:00,2094.945277777778
2020-12-29 18:00:00,2433.485277777778
2020-12-29 19:00:00,1548.3869444444445
2020-12-29 20:00:00,1466.611111111111
2020-12-29 21:00:00,1291.1647222222223
2020-12-29 22:00:00,236.16628472222223
2020-12-29 23:00:00,257.0584895833333
2020-12-30 00:00:00,221.29144097222223
2020-12-30 01:00:00,241.62949652777777
2020-12-30 02:00:00,244.0169097222222
2020-12-30 03:00:00,757.6410416666666
2020-12-30 04:00:00,1603.2311111111112
2020-12-30 05:00:00,2244.8269444444445
2020-12-30 06:00:00,3163.6388888888887
2020-12-30 07:00:00,4073.1233333333334
2020-12-30 08:00:00,1967.6525
2020-12-30 09:00:00,1104.0009722222221
2020-12-30 10:00:00,889.9710416666667
2020-12-30 11:00:00,985.9475
2020-12-30 12:00:00,943.0873611111111
2020-12-30 13:00:00,916.0979166666667
2020-12-30 14:00:00,1258.1151388888889
2020-12-30 15:00:00,2271.985
2020-12-30 16:00:00,2403.8908333333334
2020-12-30 17:00:00,3263.987222222222
2020-12-30 18:00:00,1424.1872222222223
2020-12-30 19:00:00,1419.3633333333332
2020-12-30 20:00:00,1359.8986111111112
2020-12-30 21:00:00,1387.5080555555555
2020-12-30 22:00:00,1362.8541666666667
2020-12-30 23:00:00,835.433125
2020-12-31 00:00:00,77.92057291666667
2020-12-31 01:00:00,68.67851996527777
2020-12-31 02:00:00,70.30103298611111
2020-12-31 03:00:00,656.0461805555556
2020-12-31 04:00:00,1432.525
2020-12-31 05:00:00,2048.569236111111
2020-12-31 06:00:00,2992.976111111111
2020-12-31 07:00:00,1719.9052777777779
2020-12-31 08:00:00,2039.993611111111
2020-12-31 09:00:00,211.62114583333334
2020-12-31 10:00:00,186.52098958333335
2020-12-31 11:00:00,174.18170138888888
2020-12-31 12:00:00,193.37244791666666
2020-12-31 13:00:00,171.39371527777777
2020-12-31 14:00:00,959.5683333333334
2020-12-31 15:00:00,3787.6266666666666
2020-12-31 16:00:00,2463.203611111111
2020-12-31 17:00:00,2764.1755555555555
2020-12-31 18:00:00,1351.955
2020-12-31 19:00:00,1423.9901388888889
2020-12-31 20:00:00,1415.6744444444444
2020-12-31 21:00:00,1118.6334722222223
2020-12-31 22:00:00,304.93885416666666
2020-12-31 23:00:00,264.1166666666667
2021-01-01 00:00:00,255.05885416666666
2021-01-01 01:00:00,276.193125
2021-01-01 02:00:00,282.98942708333334
2021-01-01 03:00:00,748.2629166666667
2021-01-01 04:00:00,1570.3336111111112
2021-01-01 05:00:00,2395.8797222222224
2021-01-01 06:00:00,2199.4856944444446
2021-01-01 07:00:00,3295.7294444444447
2021-01-01 08:00:00,1304.659861111111
2021-01-01 09:00:00,391.57131944444444
2021-01-01 10:00:00,155.10836805555556
2021-01-01 11:00:00,140.3954513888889
2021-01-01 12:00:00,152.27163194444444
2021-01-01 13:00:00,376.68333333333334
2021-01-01 14:00:00,831.7463194444445
2021-01-01 15:00:00,1816.7033333333334
2021-01-01 16:00:00,2348.637777777778
2021-01-01 17:00:00,3157.215277777778
2021-01-01 18:00:00,1665.815
2021-01-01 19:00:00,1142.3954166666667
2021-01-01 20:00:00,971.1661111111111
2021-01-01 21:00:00,982.7049305555555
2021-01-01 22:00:00,981.9172222222222
2021-01-01 23:00:00,979.3232638888888
2021-01-02 00:00:00,472.9245138888889
2021-01-02 01:00:00,217.65829861111112
2021-01-02 02:00:00,319.0604861111111
2021-01-02 03:00:00,1536.1844444444444
2021-01-02 04:00:00,2051.9391666666666
2021-01-02 05:00:00,1939.1538888888888
2021-01-02 06:00:00,2797.4683333333332
2021-01-02 07:00:00,1660.8820833333334
2021-01-02 08:00:00,1389.8434722222223
2021-01-02 09:00:00,1173.9875
2021-01-02 10:00:00,496.85020833333334
2021-01-02 11:00:00,375.20006944444447
2021-01-02 12:00:00,286.76734375
2021-01-02 13:00:00,305.9449305555556
2021-01-02 14:00:00,1195.6697222222222
2021-01-02 15:00:00,2168.4080555555556
2021-01-02 16:00:00,2194.099722222222
2021-01-02 17:00:00,2496.133888888889
2021-01-02 18:00:00,1387.754861111111
2021-01-02 19:00:00,1407.0756944444445
2021-01-02 20:00:00,1411.341111111111
2021-01-02 21:00:00,1417.205
2021-01-02 22:00:00,1548.2354166666667
2021-01-02 23:00:00,213.84664930555556
2021-01-03 00:00:00,240.46144097222222
2021-01-03 01:00:00,235.79519097222223
2021-01-03 02:00:00,222.70677083333334
2021-01-03 03:00:00,730.1464583333334
2021-01-03 04:00:00,1576.3769444444445
2021-01-03 05:00:00,2206.3419444444444
2021-01-03 06:00:00,2542.8658333333333
2021-01-03 07:00:00,2634.23
2021-01-03 08:00:00,1463.1666666666667
2021-01-03 09:00:00,354.3356597222222
2021-01-03 10:00:00,180.76458333333332
2021-01-03 11:00:00,160.32609375
2021-01-03 12:00:00,177.22105902777778
2021-01-03 13:00:00,164.87305555555557
2021-01-03 14:00:00,807.6423611111111
2021-01-03 15:00:00,2509.926111111111
2021-01-03 16:00:00,1965.2668055555555
2021-01-03 17:00:00,2735.1841666666664
2021-01-03 18:00:00,1547.8136111111112
2021-01-03 19:00:00,1425.4968055555555
2021-01-03 20:00:00,1460.4847222222222
2021-01-03 21:00:00,1189.8733333333332
2021-01-03 22:00:00,234.09973958333333
2021-01-03 23:00:00,216.42666666666668
2021-01-04 00:00:00,238.68671875
2021-01-04 01:00:00,217.54223958333333
2021-01-04 02:00:00,243.8984722222222
2021-01-04 03:00:00,704.1644444444445
2021-01-04 04:00:00,1554.7397222222223
2021-01-04 05:00:00,2113.976111111111
2021-01-04 06:00:00,2631.639166666667
2021-01-04 07:00:00,1631.8947222222223
2021-01-04 08:00:00,1378.665
2021-01-04 09:00:00,1549.61875
2021-01-04 10:00:00,912.7018055555556
2021-01-04 11:00:00,377.5227777777778
2021-01-04 12:00:00,317.49083333333334
2021-01-04 13:00:00,267.4918923611111
2021-01-04 14:00:00,944.485625
2021-01-04 15:00:00,2315.945833333333
2021-01-04 16:00:00,2262.599166666667
2021-01-04 17:00:00,2241.5608333333334
2021-01-04 18:00:00,1356.2481944444444
2021-01-04 19:00:00,1368.86
2021-01-04 20:00:00,1018.4536805555556
2021-01-04 21:00:00,823.775
2021-01-04 22:00:00,211.8240277777778
2021-01-04 23:00:00,231.83319444444444
2021-01-05 00:00:00,223.29682291666666
2021-01-05 01:00:00,215.13743055555557
2021-01-05 02:00:00,241.01645833333333
2021-01-05 03:00:00,737.3688888888889
2021-01-05 04:00:00,1579.5441666666666
2021-01-05 05:00:00,2114.66125
2021-01-05 06:00:00,2267.3830555555555
2021-01-05 07:00:00,3185.515
2021-01-05 08:00:00,3367.1983333333333
2021-01-05 09:00:00,2032.8433333333332
2021-01-05 10:00:00,1460.4844444444445
2021-01-05 11:00:00,978.1702777777778
2021-01-05 12:00:00,854.1595833333333
2021-01-05 13:00:00,854.6600694444444
2021-01-05 14:00:00,1109.738125
2021-01-05 15:00:00,1946.382361111111
2021-01-05 16:00:00,2173.104027777778
2021-01-05 17:00:00,2557.061111111111
2021-01-05 18:00:00,1365.5470833333334
2021-01-05 19:00:00,1374.6827777777778
2021-01-05 20:00:00,1389.8880555555556
2021-01-05 21:00:00,1327.7191666666668
2021-01-05 22:00:00,1276.2815277777777
2021-01-05 23:00:00,173.81805555555556
2021-01-06 00:00:00,199.15417317708332
2021-01-06 01:00:00,171.2392013888889
2021-01-06 02:00:00,187.85149305555555
2021-01-06 03:00:00,701.4388194444444
2021-01-06 04:00:00,1549.7880555555555
2021-01-06 05:00:00,2126.648611111111
2021-01-06 06:00:00,2750.2766666666666
2021-01-06 07:00:00,1762.1258333333333
2021-01-06 08:00:00,1780.403611111111
2021-01-06 09:00:00,1725.4672222222223
2021-01-06 10:00:00,3607.9544444444446
2021-01-06 11:00:00,1624.2984722222222
2021-01-06 12:00:00,559.7091319444445
2021-01-06 13:00:00,475.8575
2021-01-06 14:00:00,897.1711111111111
2021-01-06 15:00:00,2383.2575
2021-01-06 16:00:00,2809.1355555555556
2021-01-06 17:00:00,2652.2466666666664
2021-01-06 18:00:00,1329.5711111111111
2021-01-06 19:00:00,1364.2672222222222
2021-01-06 20:00:00,1430.9725
2021-01-06 21:00:00,1397.03125
2021-01-06 22:00:00,532.8717708333334
2021-01-06 23:00:00,210.75477430555554
2021-01-07 00:00:00,224.59493055555555
2021-01-07 01:00:00,204.4492013888889
2021-01-07 02:00:00,242.06940972222222
2021-01-07 03:00:00,631.2211111111111
2021-01-07 04:00:00,1631.8834722222223
2021-01-07 05:00:00,1594.2836111111112
2021-01-07 06:00:00,2981.1213888888888
2021-01-07 07:00:00,1916.8470833333333
2021-01-07 08:00:00,1190.7541666666666
2021-01-07 09:00:00,938.0725
2021-01-07 10:00:00,945.6339583333333
2021-01-07 11:00:00,930.8327777777778
2021-01-07 12:00:00,960.1079861111111
2021-01-07 13:00:00,994.3826388888889
2021-01-07 14:00:00,1079.6610416666667
2021-01-07 15:00:00,1553.3031944444444
2021-01-07 16:00:00,2823.648888888889
2021-01-07 17:00:00,2544.6405555555557
2021-01-07 18:00:00,1362.3636111111111
2021-01-07 19:00:00,1398.4451388888888
2021-01-07 20:00:00,1421.2316666666666
2021-01-07 21:00:00,1400.3227777777777
2021-01-07 22:00:00,1421.0204166666667
2021-01-07 23:00:00,617.8449305555556
2021-01-08 00:00:00,205.56286458333332
2021-01-08 01:00:00,211.99128472222222
2021-01-08 02:00:00,200.45444444444445
2021-01-08 03:00:00,665.2565972222222
2021-01-08 04:00:00,1554.6229166666667
2021-01-08 05:00:00,2299.5558333333333
2021-01-08 06:00:00,2431.2361111111113
2021-01-08 07:00:00,5941.868888888889
2021-01-08 08:00:00,3639.6205555555557
2021-01-08 09:00:00,1719.6659722222223
2021-01-08 10:00:00,1252.2390277777777
2021-01-08 11:00:00,811.7640972222222
2021-01-08 12:00:00,918.1815277777778
2021-01-08 13:00:00,413.1927777777778
2021-01-08 14:00:00,773.245
2021-01-08 15:00:00,2046.0836111111112
2021-01-08 16:00:00,2274.5575
2021-01-08 17:00:00,1796.4115277777778
2021-01-08 18:00:00,752.9551388888889
2021-01-08 19:00:00,839.9977083333333
2021-01-08 20:00:00,845.9607638888889
2021-01-08 21:00:00,843.0620138888889
2021-01-08 22:00:00,685.1476388888889
2021-01-08 23:00:00,52.10875
2021-01-09 00:00:00,71.84207465277778
2021-01-09 01:00:00,53.00918402777778
2021-01-09 02:00:00,53.279201388888886
2021-01-09 03:00:00,584.1308333333334
2021-01-09 04:00:00,1482.4458333333334
2021-01-09 05:00:00,2337.1758333333332
2021-01-09 06:00:00,2151.7406944444447
2021-01-09 07:00:00,2030.8544444444444
2021-01-09 08:00:00,1199.3366666666666
2021-01-09 09:00:00,1184.8016666666667
2021-01-09 10:00:00,787.8695833333334
2021-01-09 11:00:00,845.42125
2021-01-09 12:00:00,834.6780555555556
2021-01-09 13:00:00,855.76125
2021-01-09 14:00:00,1159.1995833333333
2021-01-09 15:00:00,1923.0459722222222
2021-01-09 16:00:00,3994.1744444444444
2021-01-09 17:00:00,3357.6891666666666
2021-01-09 18:00:00,1564.0433333333333
2021-01-09 19:00:00,1264.6519444444446
2021-01-09 20:00:00,1212.2733333333333
2021-01-09 21:00:00,1218.8395833333334
2021-01-09 22:00:00,125.26314236111111
2021-01-09 23:00:00,55.70355902777778
2021-01-10 00:00:00,79.27903645833334
2021-01-10 01:00:00,55.97454861111111
2021-01-10 02:00:00,55.44872829861111
2021-01-10 03:00:00,367.0522569444444
2021-01-10 04:00:00,1446.2015277777778
2021-01-10 05:00:00,2074.036666666667
2021-01-10 06:00:00,2321.8341666666665
2021-01-10 07:00:00,1156.463125
2021-01-10 08:00:00,312.86854166666666
2021-01-10 09:00:00,189.56145833333332
2021-01-10 10:00:00,138.00171875
2021-01-10 11:00:00,175.19317708333332
2021-01-10 12:00:00,147.8928125
2021-01-10 13:00:00,168.60180555555556
2021-01-10 14:00:00,799.0820138888889
2021-01-10 15:00:00,2360.836388888889
2021-01-10 16:00:00,2314.822638888889
2021-01-10 17:00:00,3903.056666666667
2021-01-10 18:00:00,1663.0838888888889
2021-01-10 19:00:00,1091.0325
2021-01-10 20:00:00,987.0676388888888
2021-01-10 21:00:00,975.4295833333333
2021-01-10 22:00:00,287.4032638888889
2021-01-10 23:00:00,220.21197916666668
2021-01-11 00:00:00,237.32378472222223
2021-01-11 01:00:00,238.97760416666668
2021-01-11 02:00:00,237.1874826388889
2021-01-11 03:00:00,715.0911111111111
2021-01-11 04:00:00,1583.2511111111112
2021-01-11 05:00:00,2253.9397222222224
2021-01-11 06:00:00,2202.712361111111
2021-01-11 07:00:00,1864.6804166666666
2021-01-11 08:00:00,1440.4905555555556
2021-01-11 09:00:00,1349.7040277777778
2021-01-11 10:00:00,1334.185
2021-01-11 11:00:00,350.5547222222222
2021-01-11 12:00:00,343.92555555555555
2021-01-11 13:00:00,339.27649305555553
2021-01-11 14:00:00,1187.7147222222222
2021-01-11 15:00:00,2185.4859722222222
2021-01-11 16:00:00,1990.65625
2021-01-11 17:00:00,2167.268472222222
2021-01-11 18:00:00,2376.108888888889
2021-01-11 19:00:00,1371.0578472222223
2021-01-11 20:00:00,1466.2202777777777
2021-01-11 21:00:00,709.9599305555555
2021-01-11 22:00:00,325.57875
2021-01-11 23:00:00,294.2580208333333
2021-01-12 00:00:00,308.8799652777778
2021-01-12 01:00:00,315.4236111111111
2021-01-12 02:00:00,311.27819444444447
2021-01-12 03:00:00,624.7226388888889
2021-01-12 04:00:00,1665.7084722222223
2021-01-12 05:00:00,2246.1276388888887
2021-01-12 06:00:00,3849.5822222222223
2021-01-12 07:00:00,2505.2708333333335
2021-01-12 08:00:00,1801.3177777777778
2021-01-12 09:00:00,1757.9234722222222
2021-01-12 10:00:00,1597.6641666666667
2021-01-12 11:00:00,1067.3815277777778
2021-01-12 12:00:00,1060.3592361111112
2021-01-12 13:00:00,734.9048611111111
2021-01-12 14:00:00,1306.0944444444444
2021-01-12 15:00:00,3439.778888888889
2021-01-12 16:00:00,2382.882222222222
2021-01-12 17:00:00,2674.013611111111
2021-01-12 18:00:00,1199.7215277777777
2021-01-12 19:00:00,1312.06
2021-01-12 20:00:00,1206.1202777777778
2021-01-12 21:00:00,56.84591579861111
2021-01-12 22:00:00,76.1640451388889
2021-01-12 23:00:00,76.15500868055555
2021-01-13 00:00:00,58.49881944444444
2021-01-13 01:00:00,80.04574652777778
2021-01-13 02:00:00,79.24477430555555
2021-01-13 03:00:00,593.4546527777778
2021-01-13 04:00:00,1482.1991666666668
2021-01-13 05:00:00,2008.5943055555556
2021-01-13 06:00:00,3217.3219444444444
2021-01-13 07:00:00,3458.853888888889
2021-01-13 08:00:00,1696.4284722222221
2021-01-13 09:00:00,943.8875
2021-01-13 10:00:00,837.8168055555556
2021-01-13 11:00:00,273.7754861111111
2021-01-13 12:00:00,231.86348958333335
2021-01-13 13:00:00,381.7347916666667
2021-01-13 14:00:00,1071.659861111111
2021-01-13 15:00:00,1734.1075
2021-01-13 16:00:00,2127.7043055555555
2021-01-13 17:00:00,1975.7558333333334
2021-01-13 18:00:00,1114.059861111111
2021-01-13 19:00:00,1056.3521527777777
2021-01-13 20:00:00,1057.055
2021-01-13 21:00:00,1041.7654166666666
2021-01-13 22:00:00,546.2705902777777
2021-01-13 23:00:00,371.78534722222224
2021-01-14 00:00:00,375.15625
2021-01-14 01:00:00,400.0464930555556
2021-01-14 02:00:00,369.79555555555555
2021-01-14 03:00:00,827.5806944444445
2021-01-14 04:00:00,1673.7816666666668
2021-01-14 05:00:00,3472.3658333333333
2021-01-14 06:00:00,3102.5994444444445
2021-01-14 07:00:00,2004.9872222222223
2021-01-14 08:00:00,1400.3673611111112
2021-01-14 09:00:00,1123.5630555555556
2021-01-14 10:00:00,501.6409375
2021-01-14 11:00:00,308.72739583333333
2021-01-14 12:00:00,294.87975694444447
2021-01-14 13:00:00,530.8209722222222
2021-01-14 14:00:00,1561.7159722222223
2021-01-14 15:00:00,4118.012222222223
2021-01-14 16:00:00,2561.4708333333333
2021-01-14 17:00:00,2362.4466666666667
2021-01-14 18:00:00,1369.3444444444444
2021-01-14 19:00:00,1368.1445833333332
2021-01-14 20:00:00,1384.2598611111111
2021-01-14 21:00:00,1020.4240277777777
2021-01-14 22:00:00,276.77105902777777
2021-01-14 23:00:00,242.509375
2021-01-15 00:00:00,218.64652777777778
2021-01-15 01:00:00,245.44006944444445
2021-01-15 02:00:00,231.34770833333334
2021-01-15 03:00:00,728.7468055555555
2021-01-15 04:00:00,1558.2797222222223
2021-01-15 05:00:00,2120.4347222222223
2021-01-15 06:00:00,2607.5466666666666
2021-01-15 07:00:00,1453.161111111111
2021-01-15 08:00:00,1416.793888888889
2021-01-15 09:00:00,993.4921527777777
2021-01-15 10:00:00,391.209375
2021-01-15 11:00:00,161.20340277777777
2021-01-15 12:00:00,158.49645833333332
2021-01-15 13:00:00,241.76878472222222
2021-01-15 14:00:00,1123.6988194444446
2021-01-15 15:00:00,1727.5425
2021-01-15 16:00:00,2504.1094444444443
2021-01-15 17:00:00,4869.271111111111
2021-01-15 18:00:00,1563.005138888889
2021-01-15 19:00:00,1554.413611111111
2021-01-15 20:00:00,1515.8981944444445
2021-01-15 21:00:00,1316.5502777777779
2021-01-15 22:00:00,553.6130902777778
2021-01-15 23:00:00,663.3182638888889
2021-01-16 00:00:00,669.2302777777778
2021-01-16 01:00:00,667.9027777777778
2021-01-16 02:00:00,670.001875
2021-01-16 03:00:00,917.9769444444445
2021-01-16 04:00:00,1405.4433333333334
2021-01-16 05:00:00,2424.0061111111113
2021-01-16 06:00:00,2030.9690277777777
2021-01-16 07:00:00,2693.6866666666665
2021-01-16 08:00:00,1088.9570833333332
2021-01-16 09:00:00,268.7882986111111
2021-01-16 10:00:00,296.08458333333334
2021-01-16 11:00:00,316.2975
2021-01-16 12:00:00,309.8382638888889
2021-01-16 13:00:00,474.27930555555554
2021-01-16 14:00:00,1165.7893055555555
2021-01-16 15:00:00,2297.1
2021-01-16 16:00:00,2147.3797222222224
2021-01-16 17:00:00,3999.492222222222
2021-01-16 18:00:00,1805.3272222222222
2021-01-16 19:00:00,1431.6922222222222
2021-01-16 20:00:00,1340.4166666666667
2021-01-16 21:00:00,767.5223611111111
2021-01-16 22:00:00,101.82754340277778
2021-01-16 23:00:00,94.88308159722222
2021-01-17 00:00:00,116.240625
2021-01-17 01:00:00,96.21599826388889
2021-01-17 02:00:00,116.70651041666666
2021-01-17 03:00:00,501.24
2021-01-17 04:00:00,1291.107638888889
2021-01-17 05:00:00,2148.9129166666667
2021-01-17 06:00:00,2358.3586111111113
2021-01-17 07:00:00,1394.7194444444444
2021-01-17 08:00:00,416.9740277777778
2021-01-17 09:00:00,369.63493055555557
2021-01-17 10:00:00,370.1138888888889
2021-01-17 11:00:00,347.92006944444444
2021-01-17 12:00:00,367.61541666666665
2021-01-17 13:00:00,583.6948611111111
2021-01-17 14:00:00,1300.5170138888889
2021-01-17 15:00:00,2134.181666666667
2021-01-17 16:00:00,2081.230138888889
2021-01-17 17:00:00,2491.2625
2021-01-17 18:00:00,874.0003472222222
2021-01-17 19:00:00,906.2434027777778
2021-01-17 20:00:00,898.1058333333333
2021-01-17 21:00:00,671.2370833333333
2021-01-17 22:00:00,138.74719618055556
2021-01-17 23:00:00,135.06333333333333
2021-01-18 00:00:00,97.19951388888889
2021-01-18 01:00:00,117.73717881944444
2021-01-18 02:00:00,97.95685763888889
2021-01-18 03:00:00,618.5083333333333
2021-01-18 04:00:00,1488.0997222222222
2021-01-18 05:00:00,2180.027222222222
2021-01-18 06:00:00,4030.3655555555556
2021-01-18 07:00:00,2479.4127777777776
2021-01-18 08:00:00,1082.025625
2021-01-18 09:00:00,353.48225694444443
2021-01-18 10:00:00,292.9145486111111
2021-01-18 11:00:00,328.89159722222223
2021-01-18 12:00:00,241.76614583333333
2021-01-18 13:00:00,295.24104166666666
2021-01-18 14:00:00,944.2916666666666
2021-01-18 15:00:00,2405.7097222222224
2021-01-18 16:00:00,2219.727083333333
2021-01-18 17:00:00,2332.6105555555555
2021-01-18 18:00:00,1417.0555555555557
2021-01-18 19:00:00,1429.8883333333333
2021-01-18 20:00:00,1444.2570833333334
2021-01-18 21:00:00,1403.8758333333333
2021-01-18 22:00:00,285.51125
2021-01-18 23:00:00,274.13715277777777
2021-01-19 00:00:00,269.4757986111111
2021-01-19 01:00:00,257.7453472222222
2021-01-19 02:00:00,287.0148263888889
2021-01-19 03:00:00,727.2833333333333
2021-01-19 04:00:00,1606.5594444444444
2021-01-19 05:00:00,2210.2919444444447
2021-01-19 06:00:00,2425.19
2021-01-19 07:00:00,2677.628888888889
2021-01-19 08:00:00,1115.4791666666667
2021-01-19 09:00:00,1031.9055555555556
2021-01-19 10:00:00,1129.5140277777778
2021-01-19 11:00:00,996.7840972222223
2021-01-19 12:00:00,1786.7583333333334
2021-01-19 13:00:00,6504.822222222222
2021-01-19 14:00:00,3471.9113888888887
2021-01-19 15:00:00,2827.0911111111113
2021-01-19 16:00:00,3953.806666666667
2021-01-19 17:00:00,4332.924166666667
2021-01-19 18:00:00,1450.985
2021-01-19 19:00:00,1482.0847222222221
2021-01-19 20:00:00,651.5506944444444
2021-01-19 21:00:00,300.08375
2021-01-19 22:00:00,274.85590277777777
2021-01-19 23:00:00,278.65177083333333
2021-01-20 00:00:00,276.0139236111111
2021-01-20 01:00:00,334.0130208333333
2021-01-20 02:00:00,2157.544027777778
2021-01-20 03:00:00,3442.265
2021-01-20 04:00:00,1994.6025
2021-01-20 05:00:00,2438.048888888889
2021-01-20 06:00:00,2014.32875
2021-01-20 07:00:00,1277.7052777777778
2021-01-20 08:00:00,1123.5943055555556
2021-01-20 09:00:00,435.96958333333333
2021-01-20 10:00:00,560.4429513888889
2021-01-20 11:00:00,1095.3980555555556
2021-01-20 12:00:00,1059.8413194444445
2021-01-20 13:00:00,1020.9607638888889
2021-01-20 14:00:00,1022.1345833333334
2021-01-20 15:00:00,1551.3036111111112
2021-01-20 16:00:00,1491.0236111111112
2021-01-20 17:00:00,1444.0979166666666
2021-01-20 18:00:00,1497.6041666666667
2021-01-20 19:00:00,1901.0875
2021-01-20 20:00:00,1904.6006944444443
2021-01-20 21:00:00,1528.915
2021-01-20 22:00:00,308.22208333333333
2021-01-20 23:00:00,234.34461805555554
2021-01-21 00:00:00,230.85972222222222
2021-01-21 01:00:00,218.17104166666667
2021-01-21 02:00:00,227.46704861111112
2021-01-21 03:00:00,345.658125
2021-01-21 04:00:00,1645.2255555555555
2021-01-21 05:00:00,2694.1058333333335
2021-01-21 06:00:00,1976.9220833333334
2021-01-21 07:00:00,2187.8391666666666
2021-01-21 08:00:00,2081.9
2021-01-21 09:00:00,1424.975
2021-01-21 10:00:00,1094.2440277777778
2021-01-21 11:00:00,377.3433333333333
2021-01-21 12:00:00,318.2655208333333
2021-01-21 13:00:00,267.5607986111111
2021-01-21 14:00:00,821.4055555555556
2021-01-21 15:00:00,2397.1244444444446
2021-01-21 16:00:00,2687.0408333333335
2021-01-21 17:00:00,3630.3116666666665
2021-01-21 18:00:00,2051.211111111111
2021-01-21 19:00:00,1556.0805555555555
2021-01-21 20:00:00,1465.7498611111112
2021-01-21 21:00:00,1376.2208333333333
2021-01-21 22:00:00,251.7153125
2021-01-21 23:00:00,217.53239583333334
2021-01-22 00:00:00,218.21381944444445
2021-01-22 01:00:00,218.6676736111111
2021-01-22 02:00:00,222.73215277777777
2021-01-22 03:00:00,803.271875
2021-01-22 04:00:00,1622.706111111111
2021-01-22 05:00:00,2196.6580555555556
2021-01-22 06:00:00,2747.5988888888887
2021-01-22 07:00:00,2061.0334722222224
2021-01-22 08:00:00,1076.951875
2021-01-22 09:00:00,1015.8944444444444
2021-01-22 10:00:00,1723.110138888889
2021-01-22 11:00:00,1164.1269444444445
2021-01-22 12:00:00,1053.3411805555556
2021-01-22 13:00:00,1070.66875
2021-01-22 14:00:00,1190.4793055555556
2021-01-22 15:00:00,1789.0705555555555
2021-01-22 16:00:00,2089.8059722222224
2021-01-22 17:00:00,2563.665
2021-01-22 18:00:00,3241.3566666666666
2021-01-22 19:00:00,1880.0702777777778
2021-01-22 20:00:00,1559.31125
2021-01-22 21:00:00,1109.4913888888889
2021-01-22 22:00:00,200.803125
2021-01-22 23:00:00,112.64157118055556
2021-01-23 00:00:00,96.6121875
2021-01-23 01:00:00,112.31703125
2021-01-23 02:00:00,114.28121527777778
2021-01-23 03:00:00,752.6179861111111
2021-01-23 04:00:00,1639.1679166666668
2021-01-23 05:00:00,2171.325
2021-01-23 06:00:00,2585.333888888889
2021-01-23 07:00:00,1747.9577777777777
2021-01-23 08:00:00,1289.8131944444444
2021-01-23 09:00:00,758.1072569444444
2021-01-23 10:00:00,2421.7077777777777
2021-01-23 11:00:00,634.8684027777778
2021-01-23 12:00:00,762.7817361111111
2021-01-23 13:00:00,833.0436805555555
2021-01-23 14:00:00,1953.3313888888888
2021-01-23 15:00:00,1804.278611111111
2021-01-23 16:00:00,3655.489722222222
2021-01-23 17:00:00,1939.38375
2021-01-23 18:00:00,1303.1302777777778
2021-01-23 19:00:00,1306.9363888888888
2021-01-23 20:00:00,1308.7840277777777
2021-01-23 21:00:00,314.98368055555557
2021-01-23 22:00:00,237.55713541666665
2021-01-23 23:00:00,218.1459722222222
2021-01-24 00:00:00,122.58020833333333
2021-01-24 01:00:00,122.42644965277778
2021-01-24 02:00:00,107.89423611111111
2021-01-24 03:00:00,737.7813194444444
2021-01-24 04:00:00,1466.76625
2021-01-24 05:00:00,2437.847777777778
2021-01-24 06:00:00,1931.4844444444445
2021-01-24 07:00:00,977.4166666666666
2021-01-24 08:00:00,404.56930555555556
2021-01-24 09:00:00,218.4832638888889
2021-01-24 10:00:00,280.4565625
2021-01-24 11:00:00,2120.976111111111
2021-01-24 12:00:00,772.6413888888889
2021-01-24 13:00:00,288.4611458333333
2021-01-24 14:00:00,375.88159722222224
2021-01-24 15:00:00,1875.8494444444445
2021-01-24 16:00:00,2061.2181944444446
2021-01-24 17:00:00,1932.9659722222223
2021-01-24 18:00:00,1054.1695138888888
2021-01-24 19:00:00,1040.920138888889
2021-01-24 20:00:00,971.4034722222223
2021-01-24 21:00:00,308.849375
2021-01-24 22:00:00,125.35741319444445
2021-01-24 23:00:00,122.22485243055556
2021-01-25 00:00:00,106.90881944444445
2021-01-25 01:00:00,123.97293402777778
2021-01-25 02:00:00,110.99567708333333
2021-01-25 03:00:00,668.809375
2021-01-25 04:00:00,1449.37125
2021-01-25 05:00:00,2423.5172222222222
2021-01-25 06:00:00,1824.799861111111
2021-01-25 07:00:00,1550.546111111111
2021-01-25 08:00:00,1103.0277777777778
2021-01-25 09:00:00,1090.6988194444446
2021-01-25 10:00:00,1080.0295833333332
2021-01-25 11:00:00,592.0518055555556
2021-01-25 12:00:00,1928.5447222222222
2021-01-25 13:00:00,514.2434027777778
2021-01-25 14:00:00,444.35791666666665
2021-01-25 15:00:00,1409.9154166666667
2021-01-25 16:00:00,1747.964861111111
2021-01-25 17:00:00,1806.4147222222223
2021-01-25 18:00:00,834.4853472222222
2021-01-25 19:00:00,822.5191666666667
2021-01-25 20:00:00,796.7430555555555
2021-01-25 21:00:00,839.3329861111112
2021-01-25 22:00:00,167.92980902777776
2021-01-25 23:00:00,142.38161458333335
2021-01-26 00:00:00,103.86067708333333
2021-01-26 01:00:00,121.7896701388889
2021-01-26 02:00:00,103.97133680555555
2021-01-26 03:00:00,567.1753819444444
2021-01-26 04:00:00,1397.1563888888888
2021-01-26 05:00:00,2086.6343055555553
2021-01-26 06:00:00,2330.6019444444446
2021-01-26 07:00:00,2202.0216666666665
2021-01-26 08:00:00,1174.3830555555555
2021-01-26 09:00:00,290.8150347222222
2021-01-26 10:00:00,309.2242013888889
2021-01-26 11:00:00,208.52916666666667
2021-01-26 12:00:00,207.0493576388889
2021-01-26 13:00:00,234.6909375
2021-01-26 14:00:00,747.1244444444444
2021-01-26 15:00:00,1998.7423611111112
2021-01-26 16:00:00,1521.5233333333333
2021-01-26 17:00:00,1809.8744444444444
2021-01-26 18:00:00,1267.4263888888888
2021-01-26 19:00:00,1203.2072222222223
2021-01-26 20:00:00,1223.2847222222222
2021-01-26 21:00:00,1238.5305555555556
2021-01-26 22:00:00,1358.2854166666666
2021-01-26 23:00:00,1326.1305555555555
2021-01-27 00:00:00,1377.8869444444445
2021-01-27 01:00:00,145.79190972222221
2021-01-27 02:00:00,165.24411458333333
2021-01-27 03:00:00,633.0742361111111
2021-01-27 04:00:00,1449.107361111111
2021-01-27 05:00:00,1998.71375
2021-01-27 06:00:00,2098.008888888889
2021-01-27 07:00:00,1657.443611111111
2021-01-27 08:00:00,513.9906944444444
2021-01-27 09:00:00,288.9138541666667
2021-01-27 10:00:00,253.73892361111112
2021-01-27 11:00:00,247.40298611111112
2021-01-27 12:00:00,231.50972222222222
2021-01-27 13:00:00,247.75010416666666
2021-01-27 14:00:00,555.8542361111112
2021-01-27 15:00:00,1655.8583333333333
2021-01-27 16:00:00,1774.306111111111
2021-01-27 17:00:00,3695.5869444444443
2021-01-27 18:00:00,2239.6297222222224
2021-01-27 19:00:00,1402.4393055555556
2021-01-27 20:00:00,1240.3519444444444
2021-01-27 21:00:00,983.7793055555555
2021-01-27 22:00:00,132.74029513888888
2021-01-27 23:00:00,125.14789930555555
2021-01-28 00:00:00,123.8469357638889
2021-01-28 01:00:00,109.30723958333333
2021-01-28 02:00:00,124.14034722222222
2021-01-28 03:00:00,480.68875
2021-01-28 04:00:00,1481.109861111111
2021-01-28 05:00:00,1792.1191666666666
2021-01-28 06:00:00,1630.9788888888888
2021-01-28 07:00:00,1563.0041666666666
2021-01-28 08:00:00,2463.7908333333335
2021-01-28 09:00:00,2534.8158333333336
2021-01-28 10:00:00,1834.2940277777777
2021-01-28 11:00:00,1337.7655555555555
2021-01-28 12:00:00,1737.972361111111
2021-01-28 13:00:00,1745.1097222222222
2021-01-28 14:00:00,1038.3852777777777
2021-01-28 15:00:00,2079.071111111111
2021-01-28 16:00:00,1790.7722222222221
2021-01-28 17:00:00,1850.96
2021-01-28 18:00:00,1376.6325
2021-01-28 19:00:00,1440.97625
2021-01-28 20:00:00,1424.5619444444444
2021-01-28 21:00:00,332.0513888888889
2021-01-28 22:00:00,250.83524305555557
2021-01-28 23:00:00,281.0179513888889
2021-01-29 00:00:00,246.808125
2021-01-29 01:00:00,260.18163194444446
2021-01-29 02:00:00,246.75211805555554
2021-01-29 03:00:00,661.7556944444444
2021-01-29 04:00:00,1580.2797569444444
2021-01-29 05:00:00,2107.6825
2021-01-29 06:00:00,1925.9641666666666
2021-01-29 07:00:00,3454.7644444444445
2021-01-29 08:00:00,1733.7813888888888
2021-01-29 09:00:00,1019.5547222222223
2021-01-29 10:00:00,1040.3465277777777
2021-01-29 11:00:00,1038.6200694444444
2021-01-29 12:00:00,1046.35625
2021-01-29 13:00:00,1347.0722222222223
2021-01-29 14:00:00,1625.9766666666667
2021-01-29 15:00:00,2273.599722222222
2021-01-29 16:00:00,2209.0408333333335
2021-01-29 17:00:00,2882.336111111111
2021-01-29 18:00:00,1429.8047222222222
2021-01-29 19:00:00,1466.0230555555556
2021-01-29 20:00:00,1506.5547222222222
2021-01-29 21:00:00,727.5309722222222
2021-01-29 22:00:00,340.5467361111111
2021-01-29 23:00:00,330.0196875
2021-01-30 00:00:00,333.2944444444444
2021-01-30 01:00:00,283.57381944444444
2021-01-30 02:00:00,278.3340798611111
2021-01-30 03:00:00,684.8377777777778
2021-01-30 04:00:00,1282.5766666666666
2021-01-30 05:00:00,2225.560138888889
2021-01-30 06:00:00,2096.972222222222
2021-01-30 07:00:00,1793.8975
2021-01-30 08:00:00,1483.5980555555554
2021-01-30 09:00:00,1369.0041666666666
2021-01-30 10:00:00,1379.1686111111112
2021-01-30 11:00:00,1398.7247222222222
2021-01-30 12:00:00,1124.5760416666667
2021-01-30 13:00:00,866.1679166666667
2021-01-30 14:00:00,1081.9580555555556
2021-01-30 15:00:00,1984.9259722222223
2021-01-30 16:00:00,3659.601111111111
2021-01-30 17:00:00,2823.382222222222
2021-01-30 18:00:00,1562.1548611111111
2021-01-30 19:00:00,1312.1577777777777
2021-01-30 20:00:00,1313.1334722222223
2021-01-30 21:00:00,1274.81
2021-01-30 22:00:00,154.75793402777776
2021-01-30 23:00:00,109.0318576388889
2021-01-31 00:00:00,109.84835069444445
2021-01-31 01:00:00,110.82782986111111
2021-01-31 02:00:00,109.99614583333333
2021-01-31 03:00:00,484.9809375
2021-01-31 04:00:00,1257.846388888889
2021-01-31 05:00:00,2071.1280555555554
2021-01-31 06:00:00,1701.5668055555554
2021-01-31 07:00:00,2609.695277777778
2021-01-31 08:00:00,218.62987847222223
2021-01-31 09:00:00,219.21211805555555
2021-01-31 10:00:00,218.60909722222223
2021-01-31 11:00:00,211.7929513888889
2021-01-31 12:00:00,217.2876736111111
2021-01-31 13:00:00,216.63383680555555
2021-01-31 14:00:00,750.865625
2021-01-31 15:00:00,1151.6392361111111
2021-01-31 16:00:00,2155.4054166666665
2021-01-31 17:00:00,1973.4019444444446
2021-01-31 18:00:00,1346.1663888888888
2021-01-31 19:00:00,1300.0736111111112
2021-01-31 20:00:00,1283.4979166666667
2021-01-31 21:00:00,1276.7694444444444
2021-01-31 22:00:00,310.9890972222222
2021-01-31 23:00:00,268.3936111111111
2021-02-01 00:00:00,268.7260763888889
2021-02-01 01:00:00,267.8775
2021-02-01 02:00:00,268.3537673611111
2021-02-01 03:00:00,716.2959722222222
2021-02-01 04:00:00,1495.9063888888888
2021-02-01 05:00:00,2237.964861111111
2021-02-01 06:00:00,1637.9466666666667
2021-02-01 07:00:00,3056.0802777777776
2021-02-01 08:00:00,2057.863611111111
2021-02-01 09:00:00,1029.188125
2021-02-01 10:00:00,844.1329166666667
2021-02-01 11:00:00,281.17144097222223
2021-02-01 12:00:00,317.90784722222224
2021-02-01 13:00:00,371.2059722222222
2021-02-01 14:00:00,525.576875
2021-02-01 15:00:00,1485.6544444444444
2021-02-01 16:00:00,2335.8541666666665
2021-02-01 17:00:00,2592.821111111111
2021-02-01 18:00:00,1360.8844444444444
2021-02-01 19:00:00,1316.1963888888888
2021-02-01 20:00:00,1317.0455555555557
2021-02-01 21:00:00,678.0984027777778
2021-02-01 22:00:00,222.87902777777776
2021-02-01 23:00:00,155.9076215277778
2021-02-02 00:00:00,109.9192361111111
2021-02-02 01:00:00,124.46560763888888
2021-02-02 02:00:00,108.81300347222222
2021-02-02 03:00:00,611.8136805555556
2021-02-02 04:00:00,1439.3180555555555
2021-02-02 05:00:00,2154.8529166666667
2021-02-02 06:00:00,1740.4452777777778
2021-02-02 07:00:00,3176.4691666666668
2021-02-02 08:00:00,1629.7818055555556
2021-02-02 09:00:00,533.6746180555556
2021-02-02 10:00:00,560.7547916666666
2021-02-02 11:00:00,608.3176388888888
2021-02-02 12:00:00,249.95414930555555
2021-02-02 13:00:00,269.0825
2021-02-02 14:00:00,1004.9866666666667
2021-02-02 15:00:00,1605.2388888888888
2021-02-02 16:00:00,1697.466111111111
2021-02-02 17:00:00,1903.2116666666666
2021-02-02 18:00:00,1275.7954166666666
2021-02-02 19:00:00,1314.6438888888888
2021-02-02 20:00:00,1345.97125
2021-02-02 21:00:00,1066.9634722222222
2021-02-02 22:00:00,190.12967013888888
2021-02-02 23:00:00,90.98491319444445
2021-02-03 00:00:00,106.06890625
2021-02-03 01:00:00,91.09151041666667
2021-02-03 02:00:00,105.555625
2021-02-03 03:00:00,609.0969444444445
2021-02-03 04:00:00,1476.9675
2021-02-03 05:00:00,2478.2327777777778
2021-02-03 06:00:00,2086.6525
2021-02-03 07:00:00,2053.4597222222224
2021-02-03 08:00:00,1486.7427777777777
2021-02-03 09:00:00,1226.49875
2021-02-03 10:00:00,993.8277777777778
2021-02-03 11:00:00,898.0016666666667
2021-02-03 12:00:00,920.4993055555556
2021-02-03 13:00:00,895.5104861111112
2021-02-03 14:00:00,1089.3141666666668
2021-02-03 15:00:00,1818.986111111111
2021-02-03 16:00:00,3897.8941666666665
2021-02-03 17:00:00,3343.7466666666664
2021-02-03 18:00:00,1742.6940277777778
2021-02-03 19:00:00,1655.5336111111112
2021-02-03 20:00:00,1662.0816666666667
2021-02-03 21:00:00,881.3419444444445
2021-02-03 22:00:00,183.93282986111112
2021-02-03 23:00:00,109.91347222222223
2021-02-04 00:00:00,109.64663194444445
2021-02-04 01:00:00,127.85794270833334
2021-02-04 02:00:00,109.83836805555555
2021-02-04 03:00:00,386.4407986111111
2021-02-04 04:00:00,1492.3297222222222
2021-02-04 05:00:00,1545.7766666666666
2021-02-04 06:00:00,2389.1027777777776
2021-02-04 07:00:00,2601.726111111111
2021-02-04 08:00:00,618.4122916666666
2021-02-04 09:00:00,285.52319444444447
2021-02-04 10:00:00,322.19666666666666
2021-02-04 11:00:00,268.18305555555554
2021-02-04 12:00:00,236.91953125
2021-02-04 13:00:00,260.45262152777775
2021-02-04 14:00:00,439.65958333333333
2021-02-04 15:00:00,970.8643055555556
2021-02-04 16:00:00,2024.74125
2021-02-04 17:00:00,3010.39
2021-02-04 18:00:00,1291.16625
2021-02-04 19:00:00,1358.2354166666667
2021-02-04 20:00:00,1346.4895833333333
2021-02-04 21:00:00,335.69743055555557
2021-02-04 22:00:00,184.35605902777777
2021-02-04 23:00:00,120.15899305555556
2021-02-05 00:00:00,122.25751736111111
2021-02-05 01:00:00,111.84997395833334
2021-02-05 02:00:00,126.51418402777777
2021-02-05 03:00:00,438.3498611111111
2021-02-05 04:00:00,1481.6158333333333
2021-02-05 05:00:00,1629.576111111111
2021-02-05 06:00:00,2158.2483333333334
2021-02-05 07:00:00,2924.8880555555556
2021-02-05 08:00:00,2431.1916666666666
2021-02-05 09:00:00,1066.174513888889
2021-02-05 10:00:00,1032.88125
2021-02-05 11:00:00,976.4644444444444
2021-02-05 12:00:00,937.5107638888888
2021-02-05 13:00:00,945.8648611111112
2021-02-05 14:00:00,1121.0838888888889
2021-02-05 15:00:00,1472.984861111111
2021-02-05 16:00:00,2081.4380555555554
2021-02-05 17:00:00,2746.9794444444447
2021-02-05 18:00:00,2244.2825
2021-02-05 19:00:00,1640.5947222222221
2021-02-05 20:00:00,1480.878888888889
2021-02-05 21:00:00,1319.5636111111112
2021-02-05 22:00:00,278.37350694444444
2021-02-05 23:00:00,149.71359375
2021-02-06 00:00:00,161.24322916666668
2021-02-06 01:00:00,109.22928819444445
2021-02-06 02:00:00,125.32680555555555
2021-02-06 03:00:00,507.86118055555556
2021-02-06 04:00:00,1469.931111111111
2021-02-06 05:00:00,1789.0025
2021-02-06 06:00:00,2100.4240277777776
2021-02-06 07:00:00,1883.2344444444445
2021-02-06 08:00:00,1340.6915277777778
2021-02-06 09:00:00,912.0404861111111
2021-02-06 10:00:00,923.7805555555556
2021-02-06 11:00:00,911.7908333333334
2021-02-06 12:00:00,921.6281944444445
2021-02-06 13:00:00,905.4873611111111
2021-02-06 14:00:00,1086.0877083333332
2021-02-06 15:00:00,1539.8533333333332
2021-02-06 16:00:00,2113.2581944444446
2021-02-06 17:00:00,2507.5944444444444
2021-02-06 18:00:00,1564.398888888889
2021-02-06 19:00:00,1362.3294444444443
2021-02-06 20:00:00,1331.6580555555556
2021-02-06 21:00:00,875.1452777777778
2021-02-06 22:00:00,123.70043402777777
2021-02-06 23:00:00,108.42397569444445
2021-02-07 00:00:00,108.94453125
2021-02-07 01:00:00,124.19112847222222
2021-02-07 02:00:00,109.74588541666667
2021-02-07 03:00:00,599.4195138888889
2021-02-07 04:00:00,1479.4990277777779
2021-02-07 05:00:00,1806.2488888888888
2021-02-07 06:00:00,1657.7723611111112
2021-02-07 07:00:00,1304.4286111111112
2021-02-07 08:00:00,323.35777777777776
2021-02-07 09:00:00,282.03232638888886
2021-02-07 10:00:00,213.25541666666666
2021-02-07 11:00:00,213.18875
2021-02-07 12:00:00,215.36940972222223
2021-02-07 13:00:00,213.45536458333333
2021-02-07 14:00:00,780.0442361111111
2021-02-07 15:00:00,1636.625
2021-02-07 16:00:00,2298.2343055555557
2021-02-07 17:00:00,2379.846666666667
2021-02-07 18:00:00,1342.328611111111
2021-02-07 19:00:00,1374.0991666666666
2021-02-07 20:00:00,1362.9206944444445
2021-02-07 21:00:00,247.03239583333334
2021-02-07 22:00:00,133.80280381944445
2021-02-07 23:00:00,108.51640625
2021-02-08 00:00:00,111.82788194444444
2021-02-08 01:00:00,111.73267361111111
2021-02-08 02:00:00,111.01668402777777
2021-02-08 03:00:00,646.5408333333334
2021-02-08 04:00:00,1465.659861111111
2021-02-08 05:00:00,2200.152361111111
2021-02-08 06:00:00,3196.2375
2021-02-08 07:00:00,1937.5294444444444
2021-02-08 08:00:00,606.2029166666666
2021-02-08 09:00:00,359.0493402777778
2021-02-08 10:00:00,403.0547222222222
2021-02-08 11:00:00,396.1331597222222
2021-02-08 12:00:00,330.03013888888887
2021-02-08 13:00:00,332.94940972222224
2021-02-08 14:00:00,913.3305555555555
2021-02-08 15:00:00,1794.53
2021-02-08 16:00:00,1936.4206944444445
2021-02-08 17:00:00,2504.115
2021-02-08 18:00:00,1376.0043055555554
2021-02-08 19:00:00,1306.73875
2021-02-08 20:00:00,1314.1681944444445
2021-02-08 21:00:00,841.7706944444444
2021-02-08 22:00:00,129.07640625
2021-02-08 23:00:00,109.11568576388889
2021-02-09 00:00:00,109.86419270833333
2021-02-09 01:00:00,109.79159722222222
2021-02-09 02:00:00,110.35779513888889
2021-02-09 03:00:00,499.44
2021-02-09 04:00:00,1463.4181944444445
2021-02-09 05:00:00,2430.1894444444442
2021-02-09 06:00:00,2295.7719444444447
2021-02-09 07:00:00,1511.9783333333332
2021-02-09 08:00:00,927.4445833333333
2021-02-09 09:00:00,1054.4014583333333
2021-02-09 10:00:00,1022.6123611111111
2021-02-09 11:00:00,951.0261805555556
2021-02-09 12:00:00,863.7285416666666
2021-02-09 13:00:00,949.7507638888889
2021-02-09 14:00:00,1148.5381944444443
2021-02-09 15:00:00,1834.378611111111
2021-02-09 16:00:00,2455.7191666666668
2021-02-09 17:00:00,4188.729166666667
2021-02-09 18:00:00,1458.375763888889
2021-02-09 19:00:00,1383.4744444444445
2021-02-09 20:00:00,1415.5080555555555
2021-02-09 21:00:00,1389.6430555555555
2021-02-09 22:00:00,537.4343055555555
2021-02-09 23:00:00,149.0886284722222
2021-02-10 00:00:00,149.90173611111112
2021-02-10 01:00:00,150.90159722222222
2021-02-10 02:00:00,150.6025
2021-02-10 03:00:00,663.1501388888889
2021-02-10 04:00:00,1451.59125
2021-02-10 05:00:00,2475.3875
2021-02-10 06:00:00,1672.193611111111
2021-02-10 07:00:00,1724.1855555555555
2021-02-10 08:00:00,943.1820833333334
2021-02-10 09:00:00,438.36118055555556
2021-02-10 10:00:00,244.46371527777777
2021-02-10 11:00:00,351.28881944444447
2021-02-10 12:00:00,411.1149652777778
2021-02-10 13:00:00,378.96246527777777
2021-02-10 14:00:00,660.681875
2021-02-10 15:00:00,2366.9575
2021-02-10 16:00:00,3813.1827777777776
2021-02-10 17:00:00,2534.596666666667
2021-02-10 18:00:00,1491.3904166666666
2021-02-10 19:00:00,1367.931111111111
2021-02-10 20:00:00,1350.9466666666667
2021-02-10 21:00:00,872.8597916666666
2021-02-10 22:00:00,149.89376736111112
2021-02-10 23:00:00,149.50842013888888
2021-02-11 00:00:00,149.67930555555554
2021-02-11 01:00:00,149.08527777777778
2021-02-11 02:00:00,150.4750173611111
2021-02-11 03:00:00,447.32902777777775
2021-02-11 04:00:00,1473.0822222222223
2021-02-11 05:00:00,2404.9422222222224
2021-02-11 06:00:00,2057.166388888889
2021-02-11 07:00:00,2013.13
2021-02-11 08:00:00,829.5995833333334
2021-02-11 09:00:00,356.09996527777776
2021-02-11 10:00:00,346.9915277777778
2021-02-11 11:00:00,1107.4309027777779
2021-02-11 12:00:00,835.7836111111111
2021-02-11 13:00:00,741.2484722222222
2021-02-11 14:00:00,909.3452777777778
2021-02-11 15:00:00,1247.171111111111
2021-02-11 16:00:00,1960.2872222222222
2021-02-11 17:00:00,3709.9383333333335
2021-02-11 18:00:00,2907.8425
2021-02-11 19:00:00,1679.5293055555555
2021-02-11 20:00:00,1473.6265277777777
2021-02-11 21:00:00,1155.3907638888888
2021-02-11 22:00:00,270.8408680555556
2021-02-11 23:00:00,274.05359375
2021-02-12 00:00:00,273.9897569444444
2021-02-12 01:00:00,275.45211805555556
2021-02-12 02:00:00,274.17774305555554
2021-02-12 03:00:00,563.1735069444444
2021-02-12 04:00:00,1621.24
2021-02-12 05:00:00,2319.8355555555554
2021-02-12 06:00:00,2266.233888888889
2021-02-12 07:00:00,2193.2047222222222
2021-02-12 08:00:00,577.9201388888889
2021-02-12 09:00:00,380.89208333333335
2021-02-12 10:00:00,487.12430555555557
2021-02-12 11:00:00,808.6536111111111
2021-02-12 12:00:00,824.57
2021-02-12 13:00:00,805.7824305555556
2021-02-12 14:00:00,784.3179166666666
2021-02-12 15:00:00,1044.5109722222223
2021-02-12 16:00:00,2483.571388888889
2021-02-12 17:00:00,3160.1369444444445
2021-02-12 18:00:00,3283.2491666666665
2021-02-12 19:00:00,2259.613611111111
2021-02-12 20:00:00,1614.5906944444444
2021-02-12 21:00:00,1188.7620833333333
2021-02-12 22:00:00,275.0939236111111
2021-02-12 23:00:00,272.774375
2021-02-13 00:00:00,274.66335069444443
2021-02-13 01:00:00,274.45625
2021-02-13 02:00:00,274.7261111111111
2021-02-13 03:00:00,871.5852083333333
2021-02-13 04:00:00,1364.7455555555555
2021-02-13 05:00:00,2299.0945833333335
2021-02-13 06:00:00,2032.4534722222222
2021-02-13 07:00:00,2651.7741666666666
2021-02-13 08:00:00,1334.8193055555555
2021-02-13 09:00:00,821.9591666666666
2021-02-13 10:00:00,826.04
2021-02-13 11:00:00,876.6169444444445
2021-02-13 12:00:00,817.3831944444445
2021-02-13 13:00:00,888.6772222222222
2021-02-13 14:00:00,854.0715972222222
2021-02-13 15:00:00,1802.4181944444445
2021-02-13 16:00:00,1919.5969444444445
2021-02-13 17:00:00,3399.3425
2021-02-13 18:00:00,3353.2544444444443
2021-02-13 19:00:00,1470.6622222222222
2021-02-13 20:00:00,1455.2558333333334
2021-02-13 21:00:00,1459.9875
2021-02-13 22:00:00,410.9295486111111
2021-02-13 23:00:00,275.5906423611111
2021-02-14 00:00:00,281.2524652777778
2021-02-14 01:00:00,282.7250868055556
2021-02-14 02:00:00,285.23645833333336
2021-02-14 03:00:00,285.58503472222225
2021-02-14 04:00:00,855.1431944444445
2021-02-14 05:00:00,1674.4683333333332
2021-02-14 06:00:00,2185.067777777778
2021-02-14 07:00:00,2093.1793055555554
2021-02-14 08:00:00,1705.7591666666667
2021-02-14 09:00:00,422.8623958333333
2021-02-14 10:00:00,388.5238888888889
2021-02-14 11:00:00,386.2649652777778
2021-02-14 12:00:00,380.9734027777778
2021-02-14 13:00:00,390.06708333333336
2021-02-14 14:00:00,761.2172916666667
2021-02-14 15:00:00,766.0166666666667
2021-02-14 16:00:00,2238.742222222222
2021-02-14 17:00:00,2543.733333333333
2021-02-14 18:00:00,1453.675
2021-02-14 19:00:00,1484.8680555555557
2021-02-14 20:00:00,1494.6444444444444
2021-02-14 21:00:00,1405.1966666666667
2021-02-14 22:00:00,303.819375
2021-02-14 23:00:00,282.6535416666667
2021-02-15 00:00:00,283.7909722222222
2021-02-15 01:00:00,287.76472222222225
2021-02-15 02:00:00,285.60319444444445
2021-02-15 03:00:00,575.3886111111111
2021-02-15 04:00:00,1668.4798611111112
2021-02-15 05:00:00,2162.370972222222
2021-02-15 06:00:00,3044.6383333333333
2021-02-15 07:00:00,2700.9380555555554
2021-02-15 08:00:00,2715.7077777777777
2021-02-15 09:00:00,485.9561111111111
2021-02-15 10:00:00,770.8835416666667
2021-02-15 11:00:00,483.621875
2021-02-15 12:00:00,407.36559027777776
2021-02-15 13:00:00,378.5838107638889
2021-02-15 14:00:00,787.468125
2021-02-15 15:00:00,1553.7043055555555
2021-02-15 16:00:00,2841.204166666667
2021-02-15 17:00:00,3086.345
2021-02-15 18:00:00,1662.4475
2021-02-15 19:00:00,1483.8673611111112
2021-02-15 20:00:00,1503.8631944444444
2021-02-15 21:00:00,656.1489583333333
2021-02-15 22:00:00,278.10192708333335
2021-02-15 23:00:00,298.23555555555555
2021-02-16 00:00:00,280.0721875
2021-02-16 01:00:00,299.5671527777778
2021-02-16 02:00:00,283.2312673611111
2021-02-16 03:00:00,673.9120833333334
2021-02-16 04:00:00,1609.6351388888888
2021-02-16 05:00:00,2812.0333333333333
2021-02-16 06:00:00,2284.5933333333332
2021-02-16 07:00:00,2318.4170833333333
2021-02-16 08:00:00,1540.2590277777779
2021-02-16 09:00:00,1169.8722222222223
2021-02-16 10:00:00,1183.1397222222222
2021-02-16 11:00:00,830.1859722222222
2021-02-16 12:00:00,355.67024305555555
2021-02-16 13:00:00,385.6529861111111
2021-02-16 14:00:00,465.22017361111114
2021-02-16 15:00:00,622.8834722222222
2021-02-16 16:00:00,3005.5202777777777
2021-02-16 17:00:00,3529.0194444444446
2021-02-16 18:00:00,2879.69
2021-02-16 19:00:00,1899.726111111111
2021-02-16 20:00:00,1581.9405555555556
2021-02-16 21:00:00,1537.8227777777777
2021-02-16 22:00:00,559.7978472222222
2021-02-16 23:00:00,284.35520833333334
2021-02-17 00:00:00,300.12041666666664
2021-02-17 01:00:00,299.4425694444444
2021-02-17 02:00:00,300.2709722222222
2021-02-17 03:00:00,1058.8903472222223
2021-02-17 04:00:00,3856.805277777778
2021-02-17 05:00:00,2600.1358333333333
2021-02-17 06:00:00,1875.1443055555555
2021-02-17 07:00:00,1329.274861111111
2021-02-17 08:00:00,1123.3890972222223
2021-02-17 09:00:00,1118.9495833333333
2021-02-17 10:00:00,1113.0961111111112
2021-02-17 11:00:00,1131.576875
2021-02-17 12:00:00,1146.6880555555556
2021-02-17 13:00:00,1188.213888888889
2021-02-17 14:00:00,1234.2683333333334
2021-02-17 15:00:00,1457.4425
2021-02-17 16:00:00,1447.5275
2021-02-17 17:00:00,1559.925
2021-02-17 18:00:00,2760.115
2021-02-17 19:00:00,2360.827222222222
2021-02-17 20:00:00,1879.5738888888889
2021-02-17 21:00:00,562.0084027777777
2021-02-17 22:00:00,729.1276388888889
2021-02-17 23:00:00,430.79569444444445
2021-02-18 00:00:00,386.99111111111114
2021-02-18 01:00:00,849.5520833333334
2021-02-18 02:00:00,509.2552083333333
2021-02-18 03:00:00,518.63375
2021-02-18 04:00:00,1427.4841666666666
2021-02-18 05:00:00,1422.0926388888888
2021-02-18 06:00:00,1525.4930555555557
2021-02-18 07:00:00,2148.1116666666667
2021-02-18 08:00:00,1439.1597222222222
2021-02-18 09:00:00,1145.1044444444444
2021-02-18 10:00:00,1147.5872222222222
2021-02-18 11:00:00,1113.536111111111
2021-02-18 12:00:00,869.7844444444445
2021-02-18 13:00:00,428.665
2021-02-18 14:00:00,427.33506944444446
2021-02-18 15:00:00,412.2217013888889
2021-02-18 16:00:00,1253.4069444444444
2021-02-18 17:00:00,2331.5686111111113
2021-02-18 18:00:00,1491.7533333333333
2021-02-18 19:00:00,1478.5169444444443
2021-02-18 20:00:00,1208.3872222222221
2021-02-18 21:00:00,1102.80875
2021-02-18 22:00:00,1105.3406944444444
2021-02-18 23:00:00,1096.080138888889
2021-02-19 00:00:00,1134.8569444444445
2021-02-19 01:00:00,1124.2875
2021-02-19 02:00:00,1106.1808333333333
2021-02-19 03:00:00,1124.4025
2021-02-19 04:00:00,1517.4555555555555
2021-02-19 05:00:00,1431.2608333333333
2021-02-19 06:00:00,1684.6408333333334
2021-02-19 07:00:00,2191.458888888889
2021-02-19 08:00:00,358.44756944444447
2021-02-19 09:00:00,325.1165277777778
2021-02-19 10:00:00,384.50375
2021-02-19 11:00:00,389.9145138888889
2021-02-19 12:00:00,468.7870138888889
2021-02-19 13:00:00,480.34288194444446
2021-02-19 14:00:00,480.85506944444444
2021-02-19 15:00:00,484.1060763888889
2021-02-19 16:00:00,1228.8727777777779
2021-02-19 17:00:00,1504.5851388888889
2021-02-19 18:00:00,1560.7620833333333
2021-02-19 19:00:00,1602.6490277777777
2021-02-19 20:00:00,1582.9309722222222
2021-02-19 21:00:00,1545.068611111111
2021-02-19 22:00:00,1487.7352777777778
2021-02-19 23:00:00,1497.1430555555555
2021-02-20 00:00:00,1499.3480555555554
2021-02-20 01:00:00,1493.7780555555555
2021-02-20 02:00:00,1491.286388888889
2021-02-20 03:00:00,1498.9747222222222
2021-02-20 04:00:00,1477.4097222222222
2021-02-20 05:00:00,1490.4772222222223
2021-02-20 06:00:00,2300.2466666666664
2021-02-20 07:00:00,1565.1563888888888
2021-02-20 08:00:00,1358.4923611111112
2021-02-20 09:00:00,1118.8584722222222
2021-02-20 10:00:00,1111.9810416666667
2021-02-20 11:00:00,637.7308333333333
2021-02-20 12:00:00,377.85291666666666
2021-02-20 13:00:00,385.9978125
2021-02-20 14:00:00,391.5059722222222
2021-02-20 15:00:00,376.55583333333334
2021-02-20 16:00:00,1124.4547916666668
2021-02-20 17:00:00,2172.304722222222
2021-02-20 18:00:00,1610.1966666666667
2021-02-20 19:00:00,1608.5123611111112
2021-02-20 20:00:00,1098.3115277777779
2021-02-20 21:00:00,1027.6535416666666
2021-02-20 22:00:00,323.82395833333334
2021-02-20 23:00:00,306.42326388888887
2021-02-21 00:00:00,255.85871527777778
2021-02-21 01:00:00,254.5678298611111
2021-02-21 02:00:00,779.9261805555556
2021-02-21 03:00:00,1449.8852777777777
2021-02-21 04:00:00,1439.5922222222223
2021-02-21 05:00:00,1451.4202777777778
2021-02-21 06:00:00,1454.6644444444444
2021-02-21 07:00:00,1858.4092708333333
2021-02-21 08:00:00,742.5869444444445
2021-02-21 09:00:00,350.7318055555556
2021-02-21 10:00:00,357.17291666666665
2021-02-21 11:00:00,382.055625
2021-02-21 12:00:00,339.18881944444445
2021-02-21 13:00:00,360.08180555555555
2021-02-21 14:00:00,354.90430555555554
2021-02-21 15:00:00,349.3525
2021-02-21 16:00:00,801.3144444444445
2021-02-21 17:00:00,1585.4052777777779
2021-02-21 18:00:00,2133.4098611111112
2021-02-21 19:00:00,1556.1609722222222
2021-02-21 20:00:00,1493.2952777777778
2021-02-21 21:00:00,1496.3125
2021-02-21 22:00:00,1088.6922222222222
2021-02-21 23:00:00,390.2266666666667
2021-02-22 00:00:00,312.1632986111111
2021-02-22 01:00:00,310.6504861111111
2021-02-22 02:00:00,311.05833333333334
2021-02-22 03:00:00,1263.473888888889
2021-02-22 04:00:00,1529.0366666666666
2021-02-22 05:00:00,1596.931388888889
2021-02-22 06:00:00,2278.174722222222
2021-02-22 07:00:00,1597.9395833333333
2021-02-22 08:00:00,704.7921527777778
2021-02-22 09:00:00,377.60826388888887
2021-02-22 10:00:00,356.9054861111111
2021-02-22 11:00:00,355.6128125
2021-02-22 12:00:00,370.9954513888889
2021-02-22 13:00:00,393.46118055555553
2021-02-22 14:00:00,475.2165972222222
2021-02-22 15:00:00,538.9251388888889
2021-02-22 16:00:00,1560.8148611111112
2021-02-22 17:00:00,2092.435
2021-02-22 18:00:00,1602.6784722222221
2021-02-22 19:00:00,1526.673888888889
2021-02-22 20:00:00,1133.2635416666667
2021-02-22 21:00:00,953.8502777777778
2021-02-22 22:00:00,250.77798611111112
2021-02-22 23:00:00,232.74104166666666
2021-02-23 00:00:00,233.69776041666665
2021-02-23 01:00:00,233.10345486111112
2021-02-23 02:00:00,252.56027777777777
2021-02-23 03:00:00,1246.7920833333333
2021-02-23 04:00:00,1487.9656944444444
2021-02-23 05:00:00,1493.7434722222222
2021-02-23 06:00:00,1502.7383333333332
2021-02-23 07:00:00,1821.1533333333334
2021-02-23 08:00:00,433.34979166666665
2021-02-23 09:00:00,466.30291666666665
2021-02-23 10:00:00,482.08916666666664
2021-02-23 11:00:00,389.7575
2021-02-23 12:00:00,359.29756944444443
2021-02-23 13:00:00,363.2555902777778
2021-02-23 14:00:00,379.9458333333333
2021-02-23 15:00:00,349.6488888888889
2021-02-23 16:00:00,1423.54
2021-02-23 17:00:00,2212.948888888889
2021-02-23 18:00:00,1566.5605555555555
2021-02-23 19:00:00,1517.5954166666668
2021-02-23 20:00:00,1114.8920138888889
2021-02-23 21:00:00,324.2210416666667
2021-02-23 22:00:00,293.9921180555556
2021-02-23 23:00:00,230.38079861111112
2021-02-24 00:00:00,231.2264236111111
2021-02-24 01:00:00,244.35119791666668
2021-02-24 02:00:00,260.58324652777776
2021-02-24 03:00:00,1215.9288888888889
2021-02-24 04:00:00,1535.996388888889
2021-02-24 05:00:00,1616.8108333333332
2021-02-24 06:00:00,2227.0068055555557
2021-02-24 07:00:00,1394.9888888888888
2021-02-24 08:00:00,373.1356597222222
2021-02-24 09:00:00,345.31569444444443
2021-02-24 10:00:00,327.8984027777778
2021-02-24 11:00:00,362.2053125
2021-02-24 12:00:00,336.38256944444447
2021-02-24 13:00:00,318.2139583333333
2021-02-24 14:00:00,347.3152777777778
2021-02-24 15:00:00,354.93069444444444
2021-02-24 16:00:00,1135.3502777777778
2021-02-24 17:00:00,2202.745972222222
2021-02-24 18:00:00,1499.13875
2021-02-24 19:00:00,1167.2283333333332
2021-02-24 20:00:00,1103.2101388888889
2021-02-24 21:00:00,1115.345763888889
2021-02-24 22:00:00,629.1873611111112
2021-02-24 23:00:00,274.28270833333335
2021-02-25 00:00:00,295.679375
2021-02-25 01:00:00,276.7434375
2021-02-25 02:00:00,287.2760416666667
2021-02-25 03:00:00,1128.4073611111112
2021-02-25 04:00:00,1571.0
2021-02-25 05:00:00,1578.5777777777778
2021-02-25 06:00:00,2344.0175
2021-02-25 07:00:00,1020.3946527777778
2021-02-25 08:00:00,1006.0226388888889
2021-02-25 09:00:00,401.6504861111111
2021-02-25 10:00:00,329.1510416666667
2021-02-25 11:00:00,360.66027777777776
2021-02-25 12:00:00,333.7216666666667
2021-02-25 13:00:00,333.70538194444447
2021-02-25 14:00:00,352.80680555555557
2021-02-25 15:00:00,410.53197916666664
2021-02-25 16:00:00,596.4432638888889
2021-02-25 17:00:00,2820.1305555555555
2021-02-25 18:00:00,1551.2680555555555
2021-02-25 19:00:00,1557.9934722222222
2021-02-25 20:00:00,1088.2627777777777
2021-02-25 21:00:00,1070.5081944444444
2021-02-25 22:00:00,844.1869444444444
2021-02-25 23:00:00,272.7209201388889
2021-02-26 00:00:00,274.9971875
2021-02-26 01:00:00,272.9506944444444
2021-02-26 02:00:00,288.8277083333333
2021-02-26 03:00:00,907.8679861111111
2021-02-26 04:00:00,1472.0325
2021-02-26 05:00:00,1456.3433333333332
2021-02-26 06:00:00,2044.34
2021-02-26 07:00:00,1076.8513888888888
2021-02-26 08:00:00,890.0941666666666
2021-02-26 09:00:00,437.09993055555555
2021-02-26 10:00:00,446.61743055555553
2021-02-26 11:00:00,383.5345138888889
2021-02-26 12:00:00,324.22541666666666
2021-02-26 13:00:00,342.9605902777778
2021-02-26 14:00:00,366.2873611111111
2021-02-26 15:00:00,354.48895833333336
2021-02-26 16:00:00,807.0248611111111
2021-02-26 17:00:00,2310.4469444444444
2021-02-26 18:00:00,1490.9570833333332
2021-02-26 19:00:00,1190.7930555555556
2021-02-26 20:00:00,1106.784861111111
2021-02-26 21:00:00,1102.631388888889
2021-02-26 22:00:00,618.2529861111111
2021-02-26 23:00:00,294.1976388888889
2021-02-27 00:00:00,611.2575694444445
2021-02-27 01:00:00,1517.3625
2021-02-27 02:00:00,1511.8395138888889
2021-02-27 03:00:00,1515.6844444444444
2021-02-27 04:00:00,1515.8219444444444
2021-02-27 05:00:00,1595.0158333333334
2021-02-27 06:00:00,1925.2922222222223
2021-02-27 07:00:00,1513.2497222222223
2021-02-27 08:00:00,334.23847222222224
2021-02-27 09:00:00,333.7654513888889
2021-02-27 10:00:00,330.04760416666664
2021-02-27 11:00:00,474.07895833333333
2021-02-27 12:00:00,458.71232638888887
2021-02-27 13:00:00,457.32125
2021-02-27 14:00:00,532.6050347222222
2021-02-27 15:00:00,470.89131944444443
2021-02-27 16:00:00,1228.7909722222223
2021-02-27 17:00:00,2267.766111111111
2021-02-27 18:00:00,1298.0333333333333
2021-02-27 19:00:00,1281.7180555555556
2021-02-27 20:00:00,1123.6550694444445
2021-02-27 21:00:00,614.0886805555556
2021-02-27 22:00:00,567.2052083333333
2021-02-27 23:00:00,507.5285416666667
2021-02-28 00:00:00,511.3521527777778
2021-02-28 01:00:00,442.9738888888889
2021-02-28 02:00:00,295.3851736111111
2021-02-28 03:00:00,671.2584027777777
2021-02-28 04:00:00,1469.2055555555555
2021-02-28 05:00:00,1566.3709722222222
2021-02-28 06:00:00,2466.237222222222
2021-02-28 07:00:00,582.7603472222222
2021-02-28 08:00:00,342.79298611111113
2021-02-28 09:00:00,355.1454166666667
2021-02-28 10:00:00,347.223125
2021-02-28 11:00:00,352.8755208333333
2021-02-28 12:00:00,359.0285069444444
2021-02-28 13:00:00,359.2137847222222
2021-02-28 14:00:00,354.17527777777775
2021-02-28 15:00:00,450.9613194444444
2021-02-28 16:00:00,604.9923611111111
2021-02-28 17:00:00,1535.795
2021-02-28 18:00:00,2014.716111111111
2021-02-28 19:00:00,1520.048888888889
2021-02-28 20:00:00,1493.6818055555555
2021-02-28 21:00:00,1205.8622222222223
2021-02-28 22:00:00,228.87548611111112
2021-02-28 23:00:00,234.45899305555557
2021-03-01 00:00:00,231.48621527777777
2021-03-01 01:00:00,231.1226388888889
2021-03-01 02:00:00,232.27756944444445
2021-03-01 03:00:00,225.71930555555556
2021-03-01 04:00:00,1479.4102777777778
2021-03-01 05:00:00,1453.6655555555556
2021-03-01 06:00:00,2317.8625
2021-03-01 07:00:00,1255.0234722222222
2021-03-01 08:00:00,1203.9286111111112
2021-03-01 09:00:00,1139.9273611111112
2021-03-01 10:00:00,1079.7158333333334
2021-03-01 11:00:00,376.7025
2021-03-01 12:00:00,423.6320138888889
2021-03-01 13:00:00,488.5678125
2021-03-01 14:00:00,486.4651388888889
2021-03-01 15:00:00,476.9477083333333
2021-03-01 16:00:00,873.5680555555556
2021-03-01 17:00:00,2242.670972222222
2021-03-01 18:00:00,1564.6990277777777
2021-03-01 19:00:00,1577.2668055555555
2021-03-01 20:00:00,1557.4934722222222
2021-03-01 21:00:00,1580.5816666666667
2021-03-01 22:00:00,601.8073611111112
2021-03-01 23:00:00,230.06927083333332
2021-03-02 00:00:00,232.28982638888888
2021-03-02 01:00:00,216.48277777777778
2021-03-02 02:00:00,234.0445486111111
2021-03-02 03:00:00,451.2053472222222
2021-03-02 04:00:00,1484.5455555555557
2021-03-02 05:00:00,1456.5958333333333
2021-03-02 06:00:00,2251.8816666666667
2021-03-02 07:00:00,1092.6976388888888
2021-03-02 08:00:00,489.11885416666667
2021-03-02 09:00:00,463.4452777777778
2021-03-02 10:00:00,406.9194791666667
2021-03-02 11:00:00,537.2335069444445
2021-03-02 12:00:00,589.0147222222222
2021-03-02 13:00:00,541.65625
2021-03-02 14:00:00,469.215
2021-03-02 15:00:00,472.88208333333336
2021-03-02 16:00:00,1309.620138888889
2021-03-02 17:00:00,2361.71
2021-03-02 18:00:00,1494.5819444444444
2021-03-02 19:00:00,1512.5477777777778
2021-03-02 20:00:00,1503.1933333333334
2021-03-02 21:00:00,821.0752777777777
2021-03-02 22:00:00,256.09932291666667
2021-03-02 23:00:00,239.71538194444443
2021-03-03 00:00:00,255.70447916666666
2021-03-03 01:00:00,230.51121527777778
2021-03-03 02:00:00,216.88916666666665
2021-03-03 03:00:00,253.37215277777779
2021-03-03 04:00:00,1462.7680555555555
2021-03-03 05:00:00,1538.2783333333334
2021-03-03 06:00:00,2344.405
2021-03-03 07:00:00,1270.3022222222223
2021-03-03 08:00:00,444.69625
2021-03-03 09:00:00,374.09541666666667
2021-03-03 10:00:00,368.50145833333335
2021-03-03 11:00:00,371.6171527777778
2021-03-03 12:00:00,375.36284722222223
2021-03-03 13:00:00,480.6849305555556
2021-03-03 14:00:00,484.0650694444444
2021-03-03 15:00:00,509.62118055555555
2021-03-03 16:00:00,812.9991666666666
2021-03-03 17:00:00,2419.3463888888887
2021-03-03 18:00:00,1501.3083333333334
2021-03-03 19:00:00,1476.702361111111
2021-03-03 20:00:00,1476.9916666666666
2021-03-03 21:00:00,1487.8027777777777
2021-03-03 22:00:00,416.03743055555555
2021-03-03 23:00:00,218.83300347222223
2021-03-04 00:00:00,232.91189236111111
2021-03-04 01:00:00,233.87442708333333
2021-03-04 02:00:00,220.33373263888888
2021-03-04 03:00:00,237.17317708333334
2021-03-04 04:00:00,1049.6743055555555
2021-03-04 05:00:00,1558.2184722222223
2021-03-04 06:00:00,2308.343888888889
2021-03-04 07:00:00,1454.4344444444444
2021-03-04 08:00:00,577.0272222222222
2021-03-04 09:00:00,475.06805555555553
2021-03-04 10:00:00,464.4891666666667
2021-03-04 11:00:00,382.4368402777778
2021-03-04 12:00:00,375.03302083333335
2021-03-04 13:00:00,389.7813194444444
2021-03-04 14:00:00,483.66791666666666
2021-03-04 15:00:00,911.5771527777778
2021-03-04 16:00:00,1525.4252777777779
2021-03-04 17:00:00,2054.9215277777776
2021-03-04 18:00:00,1483.0380555555555
2021-03-04 19:00:00,1432.1986111111112
2021-03-04 20:00:00,1454.8352777777777
2021-03-04 21:00:00,981.6718619791667
2021-03-04 22:00:00,200.5704861111111
2021-03-04 23:00:00,71.66215277777778
2021-03-05 00:00:00,0.0
