timestamp,consumption
2020-02-13 09:00:00,38.825738352745425
2020-02-13 10:00:00,2.229150661892361
2020-02-13 11:00:00,2.2520128038194445
2020-02-13 12:00:00,1.9505924479166667
2020-02-13 13:00:00,2156.1125
2020-02-13 14:00:00,4613.557222222223
2020-02-13 15:00:00,3551.2708333333335
2020-02-13 16:00:00,3.299560275607639
2020-02-13 17:00:00,4.402192111545139
2020-02-13 18:00:00,4.765711805555555
2020-02-13 19:00:00,4.822801106770833
2020-02-13 20:00:00,4.798488498263889
2020-02-13 21:00:00,4.744524197048611
2020-02-13 22:00:00,4.694267035590277
2020-02-13 23:00:00,4.692564019097222
2020-02-14 00:00:00,4.662687717013889
2020-02-14 01:00:00,4.748585069444444
2020-02-14 02:00:00,4.740322265625
2020-02-14 03:00:00,4.726009114583333
2020-02-14 04:00:00,4.761520182291667
2020-02-14 05:00:00,4.438468153211805
2020-02-14 06:00:00,1841.6155555555556
2020-02-14 07:00:00,2733.503888888889
2020-02-14 08:00:00,2.161269802517361
2020-02-14 09:00:00,102.10357638888888
2020-02-14 10:00:00,929.5093055555556
2020-02-14 11:00:00,2.177970648871528
2020-02-14 12:00:00,1722.0544444444445
2020-02-14 13:00:00,2828.301388888889
2020-02-14 14:00:00,2837.1491666666666
2020-02-14 15:00:00,492.57364583333333
2020-02-14 16:00:00,3.447977973090278
2020-02-14 17:00:00,3.8697355143229166
2020-02-14 18:00:00,3.8995762803819445
2020-02-14 19:00:00,3.8723668077256943
2020-02-14 20:00:00,3.9295298936631946
2020-02-14 21:00:00,3.9900279405381944
2020-02-14 22:00:00,17.997377387152778
2020-02-14 23:00:00,3.8610215928819445
2020-02-15 00:00:00,3.949564887152778
2020-02-15 01:00:00,3.8117854817708334
2020-02-15 02:00:00,3.934421115451389
2020-02-15 03:00:00,3.903908148871528
2020-02-15 04:00:00,4.0408723958333335
2020-02-15 05:00:00,4.053627387152778
2020-02-15 06:00:00,2018.658888888889
2020-02-15 07:00:00,2724.0061111111113
2020-02-15 08:00:00,300.0863541666667
2020-02-15 09:00:00,2523.153888888889
2020-02-15 10:00:00,1456.5302777777779
2020-02-15 11:00:00,2.112747531467014
2020-02-15 12:00:00,337.7814583333333
2020-02-15 13:00:00,3.8957383897569446
2020-02-15 14:00:00,4.242659505208334
2020-02-15 15:00:00,4.4477685546875
2020-02-15 16:00:00,4.627838541666667
2020-02-15 17:00:00,4.6698193359375
2020-02-15 18:00:00,4.822417534722222
2020-02-15 19:00:00,4.7513232421875
2020-02-15 20:00:00,4.738152669270833
2020-02-15 21:00:00,4.835088975694444
2020-02-15 22:00:00,4.775237630208333
2020-02-15 23:00:00,4.813809678819444
2020-02-16 00:00:00,4.7860009765625
2020-02-16 01:00:00,4.839357638888889
2020-02-16 02:00:00,4.779665798611111
2020-02-16 03:00:00,4.741512586805555
2020-02-16 04:00:00,4.718499891493056
2020-02-16 05:00:00,4.624514431423611
2020-02-16 06:00:00,2423.838888888889
2020-02-16 07:00:00,2783.483333333333
2020-02-16 08:00:00,2799.2927777777777
2020-02-16 09:00:00,2822.341388888889
2020-02-16 10:00:00,2951.802222222222
2020-02-16 11:00:00,762.86875
2020-02-16 12:00:00,3.736067165798611
2020-02-16 13:00:00,213.47491319444444
2020-02-16 14:00:00,49.912296006944445
2020-02-16 15:00:00,218.10996527777777
2020-02-16 16:00:00,217.26090277777777
2020-02-16 17:00:00,214.99652777777777
2020-02-16 18:00:00,216.82600694444446
2020-02-16 19:00:00,73.66077256944445
2020-02-16 20:00:00,116.18743055555555
2020-02-16 21:00:00,96.63484375
2020-02-16 22:00:00,57.80555555555556
2020-02-16 23:00:00,4.847261284722222
2020-02-17 00:00:00,4.7760611979166665
2020-02-17 01:00:00,4.771225043402778
2020-02-17 02:00:00,4.706367730034723
2020-02-17 03:00:00,4.763301866319445
2020-02-17 04:00:00,955.7441666666666
2020-02-17 05:00:00,2747.9861111111113
2020-02-17 06:00:00,3106.708611111111
2020-02-17 07:00:00,8782.37
2020-02-17 08:00:00,7652.97
2020-02-17 09:00:00,5215.944444444444
2020-02-17 10:00:00,5194.462222222222
2020-02-17 11:00:00,5285.186111111111
2020-02-17 12:00:00,5470.766666666666
2020-02-17 13:00:00,4631.547222222222
2020-02-17 14:00:00,3530.393888888889
2020-02-17 15:00:00,1153.5704861111112
2020-02-17 16:00:00,2.996435275607639
2020-02-17 17:00:00,3.7753515625
2020-02-17 18:00:00,4.2647509765625
2020-02-17 19:00:00,4.424812554253473
2020-02-17 20:00:00,4.438745388454861
2020-02-17 21:00:00,4.506754014756944
2020-02-17 22:00:00,4.554020182291667
2020-02-17 23:00:00,4.696948784722222
2020-02-18 00:00:00,4.638113064236111
2020-02-18 01:00:00,4.692855902777778
2020-02-18 02:00:00,4.697930230034722
2020-02-18 03:00:00,4.708824869791667
2020-02-18 04:00:00,4.847600368923611
2020-02-18 05:00:00,4.263909776475694
2020-02-18 06:00:00,2521.781388888889
2020-02-18 07:00:00,2744.476111111111
2020-02-18 08:00:00,2729.092222222222
2020-02-18 09:00:00,2776.223611111111
2020-02-18 10:00:00,2752.612777777778
2020-02-18 11:00:00,2753.0655555555554
2020-02-18 12:00:00,2777.537222222222
2020-02-18 13:00:00,2755.608333333333
2020-02-18 14:00:00,269.17524305555554
2020-02-18 15:00:00,214.58098958333332
2020-02-18 16:00:00,87.13902777777778
2020-02-18 17:00:00,10.01157986111111
2020-02-18 18:00:00,3.963312717013889
2020-02-18 19:00:00,4.182599283854167
2020-02-18 20:00:00,4.494359266493055
2020-02-18 21:00:00,4.6732958984375
2020-02-18 22:00:00,4.729775390625
2020-02-18 23:00:00,4.745399305555556
2020-02-19 00:00:00,4.794486762152777
2020-02-19 01:00:00,4.831063368055555
2020-02-19 02:00:00,4.802314453125
2020-02-19 03:00:00,4.956985677083333
2020-02-19 04:00:00,4.9351033189561635
2020-02-19 05:00:00,4.304716796875
2020-02-19 06:00:00,2230.204166666667
2020-02-19 07:00:00,2660.8308333333334
2020-02-19 08:00:00,2664.2344444444443
2020-02-19 09:00:00,2656.818888888889
2020-02-19 10:00:00,852.8404166666667
2020-02-19 11:00:00,724.444375
2020-02-19 12:00:00,7984.236111111111
2020-02-19 13:00:00,8136.943888888889
2020-02-19 14:00:00,3006.0397222222223
2020-02-19 15:00:00,315.4584722222222
2020-02-19 16:00:00,3.031474609375
2020-02-19 17:00:00,3.9557063802083334
2020-02-19 18:00:00,4.401641710069445
2020-02-19 19:00:00,4.699052734375
2020-02-19 20:00:00,4.569200303819445
2020-02-19 21:00:00,4.714603949652778
2020-02-19 22:00:00,4.831625434027778
2020-02-19 23:00:00,37.50630208333333
2020-02-20 00:00:00,37.11825520833333
2020-02-20 01:00:00,20.586282552083333
2020-02-20 02:00:00,132.96862847222224
2020-02-20 03:00:00,35.79084201388889
2020-02-20 04:00:00,216.42055555555555
2020-02-20 05:00:00,110.6581076388889
2020-02-20 06:00:00,2076.8995833333333
2020-02-20 07:00:00,2742.714722222222
2020-02-20 08:00:00,2764.700277777778
2020-02-20 09:00:00,2424.740277777778
2020-02-20 10:00:00,2982.4344444444446
2020-02-20 11:00:00,223.15895833333335
2020-02-20 12:00:00,2659.4411111111112
2020-02-20 13:00:00,2765.2955555555554
2020-02-20 14:00:00,2708.7716666666665
2020-02-20 15:00:00,2949.3633333333332
2020-02-20 16:00:00,1620.8072222222222
2020-02-20 17:00:00,5.302741427951389
2020-02-20 18:00:00,248.7629861111111
2020-02-20 19:00:00,281.26180555555555
2020-02-20 20:00:00,207.02203125
2020-02-20 21:00:00,208.31065972222223
2020-02-20 22:00:00,240.11388888888888
2020-02-20 23:00:00,4.669184027777778
2020-02-21 00:00:00,4.671311848958333
2020-02-21 01:00:00,4.481423611111111
2020-02-21 02:00:00,82.52963541666666
2020-02-21 03:00:00,133.312578125
2020-02-21 04:00:00,277.654375
2020-02-21 05:00:00,274.93730902777776
2020-02-21 06:00:00,1539.8351388888889
2020-02-21 07:00:00,2732.4616666666666
2020-02-21 08:00:00,1273.193888888889
2020-02-21 09:00:00,2.296828070746528
2020-02-21 10:00:00,2.018729926215278
2020-02-21 11:00:00,2.1229511176215277
2020-02-21 12:00:00,2.1378133138020834
2020-02-21 13:00:00,2.0292586263020835
2020-02-21 14:00:00,2198.2527777777777
2020-02-21 15:00:00,2920.7838888888887
2020-02-21 16:00:00,2857.4680555555556
2020-02-21 17:00:00,110.292421875
2020-02-21 18:00:00,4.677109375
2020-02-21 19:00:00,4.7221885850694445
2020-02-21 20:00:00,4.752369791666666
2020-02-21 21:00:00,5.458240559895834
2020-02-21 22:00:00,114.63463541666667
2020-02-21 23:00:00,49.061875
2020-02-22 00:00:00,4.943416341145833
2020-02-22 01:00:00,4.927699110243055
2020-02-22 02:00:00,4.9227463107638885
2020-02-22 03:00:00,4.9568901909722225
2020-02-22 04:00:00,4.7914420572916665
2020-02-22 05:00:00,4.1812646484375
2020-02-22 06:00:00,134.65447916666668
2020-02-22 07:00:00,2647.5180555555557
2020-02-22 08:00:00,2595.565
2020-02-22 09:00:00,2622.8655555555556
2020-02-22 10:00:00,2694.031111111111
2020-02-22 11:00:00,2936.835
2020-02-22 12:00:00,909.3880555555555
2020-02-22 13:00:00,4.024565972222222
2020-02-22 14:00:00,4.747029079861111
2020-02-22 15:00:00,4.863798828125
2020-02-22 16:00:00,4.816927083333334
2020-02-22 17:00:00,4.804810655381944
2020-02-22 18:00:00,4.837266167534723
2020-02-22 19:00:00,4.864138454861111
2020-02-22 20:00:00,4.868235677083334
2020-02-22 21:00:00,4.815325520833333
2020-02-22 22:00:00,5.142453342013889
2020-02-22 23:00:00,211.72630208333334
2020-02-23 00:00:00,5.040313585069445
2020-02-23 01:00:00,5.115557725694444
2020-02-23 02:00:00,24.75105685763889
2020-02-23 03:00:00,5.220869140625
2020-02-23 04:00:00,4.928097873263889
2020-02-23 05:00:00,1425.1884722222221
2020-02-23 06:00:00,2559.2361111111113
2020-02-23 07:00:00,2536.2094444444447
2020-02-23 08:00:00,2502.255
2020-02-23 09:00:00,1442.7040277777778
2020-02-23 10:00:00,2.5864908854166666
2020-02-23 11:00:00,268.4927951388889
2020-02-23 12:00:00,3.6580042860243056
2020-02-23 13:00:00,8.844479166666666
2020-02-23 14:00:00,4.7209640842013885
2020-02-23 15:00:00,4.790715060763889
2020-02-23 16:00:00,4.8311962890625
2020-02-23 17:00:00,4.831005859375
2020-02-23 18:00:00,4.873694118923611
2020-02-23 19:00:00,4.893016493055556
2020-02-23 20:00:00,4.8266786024305555
2020-02-23 21:00:00,4.8655712890625
2020-02-23 22:00:00,5.007227647569445
2020-02-23 23:00:00,5.085363498263889
2020-02-24 00:00:00,5.041389973958333
2020-02-24 01:00:00,5.0963818359375
2020-02-24 02:00:00,5.097200520833334
2020-02-24 03:00:00,5.0564453125
2020-02-24 04:00:00,4.145269097222222
2020-02-24 05:00:00,2.5703965928819446
2020-02-24 06:00:00,1948.0779166666666
2020-02-24 07:00:00,4640.865555555555
2020-02-24 08:00:00,4189.229444444444
2020-02-24 09:00:00,7894.9366666666665
2020-02-24 10:00:00,9101.697777777777
2020-02-24 11:00:00,8879.092777777778
2020-02-24 12:00:00,2821.4930555555557
2020-02-24 13:00:00,1269.1844444444444
2020-02-24 14:00:00,2716.3780555555554
2020-02-24 15:00:00,4319.348333333333
2020-02-24 16:00:00,93.53239583333334
2020-02-24 17:00:00,4.670340711805555
2020-02-24 18:00:00,5.254405381944444
2020-02-24 19:00:00,5.195442708333333
2020-02-24 20:00:00,5.211187065972222
2020-02-24 21:00:00,5.313451605902777
2020-02-24 22:00:00,31.92232855902778
2020-02-24 23:00:00,304.50934027777777
2020-02-25 00:00:00,308.48375
2020-02-25 01:00:00,312.26
2020-02-25 02:00:00,304.96708333333333
2020-02-25 03:00:00,299.8948611111111
2020-02-25 04:00:00,299.03993055555554
2020-02-25 05:00:00,256.24442708333333
2020-02-25 06:00:00,2505.5030555555554
2020-02-25 07:00:00,2771.42
2020-02-25 08:00:00,2819.345
2020-02-25 09:00:00,999.0866666666667
2020-02-25 10:00:00,2495.3480555555557
2020-02-25 11:00:00,3230.048888888889
2020-02-25 12:00:00,2859.271111111111
2020-02-25 13:00:00,5336.957222222222
2020-02-25 14:00:00,7117.127777777778
2020-02-25 15:00:00,2533.891666666667
2020-02-25 16:00:00,3.1399880642361113
2020-02-25 17:00:00,4.3414501953125
2020-02-25 18:00:00,4.604872504340277
2020-02-25 19:00:00,4.807007378472222
2020-02-25 20:00:00,4.953770073784722
2020-02-25 21:00:00,5.056107313368056
2020-02-25 22:00:00,4.978646375868055
2020-02-25 23:00:00,4.850693359375
2020-02-26 00:00:00,4.956435546875
2020-02-26 01:00:00,4.948735894097222
2020-02-26 02:00:00,4.977493489583333
2020-02-26 03:00:00,4.985929361979166
2020-02-26 04:00:00,4.942518446180555
2020-02-26 05:00:00,5.170424262152777
2020-02-26 06:00:00,2353.2616666666668
2020-02-26 07:00:00,2784.231111111111
2020-02-26 08:00:00,370.51451388888887
2020-02-26 09:00:00,2374.7522222222224
2020-02-26 10:00:00,2.7440247938368056
2020-02-26 11:00:00,2.4503331163194444
2020-02-26 12:00:00,2425.0344444444445
2020-02-26 13:00:00,2528.0544444444445
2020-02-26 14:00:00,2912.1233333333334
2020-02-26 15:00:00,1085.5386805555556
2020-02-26 16:00:00,2860.092222222222
2020-02-26 17:00:00,4.267358940972223
2020-02-26 18:00:00,77.46400173611111
2020-02-26 19:00:00,4.736432291666667
2020-02-26 20:00:00,5.039640842013889
2020-02-26 21:00:00,4.998306206597222
2020-02-26 22:00:00,4.959928927951389
2020-02-26 23:00:00,4.992515190972222
2020-02-27 00:00:00,5.023243815104166
2020-02-27 01:00:00,5.033287760416667
2020-02-27 02:00:00,5.003067491319444
2020-02-27 03:00:00,5.052269965277778
2020-02-27 04:00:00,4.959895833333333
2020-02-27 05:00:00,3.7662703450520834
2020-02-27 06:00:00,1913.0827777777777
2020-02-27 07:00:00,2797.108333333333
2020-02-27 08:00:00,1052.0179861111112
2020-02-27 09:00:00,2.2220570203993057
2020-02-27 10:00:00,2.284668511284722
2020-02-27 11:00:00,2.137428927951389
2020-02-27 12:00:00,2.3507316080729166
2020-02-27 13:00:00,2.535986599392361
2020-02-27 14:00:00,2.4328822157118055
2020-02-27 15:00:00,2085.134861111111
2020-02-27 16:00:00,2814.0027777777777
2020-02-27 17:00:00,3.261435546875
2020-02-27 18:00:00,36.59274305555556
2020-02-27 19:00:00,189.9778472222222
2020-02-27 20:00:00,189.20161458333334
2020-02-27 21:00:00,185.85161458333334
2020-02-27 22:00:00,259.6905902777778
2020-02-27 23:00:00,269.0482118055556
2020-02-28 00:00:00,269.5773090277778
2020-02-28 01:00:00,271.45753472222225
2020-02-28 02:00:00,251.67046875
2020-02-28 03:00:00,271.9409375
2020-02-28 04:00:00,227.80229166666666
2020-02-28 05:00:00,184.38385416666668
2020-02-28 06:00:00,2108.175277777778
2020-02-28 07:00:00,2497.782222222222
2020-02-28 08:00:00,2506.380833333333
2020-02-28 09:00:00,1254.4769444444444
2020-02-28 10:00:00,1892.9563888888888
2020-02-28 11:00:00,73.67231770833334
2020-02-28 12:00:00,477.65163194444443
2020-02-28 13:00:00,2678.2766666666666
2020-02-28 14:00:00,2936.883333333333
2020-02-28 15:00:00,2931.462777777778
2020-02-28 16:00:00,814.6800694444445
2020-02-28 17:00:00,3.7165592447916667
2020-02-28 18:00:00,3.8701936848958334
2020-02-28 19:00:00,4.700713975694445
2020-02-28 20:00:00,5.063625217013889
2020-02-28 21:00:00,5.1030859375
2020-02-28 22:00:00,4.912102864583333
2020-02-28 23:00:00,13.554475911458333
2020-02-29 00:00:00,42.35814670138889
2020-02-29 01:00:00,31.149622395833333
2020-02-29 02:00:00,264.5265277777778
2020-02-29 03:00:00,275.3573611111111
2020-02-29 04:00:00,235.4490625
2020-02-29 05:00:00,193.08430555555555
2020-02-29 06:00:00,2130.784722222222
2020-02-29 07:00:00,2702.860277777778
2020-02-29 08:00:00,2721.7455555555557
2020-02-29 09:00:00,2776.2033333333334
2020-02-29 10:00:00,2791.6155555555556
2020-02-29 11:00:00,386.11256944444443
2020-02-29 12:00:00,2.853676215277778
2020-02-29 13:00:00,3.555957302517361
2020-02-29 14:00:00,4.554253472222222
2020-02-29 15:00:00,5.047284613715278
2020-02-29 16:00:00,5.077770182291666
2020-02-29 17:00:00,5.124839409722222
2020-02-29 18:00:00,5.277722439236111
2020-02-29 19:00:00,5.186369357638889
2020-02-29 20:00:00,5.1699424913194445
2020-02-29 21:00:00,5.295482855902778
2020-02-29 22:00:00,5.1486328125
2020-02-29 23:00:00,5.079428168402778
2020-03-01 00:00:00,5.032304144965278
2020-03-01 01:00:00,5.0879920789930555
2020-03-01 02:00:00,5.041998697916667
2020-03-01 03:00:00,5.071461046006944
2020-03-01 04:00:00,5.102156575520834
2020-03-01 05:00:00,5.134307725694445
2020-03-01 06:00:00,1663.1941666666667
2020-03-01 07:00:00,2763.4152777777776
2020-03-01 08:00:00,2835.2213888888887
2020-03-01 09:00:00,1770.4697222222221
2020-03-01 10:00:00,90.79545138888889
2020-03-01 11:00:00,232.0986111111111
2020-03-01 12:00:00,206.00546875
2020-03-01 13:00:00,14.034493272569444
2020-03-01 14:00:00,192.00022569444445
2020-03-01 15:00:00,5.028113606770833
2020-03-01 16:00:00,5.1773046875
2020-03-01 17:00:00,5.22104234483507
2020-03-01 18:00:00,5.210651041666667
2020-03-01 19:00:00,5.257079535590278
2020-03-01 20:00:00,5.237291666666667
2020-03-01 21:00:00,5.171028645833333
2020-03-01 22:00:00,5.1205848524305555
2020-03-01 23:00:00,5.041595052083333
2020-03-02 00:00:00,5.021761067708334
2020-03-02 01:00:00,5.051111653645833
2020-03-02 02:00:00,5.0310286458333335
2020-03-02 03:00:00,4.939618055555556
2020-03-02 04:00:00,4.634226345486111
2020-03-02 05:00:00,283.68286458333336
2020-03-02 06:00:00,2783.454166666667
2020-03-02 07:00:00,8189.227777777778
2020-03-02 08:00:00,6557.402222222222
2020-03-02 09:00:00,10698.182222222222
2020-03-02 10:00:00,7777.533333333334
2020-03-02 11:00:00,6134.795555555555
2020-03-02 12:00:00,3.163254665798611
2020-03-02 13:00:00,1291.4620833333333
2020-03-02 14:00:00,2918.771111111111
2020-03-02 15:00:00,3.0267626953125
2020-03-02 16:00:00,4.165804307725694
2020-03-02 17:00:00,4.831206597222222
2020-03-02 18:00:00,4.888968641493055
2020-03-02 19:00:00,4.929739040798611
2020-03-02 20:00:00,4.8628927951388885
2020-03-02 21:00:00,4.997263454861111
2020-03-02 22:00:00,4.835689019097222
2020-03-02 23:00:00,4.810126953125
2020-03-03 00:00:00,4.791179470486111
2020-03-03 01:00:00,4.776482204861111
2020-03-03 02:00:00,4.765634765625
2020-03-03 03:00:00,4.701697591145833
2020-03-03 04:00:00,3.660697699652778
2020-03-03 05:00:00,2.9820654296875
2020-03-03 06:00:00,1743.3333333333333
2020-03-03 07:00:00,2787.7680555555557
2020-03-03 08:00:00,1309.9758333333334
2020-03-03 09:00:00,1613.0105555555556
2020-03-03 10:00:00,2304.2044444444446
2020-03-03 11:00:00,2.1606361219618058
2020-03-03 12:00:00,1.9821904839409723
2020-03-03 13:00:00,1141.7061805555556
2020-03-03 14:00:00,2.255987277560764
2020-03-03 15:00:00,3.5453870985243054
2020-03-03 16:00:00,4.950363498263889
2020-03-03 17:00:00,5.126599392361111
2020-03-03 18:00:00,5.198255208333333
2020-03-03 19:00:00,4.985104709201389
2020-03-03 20:00:00,4.755608181423611
2020-03-03 21:00:00,4.769009874131944
2020-03-03 22:00:00,5.329064670138889
2020-03-03 23:00:00,5.353026801215278
2020-03-04 00:00:00,5.264949544270833
2020-03-04 01:00:00,5.213192274305555
2020-03-04 02:00:00,5.309800347222223
2020-03-04 03:00:00,5.007333984375
2020-03-04 04:00:00,4.720941840277778
2020-03-04 05:00:00,3.872863498263889
2020-03-04 06:00:00,2210.2905555555553
2020-03-04 07:00:00,2826.3611111111113
2020-03-04 08:00:00,1047.2461805555556
2020-03-04 09:00:00,3.4130821397569444
2020-03-04 10:00:00,3.2474766710069445
2020-03-04 11:00:00,3.2145317925347223
2020-03-04 12:00:00,4222.07
2020-03-04 13:00:00,5504.053333333333
2020-03-04 14:00:00,3753.983333333333
2020-03-04 15:00:00,188.36848958333334
2020-03-04 16:00:00,3.190732421875
2020-03-04 17:00:00,4.366858995225694
2020-03-04 18:00:00,4.778401692708333
2020-03-04 19:00:00,4.906004774305556
2020-03-04 20:00:00,4.838037651909723
2020-03-04 21:00:00,4.693030598958333
2020-03-04 22:00:00,5.461154513888889
2020-03-04 23:00:00,5.511550564236111
2020-03-05 00:00:00,5.578130425347222
2020-03-05 01:00:00,5.546847873263889
2020-03-05 02:00:00,5.527881401909722
2020-03-05 03:00:00,5.491968315972223
2020-03-05 04:00:00,5.085146484375
2020-03-05 05:00:00,175.56569444444443
2020-03-05 06:00:00,3.109997287326389
2020-03-05 07:00:00,1906.8559722222221
2020-03-05 08:00:00,1.7762179904513888
2020-03-05 09:00:00,1.717211642795139
2020-03-05 10:00:00,1.7300077311197917
2020-03-05 11:00:00,1.743006591796875
2020-03-05 12:00:00,1.8700397406684028
2020-03-05 13:00:00,1.8375782606336806
2020-03-05 14:00:00,1.8209464518229166
2020-03-05 15:00:00,1495.8466666666666
2020-03-05 16:00:00,734.7153472222222
2020-03-05 17:00:00,3.872733561197917
2020-03-05 18:00:00,4.463634440104166
2020-03-05 19:00:00,4.539364149305555
2020-03-05 20:00:00,4.5446630859375
2020-03-05 21:00:00,4.419708658854167
2020-03-05 22:00:00,4.994849175347222
2020-03-05 23:00:00,4.908026801215278
2020-03-06 00:00:00,4.822623697916667
2020-03-06 01:00:00,4.744319661458333
2020-03-06 02:00:00,4.741463758680555
2020-03-06 03:00:00,4.601315104166667
2020-03-06 04:00:00,4.238392469618056
2020-03-06 05:00:00,1743.2825
2020-03-06 06:00:00,2736.541388888889
2020-03-06 07:00:00,2777.4644444444443
2020-03-06 08:00:00,601.4722916666667
2020-03-06 09:00:00,1.806066623263889
2020-03-06 10:00:00,1.7068516710069443
2020-03-06 11:00:00,70.46393663194445
2020-03-06 12:00:00,2520.8283333333334
2020-03-06 13:00:00,2713.0022222222224
2020-03-06 14:00:00,2744.3280555555557
2020-03-06 15:00:00,2804.9616666666666
2020-03-06 16:00:00,3.2358165147569444
2020-03-06 17:00:00,4.355493435329861
2020-03-06 18:00:00,4.5995453559027775
2020-03-06 19:00:00,4.563860677083333
2020-03-06 20:00:00,4.5599576822916665
2020-03-06 21:00:00,4.494083116319445
2020-03-06 22:00:00,5.096783854166667
2020-03-06 23:00:00,5.177370876736111
2020-03-07 00:00:00,5.046776258680556
2020-03-07 01:00:00,5.091728515625
2020-03-07 02:00:00,5.207801649305556
2020-03-07 03:00:00,5.079584418402778
2020-03-07 04:00:00,4.765896809895834
2020-03-07 05:00:00,4.320956217447916
2020-03-07 06:00:00,2340.5691666666667
2020-03-07 07:00:00,789.756875
2020-03-07 08:00:00,1.7478466796875
2020-03-07 09:00:00,1415.9331944444446
2020-03-07 10:00:00,1408.0133333333333
2020-03-07 11:00:00,1.8029364691840277
2020-03-07 12:00:00,2.7159803602430554
2020-03-07 13:00:00,4.2078857421875
2020-03-07 14:00:00,4.572178276909722
2020-03-07 15:00:00,4.670488823784722
2020-03-07 16:00:00,4.721554904513889
2020-03-07 17:00:00,4.757517361111111
2020-03-07 18:00:00,4.7152680121527775
2020-03-07 19:00:00,4.766843532986111
2020-03-07 20:00:00,4.807508680555555
2020-03-07 21:00:00,4.943857421875
2020-03-07 22:00:00,5.676396484375
2020-03-07 23:00:00,5.457957899305556
2020-03-08 00:00:00,5.471449652777777
2020-03-08 01:00:00,5.541763237847222
2020-03-08 02:00:00,5.474474283854167
2020-03-08 03:00:00,5.343318142361111
2020-03-08 04:00:00,4.928472222222222
2020-03-08 05:00:00,4.502155490451389
2020-03-08 06:00:00,2399.1555555555556
2020-03-08 07:00:00,2776.157222222222
2020-03-08 08:00:00,534.67875
2020-03-08 09:00:00,2.9612413194444445
2020-03-08 10:00:00,3.415871310763889
2020-03-08 11:00:00,3.28526611328125
2020-03-08 12:00:00,4.0464507378472225
2020-03-08 13:00:00,4.700448133680555
2020-03-08 14:00:00,4.672095811631944
2020-03-08 15:00:00,4.719785698784722
2020-03-08 16:00:00,4.805309244791666
2020-03-08 17:00:00,4.771937934027778
2020-03-08 18:00:00,4.779333767361111
2020-03-08 19:00:00,4.821732855902778
2020-03-08 20:00:00,4.8227745225694445
2020-03-08 21:00:00,4.8198057725694445
2020-03-08 22:00:00,5.541296657986111
2020-03-08 23:00:00,5.648327907986111
2020-03-09 00:00:00,5.525325520833333
2020-03-09 01:00:00,5.52564453125
2020-03-09 02:00:00,5.5355392795138885
2020-03-09 03:00:00,5.4325119357638885
2020-03-09 04:00:00,5.152535264756945
2020-03-09 05:00:00,2380.1866666666665
2020-03-09 06:00:00,3225.6241666666665
2020-03-09 07:00:00,8392.927222222223
2020-03-09 08:00:00,5051.482222222222
2020-03-09 09:00:00,8116.771111111111
2020-03-09 10:00:00,8229.646666666667
2020-03-09 11:00:00,5296.634444444445
2020-03-09 12:00:00,6857.477777777778
2020-03-09 13:00:00,6547.763333333333
2020-03-09 14:00:00,2582.4772222222223
2020-03-09 15:00:00,2538.3744444444446
2020-03-09 16:00:00,2.227309841579861
2020-03-09 17:00:00,3.144905598958333
2020-03-09 18:00:00,3.5378398980034724
2020-03-09 19:00:00,3.6013831922743056
2020-03-09 20:00:00,3.8014892578125
2020-03-09 21:00:00,3.7225748697916665
2020-03-09 22:00:00,4.4182158745659725
2020-03-09 23:00:00,4.412317979600695
2020-03-10 00:00:00,4.527421332465278
2020-03-10 01:00:00,4.600120985243056
2020-03-10 02:00:00,4.556187065972222
2020-03-10 03:00:00,4.512949761284722
2020-03-10 04:00:00,4.108342013888889
2020-03-10 05:00:00,3.326942816840278
2020-03-10 06:00:00,2398.0894444444443
2020-03-10 07:00:00,1918.205138888889
2020-03-10 08:00:00,2.0659791395399307
2020-03-10 09:00:00,463.9658680555556
2020-03-10 10:00:00,974.7615972222222
2020-03-10 11:00:00,1453.7720833333333
2020-03-10 12:00:00,6229.100555555556
2020-03-10 13:00:00,7840.691111111111
2020-03-10 14:00:00,450.5807986111111
2020-03-10 15:00:00,3.040036078559028
2020-03-10 16:00:00,4.583327907986111
2020-03-10 17:00:00,5.2496137152777775
2020-03-10 18:00:00,5.299857313368055
2020-03-10 19:00:00,5.315228949652778
2020-03-10 20:00:00,5.173990342881944
2020-03-10 21:00:00,5.2019645182291665
2020-03-10 22:00:00,5.279991319444444
2020-03-10 23:00:00,5.288940972222222
2020-03-11 00:00:00,5.303037109375
2020-03-11 01:00:00,5.375597873263889
2020-03-11 02:00:00,5.249225802951389
2020-03-11 03:00:00,5.254308810763889
2020-03-11 04:00:00,5.239314778645833
2020-03-11 05:00:00,4.490212673611111
2020-03-11 06:00:00,2486.425277777778
2020-03-11 07:00:00,2247.6995833333335
2020-03-11 08:00:00,2.261518825954861
2020-03-11 09:00:00,2.3076128472222224
2020-03-11 10:00:00,2.418002387152778
2020-03-11 11:00:00,2.3580867513020833
2020-03-11 12:00:00,2.36417724609375
2020-03-11 13:00:00,2.488020562065972
2020-03-11 14:00:00,3.1398817274305557
2020-03-11 15:00:00,4.146226671006945
2020-03-11 16:00:00,4.651476779513889
2020-03-11 17:00:00,4.822355685763889
2020-03-11 18:00:00,4.8646826171875
2020-03-11 19:00:00,4.889063042534723
2020-03-11 20:00:00,4.816930338541667
2020-03-11 21:00:00,4.758717447916666
2020-03-11 22:00:00,4.78556640625
2020-03-11 23:00:00,4.826256510416667
2020-03-12 00:00:00,4.757939453125
2020-03-12 01:00:00,4.800222439236111
2020-03-12 02:00:00,4.784101019965278
2020-03-12 03:00:00,4.817911783854167
2020-03-12 04:00:00,4.822069227430555
2020-03-12 05:00:00,4.177661675347222
2020-03-12 06:00:00,2418.7533333333336
2020-03-12 07:00:00,2210.172777777778
2020-03-12 08:00:00,1.962332763671875
2020-03-12 09:00:00,1.9321025933159721
2020-03-12 10:00:00,2847.2
2020-03-12 11:00:00,1.9037144639756944
2020-03-12 12:00:00,1.873901638454861
2020-03-12 13:00:00,2.009041748046875
2020-03-12 14:00:00,2.1488326009114584
2020-03-12 15:00:00,2.789108615451389
2020-03-12 16:00:00,4.021673719618056
2020-03-12 17:00:00,4.44460205078125
2020-03-12 18:00:00,4.659516059027778
2020-03-12 19:00:00,4.748563910590278
2020-03-12 20:00:00,4.738454861111111
2020-03-12 21:00:00,4.737141927083333
2020-03-12 22:00:00,4.693536241319444
2020-03-12 23:00:00,4.743604600694445
2020-03-13 00:00:00,4.801725802951389
2020-03-13 01:00:00,4.7266796875
2020-03-13 02:00:00,4.720106336805555
2020-03-13 03:00:00,4.720340169270833
2020-03-13 04:00:00,4.6968505859375
2020-03-13 05:00:00,4.082352430555556
2020-03-13 06:00:00,1889.17375
2020-03-13 07:00:00,2636.9152777777776
2020-03-13 08:00:00,238.62326388888889
2020-03-13 09:00:00,2.156449788411458
2020-03-13 10:00:00,1.9026885308159722
2020-03-13 11:00:00,205.28166666666667
2020-03-13 12:00:00,2832.1666666666665
2020-03-13 13:00:00,2816.9308333333333
2020-03-13 14:00:00,2831.8527777777776
2020-03-13 15:00:00,2879.0627777777777
2020-03-13 16:00:00,1470.9152777777779
2020-03-13 17:00:00,4.374418674045139
2020-03-13 18:00:00,4.551995442708333
2020-03-13 19:00:00,4.655506184895834
2020-03-13 20:00:00,4.749833441840278
2020-03-13 21:00:00,4.820681423611111
2020-03-13 22:00:00,4.761265190972222
2020-03-13 23:00:00,4.600928819444444
2020-03-14 00:00:00,4.6881298828125
2020-03-14 01:00:00,4.738820529513889
2020-03-14 02:00:00,4.747679578993056
2020-03-14 03:00:00,4.731487630208333
2020-03-14 04:00:00,4.758056640625
2020-03-14 05:00:00,4.737597113715278
2020-03-14 06:00:00,2130.5983333333334
2020-03-14 07:00:00,2591.173333333333
2020-03-14 08:00:00,2595.0733333333333
2020-03-14 09:00:00,2610.7941666666666
2020-03-14 10:00:00,1390.2797222222223
2020-03-14 11:00:00,2.333764919704861
2020-03-14 12:00:00,2.4784722222222224
2020-03-14 13:00:00,3.2885386827256946
2020-03-14 14:00:00,4.773837890625
2020-03-14 15:00:00,5.119390733506944
2020-03-14 16:00:00,5.262845594618056
2020-03-14 17:00:00,5.167570529513889
2020-03-14 18:00:00,5.1881689453125
2020-03-14 19:00:00,5.1775092230902775
2020-03-14 20:00:00,5.217825520833333
2020-03-14 21:00:00,5.296330295138889
2020-03-14 22:00:00,5.232023654513889
2020-03-14 23:00:00,5.151291232638889
2020-03-15 00:00:00,5.198573133680555
2020-03-15 01:00:00,5.114778645833334
2020-03-15 02:00:00,5.159224175347222
2020-03-15 03:00:00,5.142903103298611
2020-03-15 04:00:00,5.148512912326389
2020-03-15 05:00:00,5.067710503472222
2020-03-15 06:00:00,2088.0630555555554
2020-03-15 07:00:00,2650.2883333333334
2020-03-15 08:00:00,2637.5558333333333
2020-03-15 09:00:00,638.3275
2020-03-15 10:00:00,2.0327658420138888
2020-03-15 11:00:00,2.028359917534722
2020-03-15 12:00:00,2.784771050347222
2020-03-15 13:00:00,4.123199327256945
2020-03-15 14:00:00,4.98849609375
2020-03-15 15:00:00,5.154289822048611
2020-03-15 16:00:00,5.2037977430555555
2020-03-15 17:00:00,5.278288845486111
2020-03-15 18:00:00,5.255912543402777
2020-03-15 19:00:00,5.300194769965278
2020-03-15 20:00:00,5.265496961805556
2020-03-15 21:00:00,5.263036024305555
2020-03-15 22:00:00,5.2439171006944445
2020-03-15 23:00:00,5.223318142361111
2020-03-16 00:00:00,5.1524452039930555
2020-03-16 01:00:00,5.232350260416666
2020-03-16 02:00:00,5.041895616319445
2020-03-16 03:00:00,5.145007052951389
2020-03-16 04:00:00,5.007896050347222
2020-03-16 05:00:00,2539.326666666667
2020-03-16 06:00:00,3289.286111111111
2020-03-16 07:00:00,2164.887638888889
2020-03-16 08:00:00,7172.212222222222
2020-03-16 09:00:00,8285.770555555555
2020-03-16 10:00:00,7434.704444444445
2020-03-16 11:00:00,5014.1866666666665
2020-03-16 12:00:00,4720.395
2020-03-16 13:00:00,2.289708658854167
2020-03-16 14:00:00,1548.5618055555556
2020-03-16 15:00:00,3.6131705729166668
2020-03-16 16:00:00,5.0543397352430555
2020-03-16 17:00:00,5.219861111111111
2020-03-16 18:00:00,5.107488606770834
2020-03-16 19:00:00,5.115525173611111
2020-03-16 20:00:00,5.0677322048611115
2020-03-16 21:00:00,5.006217447916667
2020-03-16 22:00:00,4.7699175347222225
2020-03-16 23:00:00,4.789724934895833
2020-03-17 00:00:00,4.860987413194445
2020-03-17 01:00:00,4.998666449652778
2020-03-17 02:00:00,4.927301432291666
2020-03-17 03:00:00,4.802291124131944
2020-03-17 04:00:00,4.861067708333334
2020-03-17 05:00:00,4.3316943359375
2020-03-17 06:00:00,2482.123611111111
2020-03-17 07:00:00,1222.4694444444444
2020-03-17 08:00:00,1.7660141330295138
2020-03-17 09:00:00,2468.9644444444443
2020-03-17 10:00:00,845.8333333333334
2020-03-17 11:00:00,541.2138888888888
2020-03-17 12:00:00,1.8431540256076389
2020-03-17 13:00:00,1.9797287326388888
2020-03-17 14:00:00,2464.2116666666666
2020-03-17 15:00:00,1126.2102083333334
2020-03-17 16:00:00,3.5262337239583332
2020-03-17 17:00:00,3.9848117404513888
2020-03-17 18:00:00,4.16137451171875
2020-03-17 19:00:00,4.225437282986111
2020-03-17 20:00:00,4.18843505859375
2020-03-17 21:00:00,4.149708116319444
2020-03-17 22:00:00,4.831402994791667
2020-03-17 23:00:00,4.849094509548611
2020-03-18 00:00:00,4.858912760416667
2020-03-18 01:00:00,4.941471354166667
2020-03-18 02:00:00,4.816829969618055
2020-03-18 03:00:00,4.85576171875
2020-03-18 04:00:00,4.514984809027778
2020-03-18 05:00:00,3.5736686197916665
2020-03-18 06:00:00,2617.6941666666667
2020-03-18 07:00:00,4773.972777777778
2020-03-18 08:00:00,681.4325694444444
2020-03-18 09:00:00,2.301078830295139
2020-03-18 10:00:00,924.0225
2020-03-18 11:00:00,1902.076388888889
2020-03-18 12:00:00,5575.538888888889
2020-03-18 13:00:00,2977.721111111111
2020-03-18 14:00:00,328.4272222222222
2020-03-18 15:00:00,2.7180243598090277
2020-03-18 16:00:00,3.6242160373263888
2020-03-18 17:00:00,4.03374755859375
2020-03-18 18:00:00,4.212626139322917
2020-03-18 19:00:00,4.185026584201389
2020-03-18 20:00:00,4.135742730034722
2020-03-18 21:00:00,4.202640516493055
2020-03-18 22:00:00,4.8310758463541665
2020-03-18 23:00:00,4.866877712673611
2020-03-19 00:00:00,4.8948784722222225
2020-03-19 01:00:00,4.864343532986111
2020-03-19 02:00:00,4.876502007378472
2020-03-19 03:00:00,4.898411458333333
2020-03-19 04:00:00,4.510162760416667
2020-03-19 05:00:00,3.6706651475694443
2020-03-19 06:00:00,2381.9141666666665
2020-03-19 07:00:00,2668.3077777777776
2020-03-19 08:00:00,357.26434027777776
2020-03-19 09:00:00,1.7235514322916667
2020-03-19 10:00:00,2295.255833333333
2020-03-19 11:00:00,1.6063629828559027
2020-03-19 12:00:00,4912.345555555556
2020-03-19 13:00:00,3499.0422222222223
2020-03-19 14:00:00,1316.6159722222221
2020-03-19 15:00:00,327.55065972222224
2020-03-19 16:00:00,3.559355740017361
2020-03-19 17:00:00,4.037865668402778
2020-03-19 18:00:00,4.169772677951389
2020-03-19 19:00:00,4.157973904079861
2020-03-19 20:00:00,4.189091796875
2020-03-19 21:00:00,4.162710503472222
2020-03-19 22:00:00,4.739257269965278
2020-03-19 23:00:00,4.853231336805556
2020-03-20 00:00:00,4.999581705729167
2020-03-20 01:00:00,4.8763617621527775
2020-03-20 02:00:00,4.851984592013889
2020-03-20 03:00:00,4.829792209201389
2020-03-20 04:00:00,4.456915690104167
2020-03-20 05:00:00,3.6093375651041666
2020-03-20 06:00:00,2241.2816666666668
2020-03-20 07:00:00,2680.011111111111
2020-03-20 08:00:00,1.7195095486111112
2020-03-20 09:00:00,2205.103472222222
2020-03-20 10:00:00,2617.7038888888887
2020-03-20 11:00:00,510.8659375
2020-03-20 12:00:00,288.40510416666666
2020-03-20 13:00:00,2312.639722222222
2020-03-20 14:00:00,2920.8858333333333
2020-03-20 15:00:00,3031.3544444444447
2020-03-20 16:00:00,581.1834722222222
2020-03-20 17:00:00,3.8173980034722224
2020-03-20 18:00:00,4.081229926215277
2020-03-20 19:00:00,4.107456597222222
2020-03-20 20:00:00,4.38135009765625
2020-03-20 21:00:00,4.0890120442708335
2020-03-20 22:00:00,4.618893229166667
2020-03-20 23:00:00,4.6794287109375
2020-03-21 00:00:00,4.717536892361111
2020-03-21 01:00:00,4.651379665798611
2020-03-21 02:00:00,4.523646647135417
2020-03-21 03:00:00,4.584456922743056
2020-03-21 04:00:00,4.1885818142361115
2020-03-21 05:00:00,444.7964236111111
2020-03-21 06:00:00,2628.771388888889
2020-03-21 07:00:00,420.83208333333334
2020-03-21 08:00:00,775.0443055555555
2020-03-21 09:00:00,2647.8611111111113
2020-03-21 10:00:00,1514.3431944444444
2020-03-21 11:00:00,2.1905150010850694
2020-03-21 12:00:00,3.5688975694444443
2020-03-21 13:00:00,4.199368760850694
2020-03-21 14:00:00,4.1474221462673615
2020-03-21 15:00:00,4.035545789930556
2020-03-21 16:00:00,3.8903879123263887
2020-03-21 17:00:00,3.8378624131944443
2020-03-21 18:00:00,3.8236406792534723
2020-03-21 19:00:00,3.8712345377604165
2020-03-21 20:00:00,3.9228192816840277
2020-03-21 21:00:00,3.943142632378472
2020-03-21 22:00:00,4.691763780381945
2020-03-21 23:00:00,4.497382269965278
2020-03-22 00:00:00,4.520374891493056
2020-03-22 01:00:00,4.4522691514756945
2020-03-22 02:00:00,4.3193603515625
2020-03-22 03:00:00,4.2403336588541665
2020-03-22 04:00:00,3.8021367730034723
2020-03-22 05:00:00,634.1261805555556
2020-03-22 06:00:00,2698.2233333333334
2020-03-22 07:00:00,2700.7727777777777
2020-03-22 08:00:00,674.4320138888888
2020-03-22 09:00:00,1.8844788953993055
2020-03-22 10:00:00,2.9149940321180554
2020-03-22 11:00:00,3.7222884114583334
2020-03-22 12:00:00,4.252498914930555
2020-03-22 13:00:00,3.9692838541666666
2020-03-22 14:00:00,3.7358211263020835
2020-03-22 15:00:00,3.64476318359375
2020-03-22 16:00:00,3.6425260416666667
2020-03-22 17:00:00,3.6903998480902778
2020-03-22 18:00:00,3.6670855034722223
2020-03-22 19:00:00,3.659579535590278
2020-03-22 20:00:00,3.6137093098958335
2020-03-22 21:00:00,3.5787760416666665
2020-03-22 22:00:00,4.2211290147569445
2020-03-22 23:00:00,4.162622612847223
2020-03-23 00:00:00,4.128859592013889
2020-03-23 01:00:00,4.0653857421875
2020-03-23 02:00:00,4.080368923611111
2020-03-23 03:00:00,4.077810601128472
2020-03-23 04:00:00,3.5380870225694445
2020-03-23 05:00:00,687.9622222222222
2020-03-23 06:00:00,3643.1216666666664
2020-03-23 07:00:00,6940.68
2020-03-23 08:00:00,6656.156111111111
2020-03-23 09:00:00,8165.440555555556
2020-03-23 10:00:00,7971.257777777778
2020-03-23 11:00:00,4894.775
2020-03-23 12:00:00,7204.105
2020-03-23 13:00:00,3385.3816666666667
2020-03-23 14:00:00,2675.9283333333333
2020-03-23 15:00:00,3.817543402777778
2020-03-23 16:00:00,3.932678493923611
2020-03-23 17:00:00,3.489429253472222
2020-03-23 18:00:00,3.318892144097222
2020-03-23 19:00:00,3.2803230794270832
2020-03-23 20:00:00,3.2621839735243054
2020-03-23 21:00:00,3.2231114366319447
2020-03-23 22:00:00,3.758591851128472
2020-03-23 23:00:00,3.7960438368055556
2020-03-24 00:00:00,3.6020331488715276
2020-03-24 01:00:00,3.532188042534722
2020-03-24 02:00:00,3.592667643229167
2020-03-24 03:00:00,3.6127750651041666
2020-03-24 04:00:00,3.3819864908854167
2020-03-24 05:00:00,3.016027018229167
2020-03-24 06:00:00,1468.5997222222222
2020-03-24 07:00:00,2704.9591666666665
2020-03-24 08:00:00,2877.6283333333336
2020-03-24 09:00:00,3146.931666666667
2020-03-24 10:00:00,1510.6329166666667
2020-03-24 11:00:00,3.350780707465278
2020-03-24 12:00:00,5077.752777777778
2020-03-24 13:00:00,7960.51
2020-03-24 14:00:00,8202.106666666667
2020-03-24 15:00:00,213.16309027777777
2020-03-24 16:00:00,4.207574869791666
2020-03-24 17:00:00,4.111532931857639
2020-03-24 18:00:00,4.070523817274306
2020-03-24 19:00:00,3.855574001736111
2020-03-24 20:00:00,3.9754009331597224
2020-03-24 21:00:00,3.8761265733506947
2020-03-24 22:00:00,3.8244287109375
2020-03-24 23:00:00,3.8771880425347223
2020-03-25 00:00:00,3.8660712348090276
2020-03-25 01:00:00,3.826228298611111
2020-03-25 02:00:00,3.8330924479166666
2020-03-25 03:00:00,3.816465115017361
2020-03-25 04:00:00,3.8026942274305555
2020-03-25 05:00:00,3.882873263888889
2020-03-25 06:00:00,2622.448888888889
2020-03-25 07:00:00,2759.0316666666668
2020-03-25 08:00:00,827.8525
2020-03-25 09:00:00,3.9715223524305556
2020-03-25 10:00:00,4.186321614583333
2020-03-25 11:00:00,4.268703342013889
2020-03-25 12:00:00,2498.2444444444445
2020-03-25 13:00:00,2965.6916666666666
2020-03-25 14:00:00,2879.6566666666668
2020-03-25 15:00:00,581.1059722222222
2020-03-25 16:00:00,4.992599826388889
2020-03-25 17:00:00,4.7229150390625
2020-03-25 18:00:00,4.5756494140625
2020-03-25 19:00:00,4.558692491319444
2020-03-25 20:00:00,4.612103949652778
2020-03-25 21:00:00,4.6113623046875
2020-03-25 22:00:00,4.44891845703125
2020-03-25 23:00:00,4.4351424153645835
2020-03-26 00:00:00,4.330500217013889
2020-03-26 01:00:00,4.332011990017361
2020-03-26 02:00:00,4.340443250868056
2020-03-26 03:00:00,4.307731662326389
2020-03-26 04:00:00,4.2884765625
2020-03-26 05:00:00,3.6380729166666668
2020-03-26 06:00:00,2636.7894444444446
2020-03-26 07:00:00,2968.3944444444446
2020-03-26 08:00:00,215.21017361111112
2020-03-26 09:00:00,334.03798611111114
2020-03-26 10:00:00,4809.165555555555
2020-03-26 11:00:00,3.216824273003472
2020-03-26 12:00:00,4.775320095486111
2020-03-26 13:00:00,4.778174913194444
2020-03-26 14:00:00,945.17875
2020-03-26 15:00:00,2215.04
2020-03-26 16:00:00,5.160456814236111
2020-03-26 17:00:00,4.76994140625
2020-03-26 18:00:00,4.608313259548611
2020-03-26 19:00:00,4.511490885416666
2020-03-26 20:00:00,4.4477739800347225
2020-03-26 21:00:00,4.364261338975695
2020-03-26 22:00:00,4.066193033854167
2020-03-26 23:00:00,4.048393012152777
2020-03-27 00:00:00,4.032960611979167
2020-03-27 01:00:00,4.002974446614584
2020-03-27 02:00:00,4.008416341145833
2020-03-27 03:00:00,3.959957953559028
2020-03-27 04:00:00,4.173555501302084
2020-03-27 05:00:00,3.670568033854167
2020-03-27 06:00:00,2170.290138888889
2020-03-27 07:00:00,2890.8683333333333
2020-03-27 08:00:00,815.7034722222222
2020-03-27 09:00:00,2010.9269444444444
2020-03-27 10:00:00,2828.1183333333333
2020-03-27 11:00:00,2936.3594444444443
2020-03-27 12:00:00,984.6888888888889
2020-03-27 13:00:00,1827.1445833333332
2020-03-27 14:00:00,2809.393888888889
2020-03-27 15:00:00,889.1443055555555
2020-03-27 16:00:00,4.8863720703125
2020-03-27 17:00:00,4.947384440104167
2020-03-27 18:00:00,4.960151909722223
2020-03-27 19:00:00,4.908594292534723
2020-03-27 20:00:00,4.904384765625
2020-03-27 21:00:00,4.869575737847223
2020-03-27 22:00:00,4.869631076388889
2020-03-27 23:00:00,4.8554296875
2020-03-28 00:00:00,4.875250108506944
2020-03-28 01:00:00,4.906618381076389
2020-03-28 02:00:00,4.921790907118056
2020-03-28 03:00:00,4.995668402777778
2020-03-28 04:00:00,4.923259548611111
2020-03-28 05:00:00,4.871148003472222
2020-03-28 06:00:00,2363.7455555555557
2020-03-28 07:00:00,2772.96
2020-03-28 08:00:00,26.1532421875
2020-03-28 09:00:00,2542.7238888888887
2020-03-28 10:00:00,2396.04
2020-03-28 11:00:00,5.098459743923611
2020-03-28 12:00:00,216.5784375
2020-03-28 13:00:00,4.9599012586805555
2020-03-28 14:00:00,5.018625759548611
2020-03-28 15:00:00,4.995639105902778
2020-03-28 16:00:00,4.949010959201389
2020-03-28 17:00:00,4.934950629340277
2020-03-28 18:00:00,4.93234375
2020-03-28 19:00:00,4.955213216145833
2020-03-28 20:00:00,4.951648220486111
2020-03-28 21:00:00,5.056130642361111
2020-03-28 22:00:00,5.050079752604167
2020-03-28 23:00:00,4.945594075520833
2020-03-29 00:00:00,5.042734917534722
2020-03-29 01:00:00,4.963811848958334
2020-03-29 02:00:00,4.8576888020833335
2020-03-29 03:00:00,4.713167317708334
2020-03-29 04:00:00,4.7539252387152775
2020-03-29 05:00:00,2197.7833333333333
2020-03-29 06:00:00,2830.101111111111
2020-03-29 07:00:00,2822.68
2020-03-29 08:00:00,666.4592361111111
2020-03-29 09:00:00,3.8086832682291667
2020-03-29 10:00:00,661.7245833333334
2020-03-29 11:00:00,4.889240451388889
2020-03-29 12:00:00,4.990300564236111
2020-03-29 13:00:00,4.881068793402778
2020-03-29 14:00:00,4.935625542534722
2020-03-29 15:00:00,4.903439127604167
2020-03-29 16:00:00,4.805858289930556
2020-03-29 17:00:00,4.760220811631944
2020-03-29 18:00:00,4.860646701388889
2020-03-29 19:00:00,4.901422526041666
2020-03-29 20:00:00,4.854325086805556
2020-03-29 21:00:00,4.940196397569444
2020-03-29 22:00:00,4.939831814236111
2020-03-29 23:00:00,4.913613823784722
2020-03-30 00:00:00,4.821422526041666
2020-03-30 01:00:00,4.886729600694444
2020-03-30 02:00:00,4.968479275173611
2020-03-30 03:00:00,4.875580512152778
2020-03-30 04:00:00,2321.4569444444446
2020-03-30 05:00:00,2884.6366666666668
2020-03-30 06:00:00,7602.416111111111
2020-03-30 07:00:00,6203.3983333333335
2020-03-30 08:00:00,7949.885555555556
2020-03-30 09:00:00,8449.47
2020-03-30 10:00:00,5509.887777777778
2020-03-30 11:00:00,5406.037777777778
2020-03-30 12:00:00,5479.073333333334
2020-03-30 13:00:00,3497.6022222222223
2020-03-30 14:00:00,1763.1930555555555
2020-03-30 15:00:00,4.713503689236111
2020-03-30 16:00:00,4.9466259765625
2020-03-30 17:00:00,4.796638454861111
2020-03-30 18:00:00,4.618656684027778
2020-03-30 19:00:00,4.659302842881944
2020-03-30 20:00:00,4.595833333333333
2020-03-30 21:00:00,4.543169759114583
2020-03-30 22:00:00,4.5934912109375
2020-03-30 23:00:00,4.611062282986111
2020-03-31 00:00:00,4.609782986111111
2020-03-31 01:00:00,4.643134223090278
2020-03-31 02:00:00,4.662839626736111
2020-03-31 03:00:00,4.626655815972223
2020-03-31 04:00:00,4.101901041666666
2020-03-31 05:00:00,2182.9266666666667
2020-03-31 06:00:00,2676.8372222222224
2020-03-31 07:00:00,571.5658680555556
2020-03-31 08:00:00,1727.1179166666666
2020-03-31 09:00:00,2749.451666666667
2020-03-31 10:00:00,873.3208333333333
2020-03-31 11:00:00,3797.9105555555557
2020-03-31 12:00:00,7231.95
2020-03-31 13:00:00,8469.19
2020-03-31 14:00:00,1425.7131944444445
2020-03-31 15:00:00,3.9697450086805555
2020-03-31 16:00:00,4.059867621527777
2020-03-31 17:00:00,4.030324435763889
2020-03-31 18:00:00,4.0368429904513885
2020-03-31 19:00:00,4.028041449652778
2020-03-31 20:00:00,4.094694010416666
2020-03-31 21:00:00,4.081473253038195
2020-03-31 22:00:00,3.9776546223958333
2020-03-31 23:00:00,3.9807782660590276
2020-04-01 00:00:00,3.9400431315104165
2020-04-01 01:00:00,4.087468804253472
2020-04-01 02:00:00,4.100961371527778
2020-04-01 03:00:00,4.0971875
2020-04-01 04:00:00,3.781602105034722
2020-04-01 05:00:00,1585.326388888889
2020-04-01 06:00:00,2669.3327777777777
2020-04-01 07:00:00,131.34756944444445
2020-04-01 08:00:00,1.5157225206163194
2020-04-01 09:00:00,1.5380369737413195
2020-04-01 10:00:00,1.4530750868055555
2020-04-01 11:00:00,1.9004524739583333
2020-04-01 12:00:00,343.8857638888889
2020-04-01 13:00:00,2593.5616666666665
2020-04-01 14:00:00,258.07385416666665
2020-04-01 15:00:00,1.8655517578125
2020-04-01 16:00:00,2.3051242404513888
2020-04-01 17:00:00,2.4779484049479166
2020-04-01 18:00:00,2.507721896701389
2020-04-01 19:00:00,2.5574378797743056
2020-04-01 20:00:00,2.6172216796875
2020-04-01 21:00:00,2.694302029079861
2020-04-01 22:00:00,2.654379611545139
2020-04-01 23:00:00,2.6610630967881943
2020-04-02 00:00:00,2.6296261935763887
2020-04-02 01:00:00,2.6768500434027778
2020-04-02 02:00:00,2.6493240017361113
2020-04-02 03:00:00,2.6537928602430556
2020-04-02 04:00:00,2.8464778645833335
2020-04-02 05:00:00,1865.6269444444445
2020-04-02 06:00:00,2670.717222222222
2020-04-02 07:00:00,817.6654166666667
2020-04-02 08:00:00,2.330024956597222
2020-04-02 09:00:00,3330.6911111111112
2020-04-02 10:00:00,1.471631130642361
2020-04-02 11:00:00,1.6424842664930555
2020-04-02 12:00:00,1522.9591666666668
2020-04-02 13:00:00,1385.9591666666668
2020-04-02 14:00:00,3.776001247829861
2020-04-02 15:00:00,4.272367621527778
2020-04-02 16:00:00,4.175311686197917
2020-04-02 17:00:00,4.204321831597222
2020-04-02 18:00:00,4.555877278645833
2020-04-02 19:00:00,4.5461005316840275
2020-04-02 20:00:00,4.182784016927084
2020-04-02 21:00:00,4.142180447048611
2020-04-02 22:00:00,4.168021104600695
2020-04-02 23:00:00,4.130870225694444
2020-04-03 00:00:00,4.071383463541666
2020-04-03 01:00:00,4.101360677083333
2020-04-03 02:00:00,3.985498860677083
2020-04-03 03:00:00,3.9287752278645836
2020-04-03 04:00:00,3.6320125325520833
2020-04-03 05:00:00,1884.2768055555555
2020-04-03 06:00:00,2645.93
2020-04-03 07:00:00,733.6143055555556
2020-04-03 08:00:00,1.7983444552951389
2020-04-03 09:00:00,1.5456939019097222
2020-04-03 10:00:00,2.772073025173611
2020-04-03 11:00:00,2192.92
2020-04-03 12:00:00,2588.3733333333334
2020-04-03 13:00:00,2553.342777777778
2020-04-03 14:00:00,2.847734375
2020-04-03 15:00:00,4.190800238715278
2020-04-03 16:00:00,4.275280490451389
2020-04-03 17:00:00,4.2150439453125
2020-04-03 18:00:00,4.213347439236111
2020-04-03 19:00:00,4.223845486111111
2020-04-03 20:00:00,4.161094835069444
2020-04-03 21:00:00,4.031846788194445
2020-04-03 22:00:00,4.064826388888889
2020-04-03 23:00:00,3.9533775499131942
2020-04-04 00:00:00,3.9565882703993056
2020-04-04 01:00:00,3.996528862847222
2020-04-04 02:00:00,4.013916558159722
2020-04-04 03:00:00,3.993002387152778
2020-04-04 04:00:00,3.8935362413194445
2020-04-04 05:00:00,2201.913472222222
2020-04-04 06:00:00,732.4832638888889
2020-04-04 07:00:00,406.465
2020-04-04 08:00:00,2638.8952777777777
2020-04-04 09:00:00,2725.6644444444446
2020-04-04 10:00:00,521.1992708333333
2020-04-04 11:00:00,2.3422791883680554
2020-04-04 12:00:00,3.3655938042534723
2020-04-04 13:00:00,4.108404134114584
2020-04-04 14:00:00,4.2393994140625
2020-04-04 15:00:00,4.202667643229167
2020-04-04 16:00:00,4.135168728298611
2020-04-04 17:00:00,4.188581271701389
2020-04-04 18:00:00,4.149569769965278
2020-04-04 19:00:00,4.286829427083333
2020-04-04 20:00:00,4.198238661024305
2020-04-04 21:00:00,4.162357042100695
2020-04-04 22:00:00,4.194838324652777
2020-04-04 23:00:00,4.080453830295139
2020-04-05 00:00:00,4.1727522786458335
2020-04-05 01:00:00,4.168983018663194
2020-04-05 02:00:00,4.060925835503472
2020-04-05 03:00:00,4.077065972222222
2020-04-05 04:00:00,3.9500547960069445
2020-04-05 05:00:00,2343.776388888889
2020-04-05 06:00:00,2710.7630555555556
2020-04-05 07:00:00,1620.0216666666668
2020-04-05 08:00:00,1.6532222493489583
2020-04-05 09:00:00,1.5528824869791666
2020-04-05 10:00:00,1.6290266927083332
2020-04-05 11:00:00,3.4136086018880207
2020-04-05 12:00:00,4.167726236979167
2020-04-05 13:00:00,4.237132703993056
2020-04-05 14:00:00,4.168091362847222
2020-04-05 15:00:00,4.150837131076389
2020-04-05 16:00:00,4.059782986111111
2020-04-05 17:00:00,4.07941162109375
2020-04-05 18:00:00,4.080337456597222
2020-04-05 19:00:00,4.1551611328125
2020-04-05 20:00:00,4.148827039930556
2020-04-05 21:00:00,4.17808837890625
2020-04-05 22:00:00,4.188722601996528
2020-04-05 23:00:00,4.227518174913194
2020-04-06 00:00:00,4.136742621527778
2020-04-06 01:00:00,4.139463704427083
2020-04-06 02:00:00,4.1432090928819445
2020-04-06 03:00:00,4.466826985677083
2020-04-06 04:00:00,2391.7166666666667
2020-04-06 05:00:00,3222.885
2020-04-06 06:00:00,7569.55
2020-04-06 07:00:00,5473.1866666666665
2020-04-06 08:00:00,8078.121666666667
2020-04-06 09:00:00,7387.477222222222
2020-04-06 10:00:00,5191.547777777778
2020-04-06 11:00:00,4956.29
2020-04-06 12:00:00,7292.591666666666
2020-04-06 13:00:00,3371.3088888888888
2020-04-06 14:00:00,595.2524305555555
2020-04-06 15:00:00,2.907171223958333
2020-04-06 16:00:00,3.6656239149305554
2020-04-06 17:00:00,3.9656168619791665
2020-04-06 18:00:00,4.083942599826389
2020-04-06 19:00:00,4.073987630208333
2020-04-06 20:00:00,4.156331922743056
2020-04-06 21:00:00,4.109208441840278
2020-04-06 22:00:00,4.120124782986111
2020-04-06 23:00:00,4.000152180989583
2020-04-07 00:00:00,4.107140299479167
2020-04-07 01:00:00,4.03125732421875
2020-04-07 02:00:00,4.10894287109375
2020-04-07 03:00:00,4.065244140625
2020-04-07 04:00:00,3.5244034830729167
2020-04-07 05:00:00,2304.2725
2020-04-07 06:00:00,5067.792222222222
2020-04-07 07:00:00,2866.8419444444444
2020-04-07 08:00:00,2661.5325
2020-04-07 09:00:00,3238.2058333333334
2020-04-07 10:00:00,2996.697222222222
2020-04-07 11:00:00,8651.098333333333
2020-04-07 12:00:00,6745.741111111111
2020-04-07 13:00:00,1.986738552517361
2020-04-07 14:00:00,2.961220703125
2020-04-07 15:00:00,4.167362196180555
2020-04-07 16:00:00,4.480501030815972
2020-04-07 17:00:00,4.635856119791667
2020-04-07 18:00:00,4.662912868923611
2020-04-07 19:00:00,4.641613498263889
2020-04-07 20:00:00,4.640096571180556
2020-04-07 21:00:00,4.661432291666666
2020-04-07 22:00:00,4.639722222222222
2020-04-07 23:00:00,4.6336073133680555
2020-04-08 00:00:00,4.628106011284722
2020-04-08 01:00:00,4.604522569444445
2020-04-08 02:00:00,4.632048611111111
2020-04-08 03:00:00,4.723617621527778
2020-04-08 04:00:00,3.949348687065972
2020-04-08 05:00:00,2357.0633333333335
2020-04-08 06:00:00,2632.206111111111
2020-04-08 07:00:00,2674.931666666667
2020-04-08 08:00:00,608.2538888888889
2020-04-08 09:00:00,1.8740169270833333
2020-04-08 10:00:00,1.8309176974826389
2020-04-08 11:00:00,1.8407666015625
2020-04-08 12:00:00,4116.643333333333
2020-04-08 13:00:00,3.152590060763889
2020-04-08 14:00:00,4.3938178168402775
2020-04-08 15:00:00,4.561424696180556
2020-04-08 16:00:00,4.625297309027777
2020-04-08 17:00:00,4.631056857638889
2020-04-08 18:00:00,4.634048394097222
2020-04-08 19:00:00,4.698032769097222
2020-04-08 20:00:00,4.629663628472223
2020-04-08 21:00:00,4.6640576171875
2020-04-08 22:00:00,4.6972048611111115
2020-04-08 23:00:00,4.626005859375
2020-04-09 00:00:00,4.6141959635416665
2020-04-09 01:00:00,4.6880859375
2020-04-09 02:00:00,4.633573133680556
2020-04-09 03:00:00,4.574994574652778
2020-04-09 04:00:00,4.569377170138889
2020-04-09 05:00:00,2494.5777777777776
2020-04-09 06:00:00,2714.092777777778
2020-04-09 07:00:00,773.4893055555556
2020-04-09 08:00:00,2102.987222222222
2020-04-09 09:00:00,2.592689887152778
2020-04-09 10:00:00,70.45724392361112
2020-04-09 11:00:00,1845.0011111111112
2020-04-09 12:00:00,149.94845486111112
2020-04-09 13:00:00,2616.7433333333333
2020-04-09 14:00:00,1416.2666666666667
2020-04-09 15:00:00,4.492542860243056
2020-04-09 16:00:00,4.802489691840278
2020-04-09 17:00:00,4.743435872395834
2020-04-09 18:00:00,4.628289930555556
2020-04-09 19:00:00,4.601620008680555
2020-04-09 20:00:00,4.578127170138889
2020-04-09 21:00:00,4.486565755208333
2020-04-09 22:00:00,4.4899460177951385
2020-04-09 23:00:00,4.378287217881945
2020-04-10 00:00:00,4.19629638671875
2020-04-10 01:00:00,4.293454861111111
2020-04-10 02:00:00,4.201378038194444
2020-04-10 03:00:00,4.187452256944445
2020-04-10 04:00:00,3.740348849826389
2020-04-10 05:00:00,2502.1022222222223
2020-04-10 06:00:00,2645.6983333333333
2020-04-10 07:00:00,1114.544375
2020-04-10 08:00:00,2.877588433159722
2020-04-10 09:00:00,4.558731011284722
2020-04-10 10:00:00,3.381655815972222
2020-04-10 11:00:00,3.618359375
2020-04-10 12:00:00,2682.211111111111
2020-04-10 13:00:00,490.4289236111111
2020-04-10 14:00:00,4.688646375868055
2020-04-10 15:00:00,4.588409288194445
2020-04-10 16:00:00,4.283258463541666
2020-04-10 17:00:00,4.107897135416667
2020-04-10 18:00:00,4.158026801215278
2020-04-10 19:00:00,4.1078873697916665
2020-04-10 20:00:00,4.084528537326389
2020-04-10 21:00:00,3.9708932834201387
2020-04-10 22:00:00,3.971230197482639
2020-04-10 23:00:00,4.023665907118056
2020-04-11 00:00:00,3.9794851345486113
2020-04-11 01:00:00,4.037710774739583
2020-04-11 02:00:00,3.950927463107639
2020-04-11 03:00:00,3.919233940972222
2020-04-11 04:00:00,3.54094482421875
2020-04-11 05:00:00,2433.407777777778
2020-04-11 06:00:00,876.8815972222222
2020-04-11 07:00:00,3.2622330729166666
2020-04-11 08:00:00,550.056875
2020-04-11 09:00:00,117.92483506944444
2020-04-11 10:00:00,3.811539984809028
2020-04-11 11:00:00,4.563044162326389
2020-04-11 12:00:00,4.7591341145833335
2020-04-11 13:00:00,4.510413140190972
2020-04-11 14:00:00,4.3533642578125
2020-04-11 15:00:00,4.275723741319444
2020-04-11 16:00:00,4.132516004774305
2020-04-11 17:00:00,4.1825151909722225
2020-04-11 18:00:00,4.3142041015625
2020-04-11 19:00:00,4.426362847222222
2020-04-11 20:00:00,4.330165473090278
2020-04-11 21:00:00,4.18466064453125
2020-04-11 22:00:00,4.172564561631944
2020-04-11 23:00:00,4.326590711805555
2020-04-12 00:00:00,4.234781901041667
2020-04-12 01:00:00,4.108558485243056
2020-04-12 02:00:00,4.130893012152778
2020-04-12 03:00:00,3.9955436197916665
2020-04-12 04:00:00,3.9801014539930555
2020-04-12 05:00:00,2308.1358333333333
2020-04-12 06:00:00,2651.241111111111
2020-04-12 07:00:00,2013.7643055555557
2020-04-12 08:00:00,1.8959602864583334
2020-04-12 09:00:00,1.829165310329861
2020-04-12 10:00:00,2.32337890625
2020-04-12 11:00:00,4.019094509548611
2020-04-12 12:00:00,4.642797309027777
2020-04-12 13:00:00,4.7547775607638885
2020-04-12 14:00:00,4.7484375
2020-04-12 15:00:00,4.69548828125
2020-04-12 16:00:00,4.734753146701389
2020-04-12 17:00:00,4.713212348090278
2020-04-12 18:00:00,4.6599267578125
2020-04-12 19:00:00,4.834622395833334
2020-04-12 20:00:00,4.862911241319445
2020-04-12 21:00:00,4.813041449652777
2020-04-12 22:00:00,4.824714626736111
2020-04-12 23:00:00,4.760197482638889
2020-04-13 00:00:00,4.731541883680555
2020-04-13 01:00:00,4.691991102430555
2020-04-13 02:00:00,4.665696072048611
2020-04-13 03:00:00,4.5864051649305555
2020-04-13 04:00:00,2551.554722222222
2020-04-13 05:00:00,4469.428333333333
2020-04-13 06:00:00,6675.514444444444
2020-04-13 07:00:00,5219.295
2020-04-13 08:00:00,6647.785555555555
2020-04-13 09:00:00,7471.312777777778
2020-04-13 10:00:00,4904.01
2020-04-13 11:00:00,5240.910555555555
2020-04-13 12:00:00,7369.0488888888885
2020-04-13 13:00:00,3630.492222222222
2020-04-13 14:00:00,3.8492643229166665
2020-04-13 15:00:00,4.644440646701389
2020-04-13 16:00:00,4.351671006944445
2020-04-13 17:00:00,4.080104437934028
2020-04-13 18:00:00,3.7885595703125
2020-04-13 19:00:00,3.743671603732639
2020-04-13 20:00:00,3.676946072048611
2020-04-13 21:00:00,3.777685004340278
2020-04-13 22:00:00,3.642897135416667
2020-04-13 23:00:00,3.6363856336805553
2020-04-14 00:00:00,3.6191167534722224
2020-04-14 01:00:00,3.5591048177083335
2020-04-14 02:00:00,3.749272732204861
2020-04-14 03:00:00,3.602620171440972
2020-04-14 04:00:00,3.5503306749131944
2020-04-14 05:00:00,1663.13125
2020-04-14 06:00:00,2801.402777777778
2020-04-14 07:00:00,430.11597222222224
2020-04-14 08:00:00,1203.8209722222223
2020-04-14 09:00:00,2716.4519444444445
2020-04-14 10:00:00,131.73875868055555
2020-04-14 11:00:00,8107.953888888889
2020-04-14 12:00:00,8397.211111111112
2020-04-14 13:00:00,6787.094444444445
2020-04-14 14:00:00,51.12646701388889
2020-04-14 15:00:00,4.165911187065972
2020-04-14 16:00:00,4.053211263020834
2020-04-14 17:00:00,3.946608344184028
2020-04-14 18:00:00,3.8951991102430554
2020-04-14 19:00:00,3.9096671549479165
2020-04-14 20:00:00,3.9401334635416667
2020-04-14 21:00:00,3.928940972222222
2020-04-14 22:00:00,4.021008843315972
2020-04-14 23:00:00,4.096876085069445
2020-04-15 00:00:00,3.98949462890625
2020-04-15 01:00:00,3.954604220920139
2020-04-15 02:00:00,4.004670138888889
2020-04-15 03:00:00,3.9365616861979165
2020-04-15 04:00:00,4.145723741319444
2020-04-15 05:00:00,2442.6991666666668
2020-04-15 06:00:00,2721.833888888889
2020-04-15 07:00:00,679.2853472222222
2020-04-15 08:00:00,1.9407750108506945
2020-04-15 09:00:00,2.6702983940972222
2020-04-15 10:00:00,3.99443603515625
2020-04-15 11:00:00,969.128125
2020-04-15 12:00:00,3036.3327777777777
2020-04-15 13:00:00,2982.641111111111
2020-04-15 14:00:00,4.7821533203125
2020-04-15 15:00:00,4.760414496527778
2020-04-15 16:00:00,4.866819661458333
2020-04-15 17:00:00,4.759927300347222
2020-04-15 18:00:00,4.641213650173611
2020-04-15 19:00:00,4.729812282986111
2020-04-15 20:00:00,4.819105902777777
2020-04-15 21:00:00,4.829308268229167
2020-04-15 22:00:00,4.603801540798611
2020-04-15 23:00:00,4.676884223090278
2020-04-16 00:00:00,4.605783420138889
2020-04-16 01:00:00,4.589669053819445
2020-04-16 02:00:00,4.580896267361111
2020-04-16 03:00:00,4.500371636284722
2020-04-16 04:00:00,3.929736328125
2020-04-16 05:00:00,2491.862222222222
2020-04-16 06:00:00,2606.6866666666665
2020-04-16 07:00:00,1.7800588650173612
2020-04-16 08:00:00,1396.930138888889
2020-04-16 09:00:00,2227.348611111111
2020-04-16 10:00:00,1.7093299696180555
2020-04-16 11:00:00,2.933119303385417
2020-04-16 12:00:00,194.56890625
2020-04-16 13:00:00,1680.0402777777779
2020-04-16 14:00:00,4.376646864149306
2020-04-16 15:00:00,4.751684027777777
2020-04-16 16:00:00,4.870610894097222
2020-04-16 17:00:00,4.720831705729167
2020-04-16 18:00:00,4.673680013020833
2020-04-16 19:00:00,4.684962022569445
2020-04-16 20:00:00,4.618570963541667
2020-04-16 21:00:00,4.635206705729167
2020-04-16 22:00:00,4.661903211805556
2020-04-16 23:00:00,4.556486545138889
2020-04-17 00:00:00,4.626930779351128
2020-04-17 01:00:00,4.483733181423611
2020-04-17 02:00:00,4.6824739583333335
2020-04-17 03:00:00,4.467824164496528
2020-04-17 04:00:00,4.029861111111111
2020-04-17 05:00:00,2466.152222222222
2020-04-17 06:00:00,2738.1483333333335
2020-04-17 07:00:00,360.0779513888889
2020-04-17 08:00:00,2117.6505555555555
2020-04-17 09:00:00,2100.625138888889
2020-04-17 10:00:00,496.2421527777778
2020-04-17 11:00:00,1588.3984722222222
2020-04-17 12:00:00,2122.358888888889
2020-04-17 13:00:00,3012.6808333333333
2020-04-17 14:00:00,3.26282958984375
2020-04-17 15:00:00,3.861630316840278
2020-04-17 16:00:00,4.179624565972222
2020-04-17 17:00:00,4.184853515625
2020-04-17 18:00:00,4.182920464409722
2020-04-17 19:00:00,4.206513400607639
2020-04-17 20:00:00,4.077109375
2020-04-17 21:00:00,4.095330403645833
2020-04-17 22:00:00,4.100984700520834
2020-04-17 23:00:00,4.095557996961806
2020-04-18 00:00:00,4.0395317925347225
2020-04-18 01:00:00,4.00400390625
2020-04-18 02:00:00,4.0075675455729165
2020-04-18 03:00:00,3.985026312934028
2020-04-18 04:00:00,157.20940972222223
2020-04-18 05:00:00,2637.168888888889
2020-04-18 06:00:00,922.3334027777778
2020-04-18 07:00:00,552.9311805555556
2020-04-18 08:00:00,2915.4313888888887
2020-04-18 09:00:00,496.54572916666666
2020-04-18 10:00:00,3.0645955403645835
2020-04-18 11:00:00,3.734640570746528
2020-04-18 12:00:00,4.200607367621528
2020-04-18 13:00:00,4.368776041666667
2020-04-18 14:00:00,4.375649956597222
2020-04-18 15:00:00,4.193080240885417
2020-04-18 16:00:00,4.275345052083333
2020-04-18 17:00:00,4.270951063368056
2020-04-18 18:00:00,4.34560791015625
2020-04-18 19:00:00,4.368072374131945
2020-04-18 20:00:00,4.367686089409722
2020-04-18 21:00:00,4.416470269097222
2020-04-18 22:00:00,4.406742621527778
2020-04-18 23:00:00,4.272821723090278
2020-04-19 00:00:00,4.294549153645833
2020-04-19 01:00:00,4.273207736545139
2020-04-19 02:00:00,4.223933376736111
2020-04-19 03:00:00,4.329822048611111
2020-04-19 04:00:00,162.3517534722222
2020-04-19 05:00:00,2647.3644444444444
2020-04-19 06:00:00,2660.4158333333335
2020-04-19 07:00:00,1055.96625
2020-04-19 08:00:00,1.6762396918402778
2020-04-19 09:00:00,1.9338433159722221
2020-04-19 10:00:00,1.986925048828125
2020-04-19 11:00:00,3.2044173177083333
2020-04-19 12:00:00,3.984042426215278
2020-04-19 13:00:00,4.310450575086805
2020-04-19 14:00:00,4.296296929253472
2020-04-19 15:00:00,4.27750732421875
2020-04-19 16:00:00,4.298464626736111
2020-04-19 17:00:00,4.169015299479167
2020-04-19 18:00:00,4.2176025390625
2020-04-19 19:00:00,4.242583821614583
2020-04-19 20:00:00,4.319287923177083
2020-04-19 21:00:00,4.28369140625
2020-04-19 22:00:00,4.31994140625
2020-04-19 23:00:00,4.332217881944445
2020-04-20 00:00:00,4.347752278645833
2020-04-20 01:00:00,4.28370361328125
2020-04-20 02:00:00,4.274776475694445
2020-04-20 03:00:00,4.477144639756944
2020-04-20 04:00:00,808.1847916666667
2020-04-20 05:00:00,2846.273611111111
2020-04-20 06:00:00,6205.5488888888885
2020-04-20 07:00:00,5044.822222222222
2020-04-20 08:00:00,7439.928888888889
2020-04-20 09:00:00,6925.125555555555
2020-04-20 10:00:00,5084.293888888889
2020-04-20 11:00:00,4919.337777777778
2020-04-20 12:00:00,3617.79
2020-04-20 13:00:00,2635.3733333333334
2020-04-20 14:00:00,3.2737196180555554
2020-04-20 15:00:00,4.103430718315972
2020-04-20 16:00:00,4.203765733506945
2020-04-20 17:00:00,4.126029188368055
2020-04-20 18:00:00,4.057160373263889
2020-04-20 19:00:00,4.029095052083333
2020-04-20 20:00:00,3.9880352105034724
2020-04-20 21:00:00,4.005562608506945
2020-04-20 22:00:00,3.9745491536458335
2020-04-20 23:00:00,4.009884982638889
2020-04-21 00:00:00,4.013401421440972
2020-04-21 01:00:00,3.8840174696180556
2020-04-21 02:00:00,3.835254448784722
2020-04-21 03:00:00,3.8559998914930556
2020-04-21 04:00:00,3.6697770182291665
2020-04-21 05:00:00,2506.303888888889
2020-04-21 06:00:00,2763.9616666666666
2020-04-21 07:00:00,252.1742013888889
2020-04-21 08:00:00,2.9867513020833334
2020-04-21 09:00:00,1356.588611111111
2020-04-21 10:00:00,1408.4870833333334
2020-04-21 11:00:00,7605.455555555555
2020-04-21 12:00:00,3384.923888888889
2020-04-21 13:00:00,914.5550694444445
2020-04-21 14:00:00,287.5631076388889
2020-04-21 15:00:00,4.661800130208333
2020-04-21 16:00:00,4.574066297743055
2020-04-21 17:00:00,4.448648546006944
2020-04-21 18:00:00,4.325750868055556
2020-04-21 19:00:00,4.3948773871527775
2020-04-21 20:00:00,4.2612906901041665
2020-04-21 21:00:00,4.3171630859375
2020-04-21 22:00:00,4.396643608940972
2020-04-21 23:00:00,4.332766384548611
2020-04-22 00:00:00,4.266446397569444
2020-04-22 01:00:00,4.3045751953125
2020-04-22 02:00:00,4.272188042534722
2020-04-22 03:00:00,4.117213541666667
2020-04-22 04:00:00,3.7226182725694446
2020-04-22 05:00:00,2322.5093055555553
2020-04-22 06:00:00,2688.1583333333333
2020-04-22 07:00:00,130.43499131944444
2020-04-22 08:00:00,448.85538194444445
2020-04-22 09:00:00,2830.938888888889
2020-04-22 10:00:00,93.4078125
2020-04-22 11:00:00,3399.8605555555555
2020-04-22 12:00:00,2407.9211111111113
2020-04-22 13:00:00,3.28544189453125
2020-04-22 14:00:00,4.360243598090277
2020-04-22 15:00:00,4.530423177083334
2020-04-22 16:00:00,4.469368218315973
2020-04-22 17:00:00,4.308602973090278
2020-04-22 18:00:00,4.328685980902778
2020-04-22 19:00:00,4.308552585177951
2020-04-22 20:00:00,4.154776746961805
2020-04-22 21:00:00,4.188871527777778
2020-04-22 22:00:00,4.163948567708333
2020-04-22 23:00:00,4.29755615234375
2020-04-23 00:00:00,4.151720377604167
2020-04-23 01:00:00,4.123225368923611
2020-04-23 02:00:00,4.0780626085069445
2020-04-23 03:00:00,4.097644856770834
2020-04-23 04:00:00,3.8744186740451387
2020-04-23 05:00:00,2443.6780555555556
2020-04-23 06:00:00,2678.554166666667
2020-04-23 07:00:00,141.85053819444445
2020-04-23 08:00:00,3.91675048828125
2020-04-23 09:00:00,1013.1442361111111
2020-04-23 10:00:00,176.72256944444445
2020-04-23 11:00:00,2748.3433333333332
2020-04-23 12:00:00,2761.4891666666667
2020-04-23 13:00:00,1373.9983333333332
2020-04-23 14:00:00,4.3215142144097225
2020-04-23 15:00:00,4.4416533745659725
2020-04-23 16:00:00,4.442589518229167
2020-04-23 17:00:00,4.380439453125
2020-04-23 18:00:00,4.2908154296875
2020-04-23 19:00:00,4.302437065972223
2020-04-23 20:00:00,4.3215185546875
2020-04-23 21:00:00,4.362023654513889
2020-04-23 22:00:00,4.335901421440973
2020-04-23 23:00:00,4.349471571180556
2020-04-24 00:00:00,4.333127983940972
2020-04-24 01:00:00,4.285307888454861
2020-04-24 02:00:00,4.123242730034722
2020-04-24 03:00:00,4.171891276041666
2020-04-24 04:00:00,3.8267393663194444
2020-04-24 05:00:00,2378.6383333333333
2020-04-24 06:00:00,2646.178888888889
2020-04-24 07:00:00,297.16256944444444
2020-04-24 08:00:00,1946.5525
2020-04-24 09:00:00,2758.5719444444444
2020-04-24 10:00:00,923.8504166666667
2020-04-24 11:00:00,2899.4694444444444
2020-04-24 12:00:00,2807.9955555555557
2020-04-24 13:00:00,2779.6047222222223
2020-04-24 14:00:00,551.7629513888888
2020-04-24 15:00:00,4.5737532552083335
2020-04-24 16:00:00,4.429854600694444
2020-04-24 17:00:00,4.345548231336806
2020-04-24 18:00:00,4.319214409722222
2020-04-24 19:00:00,4.2592165798611115
2020-04-24 20:00:00,4.174502766927083
2020-04-24 21:00:00,4.144269205729167
2020-04-24 22:00:00,4.076919216579861
2020-04-24 23:00:00,4.056309678819445
2020-04-25 00:00:00,4.143185763888889
2020-04-25 01:00:00,3.943095703125
2020-04-25 02:00:00,3.95181640625
2020-04-25 03:00:00,3.972359212239583
2020-04-25 04:00:00,3.96371826171875
2020-04-25 05:00:00,2150.10875
2020-04-25 06:00:00,2595.4177777777777
2020-04-25 07:00:00,2600.905277777778
2020-04-25 08:00:00,2807.8683333333333
2020-04-25 09:00:00,1351.827638888889
2020-04-25 10:00:00,977.1993055555556
2020-04-25 11:00:00,16.5948828125
2020-04-25 12:00:00,4.604896375868056
2020-04-25 13:00:00,4.514657931857639
2020-04-25 14:00:00,4.466145833333333
2020-04-25 15:00:00,4.314946831597222
2020-04-25 16:00:00,4.292187771267361
2020-04-25 17:00:00,4.3558319769965275
2020-04-25 18:00:00,4.33651123046875
2020-04-25 19:00:00,4.231562771267361
2020-04-25 20:00:00,4.2669449869791665
2020-04-25 21:00:00,4.354734700520833
2020-04-25 22:00:00,4.354790310329861
2020-04-25 23:00:00,4.3457080078125
2020-04-26 00:00:00,4.235183919270833
2020-04-26 01:00:00,4.216490071614583
2020-04-26 02:00:00,4.171483289930555
2020-04-26 03:00:00,4.158126356336806
2020-04-26 04:00:00,4.151846788194445
2020-04-26 05:00:00,2113.496111111111
2020-04-26 06:00:00,2636.4244444444444
2020-04-26 07:00:00,522.2954166666667
2020-04-26 08:00:00,3.638200954861111
2020-04-26 09:00:00,609.3311805555555
2020-04-26 10:00:00,1597.1780555555556
2020-04-26 11:00:00,4.605405815972222
2020-04-26 12:00:00,4.618817816840278
2020-04-26 13:00:00,4.466869032118056
2020-04-26 14:00:00,4.357865668402778
2020-04-26 15:00:00,4.333930121527778
2020-04-26 16:00:00,4.292368435329861
2020-04-26 17:00:00,4.3358553059895835
2020-04-26 18:00:00,4.2824066840277775
2020-04-26 19:00:00,4.267133517795139
2020-04-26 20:00:00,4.27236083984375
2020-04-26 21:00:00,4.309172092013889
2020-04-26 22:00:00,4.310904405381945
2020-04-26 23:00:00,4.208486870659722
2020-04-27 00:00:00,4.205769314236111
2020-04-27 01:00:00,4.231111653645834
2020-04-27 02:00:00,4.185144314236111
2020-04-27 03:00:00,4.168673502604166
2020-04-27 04:00:00,2341.3616666666667
2020-04-27 05:00:00,3443.406388888889
2020-04-27 06:00:00,6337.7
2020-04-27 07:00:00,5372.555555555556
2020-04-27 08:00:00,7846.675
2020-04-27 09:00:00,7121.602777777778
2020-04-27 10:00:00,5010.291666666667
2020-04-27 11:00:00,5731.456666666667
2020-04-27 12:00:00,3182.6494444444443
2020-04-27 13:00:00,3784.7025
2020-04-27 14:00:00,783.6970833333334
2020-04-27 15:00:00,4.460719943576389
2020-04-27 16:00:00,4.441181369357639
2020-04-27 17:00:00,4.297103949652778
2020-04-27 18:00:00,4.382316623263889
2020-04-27 19:00:00,4.3634003363715275
2020-04-27 20:00:00,4.387362738715278
2020-04-27 21:00:00,4.319552951388889
2020-04-27 22:00:00,4.395428873697917
2020-04-27 23:00:00,4.4837258572048615
2020-04-28 00:00:00,4.550115288628472
2020-04-28 01:00:00,4.494523111979166
2020-04-28 02:00:00,4.415779622395833
2020-04-28 03:00:00,4.424942491319444
2020-04-28 04:00:00,4.137989908854166
2020-04-28 05:00:00,2472.7294444444447
2020-04-28 06:00:00,2246.485277777778
2020-04-28 07:00:00,436.55052083333334
2020-04-28 08:00:00,566.9903472222222
2020-04-28 09:00:00,1598.536388888889
2020-04-28 10:00:00,2079.885138888889
2020-04-28 11:00:00,5286.077777777778
2020-04-28 12:00:00,5639.453888888889
2020-04-28 13:00:00,2723.3130555555554
2020-04-28 14:00:00,565.0414922417534
2020-04-28 15:00:00,113.781171875
2020-04-28 16:00:00,4.899767795138889
2020-04-28 17:00:00,4.901412217881944
2020-04-28 18:00:00,4.894864366319444
2020-04-28 19:00:00,5.082697482638889
2020-04-28 20:00:00,4.943534613715277
2020-04-28 21:00:00,5.0724479166666665
2020-04-28 22:00:00,4.944890950520834
2020-04-28 23:00:00,5.0094775390625
2020-04-29 00:00:00,5.093824327256945
2020-04-29 01:00:00,5.040399305555556
2020-04-29 02:00:00,5.091879340277778
2020-04-29 03:00:00,4.928803168402778
2020-04-29 04:00:00,4.331519639756944
2020-04-29 05:00:00,2249.9968055555555
2020-04-29 06:00:00,2688.4108333333334
2020-04-29 07:00:00,1565.3029166666668
2020-04-29 08:00:00,309.89479166666666
2020-04-29 09:00:00,290.8482986111111
2020-04-29 10:00:00,1440.7720833333333
2020-04-29 11:00:00,1974.4572222222223
2020-04-29 12:00:00,2887.0305555555556
2020-04-29 13:00:00,2614.9505555555556
2020-04-29 14:00:00,4.883012152777778
2020-04-29 15:00:00,4.953361545138889
2020-04-29 16:00:00,4.864329427083334
2020-04-29 17:00:00,4.754179144965278
2020-04-29 18:00:00,4.7297157118055555
2020-04-29 19:00:00,4.6806841362847225
2020-04-29 20:00:00,4.781170789930556
2020-04-29 21:00:00,4.836572808159723
2020-04-29 22:00:00,4.751368272569445
2020-04-29 23:00:00,4.768298611111111
2020-04-30 00:00:00,4.850227864583333
2020-04-30 01:00:00,4.789439019097222
2020-04-30 02:00:00,4.703984375
2020-04-30 03:00:00,4.842311197916667
2020-04-30 04:00:00,4.184493272569444
2020-04-30 05:00:00,2281.1806944444443
2020-04-30 06:00:00,2604.3305555555557
2020-04-30 07:00:00,3.379094509548611
2020-04-30 08:00:00,3.735701497395833
2020-04-30 09:00:00,3.606611328125
2020-04-30 10:00:00,4.1031486002604165
2020-04-30 11:00:00,2102.49375
2020-04-30 12:00:00,2755.154722222222
2020-04-30 13:00:00,1152.3854166666667
2020-04-30 14:00:00,4.738282335069444
2020-04-30 15:00:00,4.852051866319444
2020-04-30 16:00:00,4.766202256944444
2020-04-30 17:00:00,4.843796657986111
2020-04-30 18:00:00,4.913934461805556
2020-04-30 19:00:00,4.9048876953125
2020-04-30 20:00:00,4.770086805555556
2020-04-30 21:00:00,4.788615993923611
2020-04-30 22:00:00,4.884292534722222
2020-04-30 23:00:00,4.919894748263889
2020-05-01 00:00:00,4.990368381076389
2020-05-01 01:00:00,4.892087131076389
2020-05-01 02:00:00,4.735802408854167
2020-05-01 03:00:00,4.823480360243056
2020-05-01 04:00:00,3.9934787326388888
2020-05-01 05:00:00,2137.358888888889
2020-05-01 06:00:00,2647.3644444444444
2020-05-01 07:00:00,84.3721875
2020-05-01 08:00:00,3.467687717013889
2020-05-01 09:00:00,3.4732169596354168
2020-05-01 10:00:00,4.052399088541667
2020-05-01 11:00:00,1513.6084722222222
2020-05-01 12:00:00,2886.708888888889
2020-05-01 13:00:00,2871.85
2020-05-01 14:00:00,35.42551215277778
2020-05-01 15:00:00,4.75748046875
2020-05-01 16:00:00,4.878160807291667
2020-05-01 17:00:00,4.896021592881945
2020-05-01 18:00:00,4.935960828993055
2020-05-01 19:00:00,4.893833550347222
2020-05-01 20:00:00,4.9937559678819445
2020-05-01 21:00:00,5.058820529513889
2020-05-01 22:00:00,4.983382161458334
2020-05-01 23:00:00,4.8623095703125
2020-05-02 00:00:00,4.921910264756945
2020-05-02 01:00:00,4.8811572265625
2020-05-02 02:00:00,4.946330837673611
2020-05-02 03:00:00,4.9395583767361115
2020-05-02 04:00:00,4.803703342013889
2020-05-02 05:00:00,2365.844722222222
2020-05-02 06:00:00,742.9922222222223
2020-05-02 07:00:00,2.4034103732638887
2020-05-02 08:00:00,1510.951111111111
2020-05-02 09:00:00,2146.275277777778
2020-05-02 10:00:00,3.0853700086805556
2020-05-02 11:00:00,4.074293077256945
2020-05-02 12:00:00,4.7501318359375
2020-05-02 13:00:00,4.856118706597222
2020-05-02 14:00:00,4.983525390625
2020-05-02 15:00:00,4.827824978298611
2020-05-02 16:00:00,4.943853081597222
2020-05-02 17:00:00,4.972134331597222
2020-05-02 18:00:00,4.894971788194445
2020-05-02 19:00:00,4.996722005208333
2020-05-02 20:00:00,4.955544704861111
2020-05-02 21:00:00,5.114700520833333
2020-05-02 22:00:00,5.0784033203125
2020-05-02 23:00:00,4.995341796875
2020-05-03 00:00:00,4.901553819444445
2020-05-03 01:00:00,4.899861653645833
2020-05-03 02:00:00,4.860769856770833
2020-05-03 03:00:00,4.800411241319445
2020-05-03 04:00:00,4.835177408854166
2020-05-03 05:00:00,2204.3580555555554
2020-05-03 06:00:00,2642.6383333333333
2020-05-03 07:00:00,310.26961805555555
2020-05-03 08:00:00,2.6487163628472223
2020-05-03 09:00:00,2.4000037977430555
2020-05-03 10:00:00,570.1081597222222
2020-05-03 11:00:00,4.712230902777778
2020-05-03 12:00:00,4.845512152777777
2020-05-03 13:00:00,4.982372504340278
2020-05-03 14:00:00,4.930818684895834
2020-05-03 15:00:00,4.866365017361111
2020-05-03 16:00:00,5.036462131076389
2020-05-03 17:00:00,4.965811631944445
2020-05-03 18:00:00,4.901236979166667
2020-05-03 19:00:00,4.905546875
2020-05-03 20:00:00,4.985272352430556
2020-05-03 21:00:00,4.9877701822916665
2020-05-03 22:00:00,5.040082465277778
2020-05-03 23:00:00,5.035479058159722
2020-05-04 00:00:00,5.081324869791667
2020-05-04 01:00:00,4.934172634548611
2020-05-04 02:00:00,4.803866102430556
2020-05-04 03:00:00,4.991259765625
2020-05-04 04:00:00,2269.946111111111
2020-05-04 05:00:00,2737.282222222222
2020-05-04 06:00:00,5964.106666666667
2020-05-04 07:00:00,6067.76
2020-05-04 08:00:00,8155.836111111111
2020-05-04 09:00:00,7809.112222222222
2020-05-04 10:00:00,5137.578888888889
2020-05-04 11:00:00,7280.695
2020-05-04 12:00:00,3253.2083333333335
2020-05-04 13:00:00,1451.191388888889
2020-05-04 14:00:00,4.965524088541667
2020-05-04 15:00:00,4.937744140625
2020-05-04 16:00:00,4.846545138888889
2020-05-04 17:00:00,4.803306206597222
2020-05-04 18:00:00,4.689031032986111
2020-05-04 19:00:00,4.924241536458333
2020-05-04 20:00:00,4.939361979166667
2020-05-04 21:00:00,4.9285666232638885
2020-05-04 22:00:00,4.913794487847222
2020-05-04 23:00:00,4.874620768229167
2020-05-05 00:00:00,4.871490885416667
2020-05-05 01:00:00,4.795123697916667
2020-05-05 02:00:00,4.785071614583333
2020-05-05 03:00:00,4.721041666666666
2020-05-05 04:00:00,4.020514322916667
2020-05-05 05:00:00,2429.5036111111112
2020-05-05 06:00:00,2563.160277777778
2020-05-05 07:00:00,2.907218967013889
2020-05-05 08:00:00,544.0263194444444
2020-05-05 09:00:00,5387.999444444445
2020-05-05 10:00:00,5028.507777777778
2020-05-05 11:00:00,8177.753333333333
2020-05-05 12:00:00,3779.2258333333334
2020-05-05 13:00:00,7284.558888888889
2020-05-05 14:00:00,1069.7967361111112
2020-05-05 15:00:00,4.2080718315972225
2020-05-05 16:00:00,4.3138199869791665
2020-05-05 17:00:00,4.067147623697917
2020-05-05 18:00:00,3.8974305555555557
2020-05-05 19:00:00,3.9264545355902776
2020-05-05 20:00:00,3.882696126302083
2020-05-05 21:00:00,3.9165234375
2020-05-05 22:00:00,3.8591346571180556
2020-05-05 23:00:00,4.014672580295139
2020-05-06 00:00:00,3.9729988606770834
2020-05-06 01:00:00,4.0233740234375
2020-05-06 02:00:00,3.921067708333333
2020-05-06 03:00:00,3.9133360460069446
2020-05-06 04:00:00,889.0841666666666
2020-05-06 05:00:00,2584.8922222222222
2020-05-06 06:00:00,2609.404722222222
2020-05-06 07:00:00,2736.6219444444446
2020-05-06 08:00:00,2753.0025
2020-05-06 09:00:00,2294.962361111111
2020-05-06 10:00:00,2.2990614149305557
2020-05-06 11:00:00,1261.9366666666667
2020-05-06 12:00:00,2169.0466666666666
2020-05-06 13:00:00,4.009142795138889
2020-05-06 14:00:00,4.240709635416667
2020-05-06 15:00:00,4.156401909722222
2020-05-06 16:00:00,3.9317835828993055
2020-05-06 17:00:00,3.877158745659722
2020-05-06 18:00:00,3.805534396701389
2020-05-06 19:00:00,3.8209798177083334
2020-05-06 20:00:00,3.8630390082465276
2020-05-06 21:00:00,3.8133805338541666
2020-05-06 22:00:00,3.9002015516493054
2020-05-06 23:00:00,3.9783211263020832
2020-05-07 00:00:00,3.9303065321180557
2020-05-07 01:00:00,3.910827365451389
2020-05-07 02:00:00,3.9030913628472224
2020-05-07 03:00:00,4.0229931640625
2020-05-07 04:00:00,3.526511501736111
2020-05-07 05:00:00,1682.1633333333334
2020-05-07 06:00:00,2697.56
2020-05-07 07:00:00,327.23559027777776
2020-05-07 08:00:00,2.823650444878472
2020-05-07 09:00:00,2.9787700737847222
2020-05-07 10:00:00,2.9462391493055557
2020-05-07 11:00:00,2575.304722222222
2020-05-07 12:00:00,2745.7672222222222
2020-05-07 13:00:00,2611.8616666666667
2020-05-07 14:00:00,4.5866498480902775
2020-05-07 15:00:00,4.760674913194444
2020-05-07 16:00:00,4.8016156684027775
2020-05-07 17:00:00,4.853151041666667
2020-05-07 18:00:00,4.7247412109375
2020-05-07 19:00:00,4.791704644097222
2020-05-07 20:00:00,4.78435546875
2020-05-07 21:00:00,4.817318250868055
2020-05-07 22:00:00,4.964517686631944
2020-05-07 23:00:00,4.940374891493056
2020-05-08 00:00:00,4.9450868055555555
2020-05-08 01:00:00,4.907560221354166
2020-05-08 02:00:00,4.837290581597222
2020-05-08 03:00:00,4.9313671875
2020-05-08 04:00:00,4.370994194878472
2020-05-08 05:00:00,2051.7616666666668
2020-05-08 06:00:00,2580.4602777777777
2020-05-08 07:00:00,2641.5833333333335
2020-05-08 08:00:00,669.3750694444444
2020-05-08 09:00:00,870.8876388888889
2020-05-08 10:00:00,196.07998263888888
2020-05-08 11:00:00,2448.5672222222224
2020-05-08 12:00:00,2867.407777777778
2020-05-08 13:00:00,2902.1155555555556
2020-05-08 14:00:00,1172.23375
2020-05-08 15:00:00,4.966670464409722
2020-05-08 16:00:00,4.951462673611111
2020-05-08 17:00:00,4.975180121527778
2020-05-08 18:00:00,4.913434244791667
2020-05-08 19:00:00,4.810764431423611
2020-05-08 20:00:00,4.769811197916667
2020-05-08 21:00:00,4.616413302951389
2020-05-08 22:00:00,4.677922092013889
2020-05-08 23:00:00,4.600619574652778
2020-05-09 00:00:00,4.558012152777778
2020-05-09 01:00:00,4.601662868923611
2020-05-09 02:00:00,4.6232275390625
2020-05-09 03:00:00,4.558642578125
2020-05-09 04:00:00,4.483510199652778
2020-05-09 05:00:00,2348.010277777778
2020-05-09 06:00:00,2618.9044444444444
2020-05-09 07:00:00,693.5030555555555
2020-05-09 08:00:00,1907.826388888889
2020-05-09 09:00:00,2810.4127777777776
2020-05-09 10:00:00,1314.5511111111111
2020-05-09 11:00:00,4.123387858072917
2020-05-09 12:00:00,4.502548285590278
2020-05-09 13:00:00,4.533438585069445
2020-05-09 14:00:00,4.402607693142361
2020-05-09 15:00:00,4.501139865451389
2020-05-09 16:00:00,4.516113823784722
2020-05-09 17:00:00,4.491055230034722
2020-05-09 18:00:00,4.534405924479167
2020-05-09 19:00:00,4.6074815538194445
2020-05-09 20:00:00,4.508957248263889
2020-05-09 21:00:00,4.560052625868056
2020-05-09 22:00:00,4.506952853732639
2020-05-09 23:00:00,4.453365342881945
2020-05-10 00:00:00,4.521637369791667
2020-05-10 01:00:00,4.380884874131945
2020-05-10 02:00:00,4.3297715928819445
2020-05-10 03:00:00,4.4630729166666665
2020-05-10 04:00:00,4.149454210069444
2020-05-10 05:00:00,1867.1844444444444
2020-05-10 06:00:00,2584.5994444444445
2020-05-10 07:00:00,1051.4945138888888
2020-05-10 08:00:00,2.2498597547743056
2020-05-10 09:00:00,2.1432010904947916
2020-05-10 10:00:00,2.1705224609375
2020-05-10 11:00:00,2.8623426649305554
2020-05-10 12:00:00,3.7851866319444443
2020-05-10 13:00:00,4.260043674045139
2020-05-10 14:00:00,4.370996636284723
2020-05-10 15:00:00,4.589158528645833
2020-05-10 16:00:00,4.3754654947916665
2020-05-10 17:00:00,4.369377712673611
2020-05-10 18:00:00,4.267121039496528
2020-05-10 19:00:00,4.236319444444445
2020-05-10 20:00:00,4.253896484375
2020-05-10 21:00:00,4.255449761284722
2020-05-10 22:00:00,4.118272298177083
2020-05-10 23:00:00,4.0642312282986115
2020-05-11 00:00:00,4.338396267361111
2020-05-11 01:00:00,4.315062934027778
2020-05-11 02:00:00,4.166720377604166
2020-05-11 03:00:00,4.5664263237847225
2020-05-11 04:00:00,659.6604861111111
2020-05-11 05:00:00,2541.943888888889
2020-05-11 06:00:00,4917.3388888888885
2020-05-11 07:00:00,7927.026666666667
2020-05-11 08:00:00,7567.758333333333
2020-05-11 09:00:00,5949.742222222222
2020-05-11 10:00:00,4893.191111111111
2020-05-11 11:00:00,5003.044444444445
2020-05-11 12:00:00,3570.9094444444445
2020-05-11 13:00:00,3565.773888888889
2020-05-11 14:00:00,536.873125
2020-05-11 15:00:00,4.033959418402778
2020-05-11 16:00:00,3.9571771918402776
2020-05-11 17:00:00,3.882974175347222
2020-05-11 18:00:00,3.7477959526909723
2020-05-11 19:00:00,3.7339879014756945
2020-05-11 20:00:00,3.6273676215277777
2020-05-11 21:00:00,3.7283458116319443
2020-05-11 22:00:00,3.719582790798611
2020-05-11 23:00:00,3.7017087131076387
2020-05-12 00:00:00,3.6328187391493056
2020-05-12 01:00:00,3.5487169053819443
2020-05-12 02:00:00,3.6347618272569444
2020-05-12 03:00:00,3.607683376736111
2020-05-12 04:00:00,3.0007025824652778
2020-05-12 05:00:00,1916.4765277777778
2020-05-12 06:00:00,2698.4661111111113
2020-05-12 07:00:00,2419.3372222222224
2020-05-12 08:00:00,5780.035555555555
2020-05-12 09:00:00,6980.080555555555
2020-05-12 10:00:00,51.1430859375
2020-05-12 11:00:00,154.67354166666667
2020-05-12 12:00:00,669.7998611111111
2020-05-12 13:00:00,163.62394097222221
2020-05-12 14:00:00,116.60306423611111
2020-05-12 15:00:00,3.9199251302083336
2020-05-12 16:00:00,3.8405409071180556
2020-05-12 17:00:00,3.707014431423611
2020-05-12 18:00:00,3.7835150824652777
2020-05-12 19:00:00,3.691747233072917
2020-05-12 20:00:00,3.780176323784722
2020-05-12 21:00:00,3.6528822157118057
2020-05-12 22:00:00,3.6427300347222222
2020-05-12 23:00:00,3.7507058376736113
2020-05-13 00:00:00,3.6954871961805558
2020-05-13 01:00:00,3.7345893012152778
2020-05-13 02:00:00,3.6587418619791667
2020-05-13 03:00:00,3.6758707682291667
2020-05-13 04:00:00,3.320198025173611
2020-05-13 05:00:00,2408.217777777778
2020-05-13 06:00:00,2817.3680555555557
2020-05-13 07:00:00,1283.5605555555555
2020-05-13 08:00:00,3.9584895833333333
2020-05-13 09:00:00,4.1106298828125
2020-05-13 10:00:00,354.6169791666667
2020-05-13 11:00:00,5360.875555555555
2020-05-13 12:00:00,3248.423888888889
2020-05-13 13:00:00,2665.781111111111
2020-05-13 14:00:00,30.237152777777776
2020-05-13 15:00:00,4.492742513020834
2020-05-13 16:00:00,4.270171983506945
2020-05-13 17:00:00,4.2480658637152775
2020-05-13 18:00:00,4.103693576388889
2020-05-13 19:00:00,4.051626519097222
2020-05-13 20:00:00,4.053002387152778
2020-05-13 21:00:00,3.9257828776041666
2020-05-13 22:00:00,3.8289583333333335
2020-05-13 23:00:00,3.9005213758680557
2020-05-14 00:00:00,3.923725857204861
2020-05-14 01:00:00,3.9010272894965277
2020-05-14 02:00:00,3.914148763020833
2020-05-14 03:00:00,3.8416612413194446
2020-05-14 04:00:00,3.3016756184895835
2020-05-14 05:00:00,1991.4752777777778
2020-05-14 06:00:00,2743.661111111111
2020-05-14 07:00:00,278.5242534722222
2020-05-14 08:00:00,4.753018663194444
2020-05-14 09:00:00,4.731150173611111
2020-05-14 10:00:00,4.257834201388889
2020-05-14 11:00:00,411.91524305555555
2020-05-14 12:00:00,2640.385
2020-05-14 13:00:00,497.9609027777778
2020-05-14 14:00:00,1375.9227777777778
2020-05-14 15:00:00,4.425694715711805
2020-05-14 16:00:00,4.295171712239584
2020-05-14 17:00:00,4.308284233940972
2020-05-14 18:00:00,4.21764892578125
2020-05-14 19:00:00,4.291373697916667
2020-05-14 20:00:00,4.265374348958333
2020-05-14 21:00:00,4.338998752170139
2020-05-14 22:00:00,4.191178114149306
2020-05-14 23:00:00,4.165293511284722
2020-05-15 00:00:00,4.054640299479167
2020-05-15 01:00:00,4.077496744791667
2020-05-15 02:00:00,4.086594780815973
2020-05-15 03:00:00,4.0741064453125
2020-05-15 04:00:00,3.465365397135417
2020-05-15 05:00:00,2112.812361111111
2020-05-15 06:00:00,2697.0422222222223
2020-05-15 07:00:00,343.4711111111111
2020-05-15 08:00:00,4.157447374131944
2020-05-15 09:00:00,1830.9745833333334
2020-05-15 10:00:00,140.61596354166667
2020-05-15 11:00:00,2415.1183333333333
2020-05-15 12:00:00,2840.331111111111
2020-05-15 13:00:00,1486.9244444444444
2020-05-15 14:00:00,4.768921983506944
2020-05-15 15:00:00,4.524605577256945
2020-05-15 16:00:00,4.59158203125
2020-05-15 17:00:00,4.531436360677083
2020-05-15 18:00:00,4.445149197048611
2020-05-15 19:00:00,4.564410264756944
2020-05-15 20:00:00,4.46659912109375
2020-05-15 21:00:00,4.378482801649305
2020-05-15 22:00:00,4.358876410590278
2020-05-15 23:00:00,4.441707492404514
2020-05-16 00:00:00,4.450288628472222
2020-05-16 01:00:00,4.475683865017361
2020-05-16 02:00:00,4.5050238715277775
2020-05-16 03:00:00,4.451878255208333
2020-05-16 04:00:00,4.4186669921875
2020-05-16 05:00:00,2121.4177777777777
2020-05-16 06:00:00,943.0472222222222
2020-05-16 07:00:00,2.8376112196180556
2020-05-16 08:00:00,1880.7280555555556
2020-05-16 09:00:00,2189.4683333333332
2020-05-16 10:00:00,4.749916449652778
2020-05-16 11:00:00,4.7759396701388885
2020-05-16 12:00:00,4.643403862847222
2020-05-16 13:00:00,4.643296440972223
2020-05-16 14:00:00,4.570282660590278
2020-05-16 15:00:00,4.532922092013889
2020-05-16 16:00:00,4.566775173611111
2020-05-16 17:00:00,4.605580512152778
2020-05-16 18:00:00,4.6279833984375
2020-05-16 19:00:00,4.544722764756944
2020-05-16 20:00:00,4.587795138888889
2020-05-16 21:00:00,4.647841254340277
2020-05-16 22:00:00,4.674587673611111
2020-05-16 23:00:00,4.649906141493055
2020-05-17 00:00:00,4.657498372395834
2020-05-17 01:00:00,4.646641710069445
2020-05-17 02:00:00,4.760692274305556
2020-05-17 03:00:00,4.6727067057291665
2020-05-17 04:00:00,4.546614312065972
2020-05-17 05:00:00,2166.795
2020-05-17 06:00:00,2652.9558333333334
2020-05-17 07:00:00,593.7592361111111
2020-05-17 08:00:00,2.6275843641493055
2020-05-17 09:00:00,3.0347802734375
2020-05-17 10:00:00,4.2466818576388885
2020-05-17 11:00:00,4.843792317708333
2020-05-17 12:00:00,4.868376736111111
2020-05-17 13:00:00,4.814484592013889
2020-05-17 14:00:00,4.816395941840278
2020-05-17 15:00:00,4.7953879123263885
2020-05-17 16:00:00,4.913759765625
2020-05-17 17:00:00,4.821647135416667
2020-05-17 18:00:00,4.905167100694444
2020-05-17 19:00:00,4.871727430555556
2020-05-17 20:00:00,4.837061089409723
2020-05-17 21:00:00,4.8701356336805555
2020-05-17 22:00:00,4.8512548828125
2020-05-17 23:00:00,4.804454210069444
2020-05-18 00:00:00,4.940008138020834
2020-05-18 01:00:00,4.8946755642361115
2020-05-18 02:00:00,4.8481494140625
2020-05-18 03:00:00,4.466933051215277
2020-05-18 04:00:00,947.9159722222222
2020-05-18 05:00:00,5435.713333333333
2020-05-18 06:00:00,6458.096111111111
2020-05-18 07:00:00,6627.562222222222
2020-05-18 08:00:00,8000.705555555555
2020-05-18 09:00:00,6615.682777777778
2020-05-18 10:00:00,5053.228888888889
2020-05-18 11:00:00,4561.262222222223
2020-05-18 12:00:00,2795.005833333333
2020-05-18 13:00:00,3603.97
2020-05-18 14:00:00,2147.406388888889
2020-05-18 15:00:00,4.867302517361111
2020-05-18 16:00:00,4.874794921875
2020-05-18 17:00:00,4.8305870225694445
2020-05-18 18:00:00,4.881379665798611
2020-05-18 19:00:00,4.8786431206597225
2020-05-18 20:00:00,4.9233447265625
2020-05-18 21:00:00,4.965794270833333
2020-05-18 22:00:00,4.859688585069445
2020-05-18 23:00:00,4.909383138020833
2020-05-19 00:00:00,4.804122178819444
2020-05-19 01:00:00,4.817709418402778
2020-05-19 02:00:00,4.810069986979166
2020-05-19 03:00:00,4.911085611979167
2020-05-19 04:00:00,4.0289892578125
2020-05-19 05:00:00,2425.631388888889
2020-05-19 06:00:00,2825.5244444444443
2020-05-19 07:00:00,1292.5270833333334
2020-05-19 08:00:00,4.715999348958333
2020-05-19 09:00:00,1696.857638888889
2020-05-19 10:00:00,1818.52125
2020-05-19 11:00:00,7656.996666666667
2020-05-19 12:00:00,6709.612222222222
2020-05-19 13:00:00,6225.7461111111115
2020-05-19 14:00:00,2739.9908333333333
2020-05-19 15:00:00,2757.708611111111
2020-05-19 16:00:00,705.7375
2020-05-19 17:00:00,4.328603244357639
2020-05-19 18:00:00,4.16218994140625
2020-05-19 19:00:00,4.087964409722222
2020-05-19 20:00:00,4.160944281684028
2020-05-19 21:00:00,4.1112744140625
2020-05-19 22:00:00,4.270328776041667
2020-05-19 23:00:00,4.327336697048611
2020-05-20 00:00:00,4.303594292534722
2020-05-20 01:00:00,4.185718315972222
2020-05-20 02:00:00,4.159227159288195
2020-05-20 03:00:00,3.7777362738715277
2020-05-20 04:00:00,2307.0563888888887
2020-05-20 05:00:00,2661.72
2020-05-20 06:00:00,2747.849722222222
2020-05-20 07:00:00,701.5958333333333
2020-05-20 08:00:00,4.454729817708333
2020-05-20 09:00:00,3.6346720377604167
2020-05-20 10:00:00,18.995859375
2020-05-20 11:00:00,5.567150607638889
2020-05-20 12:00:00,4.492321506076389
2020-05-20 13:00:00,423.43076388888886
2020-05-20 14:00:00,4.151641438802083
2020-05-20 15:00:00,4.1882156032986115
2020-05-20 16:00:00,4.183877224392361
2020-05-20 17:00:00,4.2105105251736115
2020-05-20 18:00:00,4.269324544270833
2020-05-20 19:00:00,4.237293836805556
2020-05-20 20:00:00,4.255497504340278
2020-05-20 21:00:00,4.23320068359375
2020-05-20 22:00:00,4.183436686197917
2020-05-20 23:00:00,4.213159993489583
2020-05-21 00:00:00,4.114131401909722
2020-05-21 01:00:00,4.068815646701389
2020-05-21 02:00:00,4.206534830729167
2020-05-21 03:00:00,4.148446180555555
2020-05-21 04:00:00,3.7137044270833335
2020-05-21 05:00:00,2290.2673611111113
2020-05-21 06:00:00,2634.68
2020-05-21 07:00:00,1133.3725694444445
2020-05-21 08:00:00,3.144919162326389
2020-05-21 09:00:00,2339.69
2020-05-21 10:00:00,593.4785416666666
2020-05-21 11:00:00,2243.9708333333333
2020-05-21 12:00:00,968.5540277777778
2020-05-21 13:00:00,1567.9672222222223
2020-05-21 14:00:00,4.339717068142361
2020-05-21 15:00:00,4.449428168402778
2020-05-21 16:00:00,4.468668077256944
2020-05-21 17:00:00,4.368872612847222
2020-05-21 18:00:00,4.386193305121528
2020-05-21 19:00:00,4.4703580729166665
2020-05-21 20:00:00,4.509618598090277
2020-05-21 21:00:00,4.515467122395833
2020-05-21 22:00:00,4.527643500434028
2020-05-21 23:00:00,4.4481797960069445
2020-05-22 00:00:00,4.535099826388889
2020-05-22 01:00:00,4.341050347222223
2020-05-22 02:00:00,4.382377387152777
2020-05-22 03:00:00,4.381115993923611
2020-05-22 04:00:00,3.8893362087673613
2020-05-22 05:00:00,2517.0958333333333
2020-05-22 06:00:00,2116.1430555555557
2020-05-22 07:00:00,3.142668728298611
2020-05-22 08:00:00,4.1411756727430555
2020-05-22 09:00:00,1086.9133333333334
2020-05-22 10:00:00,1288.875
2020-05-22 11:00:00,859.4738194444444
2020-05-22 12:00:00,2796.9827777777778
2020-05-22 13:00:00,2739.2747222222224
2020-05-22 14:00:00,215.12413194444446
2020-05-22 15:00:00,4.626984049479167
2020-05-22 16:00:00,4.566130099826389
2020-05-22 17:00:00,4.565984157986111
2020-05-22 18:00:00,4.531159125434028
2020-05-22 19:00:00,4.598931206597222
2020-05-22 20:00:00,4.487456597222222
2020-05-22 21:00:00,4.498012424045139
2020-05-22 22:00:00,4.465537651909722
2020-05-22 23:00:00,4.523321668836806
2020-05-23 00:00:00,4.4155615234375
2020-05-23 01:00:00,4.465602756076389
2020-05-23 02:00:00,4.211501736111111
2020-05-23 03:00:00,4.336115451388889
2020-05-23 04:00:00,1448.8125
2020-05-23 05:00:00,2548.6580555555556
2020-05-23 06:00:00,965.5626388888888
2020-05-23 07:00:00,476.1487847222222
2020-05-23 08:00:00,2531.2625
2020-05-23 09:00:00,525.5260416666666
2020-05-23 10:00:00,1818.1390277777778
2020-05-23 11:00:00,59.154774305555556
2020-05-23 12:00:00,4.501364203559028
2020-05-23 13:00:00,4.365810546875
2020-05-23 14:00:00,4.284511990017361
2020-05-23 15:00:00,4.311394856770833
2020-05-23 16:00:00,4.214119466145833
2020-05-23 17:00:00,4.285710177951389
2020-05-23 18:00:00,4.188183865017361
2020-05-23 19:00:00,4.268759223090278
2020-05-23 20:00:00,4.224215494791666
2020-05-23 21:00:00,4.285680067274305
2020-05-23 22:00:00,4.201570095486111
2020-05-23 23:00:00,4.198844672309027
2020-05-24 00:00:00,4.070050998263889
2020-05-24 01:00:00,4.028113064236111
2020-05-24 02:00:00,4.137950846354166
2020-05-24 03:00:00,4.0945458984375
2020-05-24 04:00:00,820.3984027777777
2020-05-24 05:00:00,2541.125
2020-05-24 06:00:00,2559.635
2020-05-24 07:00:00,288.25413194444445
2020-05-24 08:00:00,2.6798909505208335
2020-05-24 09:00:00,520.186875
2020-05-24 10:00:00,287.77508680555553
2020-05-24 11:00:00,4.326999782986111
2020-05-24 12:00:00,4.259658474392361
2020-05-24 13:00:00,4.084998914930556
2020-05-24 14:00:00,4.09257568359375
2020-05-24 15:00:00,4.279746636284722
2020-05-24 16:00:00,4.189683159722223
2020-05-24 17:00:00,4.109326171875
2020-05-24 18:00:00,4.159088541666667
2020-05-24 19:00:00,4.060274522569444
2020-05-24 20:00:00,4.085848795572916
2020-05-24 21:00:00,3.970151095920139
2020-05-24 22:00:00,4.040775553385417
2020-05-24 23:00:00,4.134040256076389
2020-05-25 00:00:00,4.18361328125
2020-05-25 01:00:00,4.1418272569444445
2020-05-25 02:00:00,4.033837890625
2020-05-25 03:00:00,3.9338481987847222
2020-05-25 04:00:00,1152.4665277777779
2020-05-25 05:00:00,3031.9925
2020-05-25 06:00:00,6942.848888888889
2020-05-25 07:00:00,4006.1111111111113
2020-05-25 08:00:00,6820.482222222222
2020-05-25 09:00:00,4907.695555555556
2020-05-25 10:00:00,4923.022777777778
2020-05-25 11:00:00,4877.56
2020-05-25 12:00:00,5120.733333333334
2020-05-25 13:00:00,3064.055
2020-05-25 14:00:00,2299.8
2020-05-25 15:00:00,4.340892469618056
2020-05-25 16:00:00,4.081626519097222
2020-05-25 17:00:00,4.009793294270834
2020-05-25 18:00:00,4.020923665364584
2020-05-25 19:00:00,3.93313720703125
2020-05-25 20:00:00,3.9511705186631945
2020-05-25 21:00:00,3.9319967990451388
2020-05-25 22:00:00,4.000486111111111
2020-05-25 23:00:00,4.041226671006944
2020-05-26 00:00:00,3.8955978732638887
2020-05-26 01:00:00,3.921340603298611
2020-05-26 02:00:00,3.85485107421875
2020-05-26 03:00:00,3.970888671875
2020-05-26 04:00:00,3.630185275607639
2020-05-26 05:00:00,2376.74
2020-05-26 06:00:00,2582.402777777778
2020-05-26 07:00:00,320.2326388888889
2020-05-26 08:00:00,1871.4886111111111
2020-05-26 09:00:00,2322.282222222222
2020-05-26 10:00:00,2676.9527777777776
2020-05-26 11:00:00,5120.718333333333
2020-05-26 12:00:00,4218.2266666666665
2020-05-26 13:00:00,1708.306388888889
2020-05-26 14:00:00,4.421482204861111
2020-05-26 15:00:00,4.181856011284722
2020-05-26 16:00:00,4.088665364583333
2020-05-26 17:00:00,4.001859266493056
2020-05-26 18:00:00,4.058047960069445
2020-05-26 19:00:00,4.111941189236111
2020-05-26 20:00:00,4.106034342447916
2020-05-26 21:00:00,4.168555501302083
2020-05-26 22:00:00,4.154278971354167
2020-05-26 23:00:00,4.240154079861111
2020-05-27 00:00:00,4.183408745659722
2020-05-27 01:00:00,4.136420355902778
2020-05-27 02:00:00,4.127314181857639
2020-05-27 03:00:00,4.060275065104166
2020-05-27 04:00:00,3.5224354383680554
2020-05-27 05:00:00,2460.422777777778
2020-05-27 06:00:00,2536.657777777778
2020-05-27 07:00:00,946.6975694444444
2020-05-27 08:00:00,3678.5563888888887
2020-05-27 09:00:00,4640.580555555555
2020-05-27 10:00:00,1179.73125
2020-05-27 11:00:00,4002.4305555555557
2020-05-27 12:00:00,1818.6152777777777
2020-05-27 13:00:00,396.7679861111111
2020-05-27 14:00:00,4.416109754774306
2020-05-27 15:00:00,4.441745062934028
2020-05-27 16:00:00,4.479605034722222
2020-05-27 17:00:00,4.400338541666667
2020-05-27 18:00:00,4.428113064236111
2020-05-27 19:00:00,4.382236870659722
2020-05-27 20:00:00,4.388033582899306
2020-05-27 21:00:00,4.3964236111111115
2020-05-27 22:00:00,4.341221788194445
2020-05-27 23:00:00,4.28471435546875
2020-05-28 00:00:00,4.2000113932291665
2020-05-28 01:00:00,4.238907877604166
2020-05-28 02:00:00,4.3298567708333335
2020-05-28 03:00:00,4.286706271701389
2020-05-28 04:00:00,3.804001736111111
2020-05-28 05:00:00,2426.592222222222
2020-05-28 06:00:00,2633.9919444444445
2020-05-28 07:00:00,997.643125
2020-05-28 08:00:00,78.72106770833334
2020-05-28 09:00:00,349.4175
2020-05-28 10:00:00,663.4036805555555
2020-05-28 11:00:00,962.2952777777778
2020-05-28 12:00:00,661.3346527777778
2020-05-28 13:00:00,4397.123333333333
2020-05-28 14:00:00,4.656338975694444
2020-05-28 15:00:00,4.573127712673611
2020-05-28 16:00:00,4.326508246527778
2020-05-28 17:00:00,4.291774359809028
2020-05-28 18:00:00,4.316688096788194
2020-05-28 19:00:00,4.226023763020834
2020-05-28 20:00:00,4.285904947916666
2020-05-28 21:00:00,4.3580929904513885
2020-05-28 22:00:00,4.232240939670139
2020-05-28 23:00:00,4.302614203559028
2020-05-29 00:00:00,4.19557861328125
2020-05-29 01:00:00,4.196301540798611
2020-05-29 02:00:00,4.066552191840278
2020-05-29 03:00:00,4.030894639756944
2020-05-29 04:00:00,3.4203008355034723
2020-05-29 05:00:00,4512.082222222222
2020-05-29 06:00:00,4905.447777777777
2020-05-29 07:00:00,296.0113888888889
2020-05-29 08:00:00,1845.2172222222223
2020-05-29 09:00:00,4993.885555555556
2020-05-29 10:00:00,5197.28
2020-05-29 11:00:00,5185.407222222222
2020-05-29 12:00:00,3891.2019444444445
2020-05-29 13:00:00,4.766123046875
2020-05-29 14:00:00,4.643698459201389
2020-05-29 15:00:00,4.8483306206597225
2020-05-29 16:00:00,4.637223307291666
2020-05-29 17:00:00,4.630563151041667
2020-05-29 18:00:00,4.573898111979167
2020-05-29 19:00:00,4.627362196180556
2020-05-29 20:00:00,4.637418619791666
2020-05-29 21:00:00,4.539098849826389
2020-05-29 22:00:00,4.591563585069444
2020-05-29 23:00:00,4.578068576388889
2020-05-30 00:00:00,4.636542426215278
2020-05-30 01:00:00,4.53292724609375
2020-05-30 02:00:00,4.417568359375
2020-05-30 03:00:00,4.291374240451389
2020-05-30 04:00:00,4.297655164930555
2020-05-30 05:00:00,4280.667777777778
2020-05-30 06:00:00,1219.1651388888888
2020-05-30 07:00:00,2.2196888563368056
2020-05-30 08:00:00,3543.132222222222
2020-05-30 09:00:00,4763.88
2020-05-30 10:00:00,4260.035
2020-05-30 11:00:00,4.29138671875
2020-05-30 12:00:00,4.842903645833333
2020-05-30 13:00:00,4.818473307291667
2020-05-30 14:00:00,4.699173177083333
2020-05-30 15:00:00,4.5318310546875
2020-05-30 16:00:00,4.580495876736111
2020-05-30 17:00:00,4.642513020833333
2020-05-30 18:00:00,4.803244357638889
2020-05-30 19:00:00,4.834397786458333
2020-05-30 20:00:00,4.679478624131945
2020-05-30 21:00:00,4.772333984375
2020-05-30 22:00:00,4.653186848958334
2020-05-30 23:00:00,4.625543619791666
2020-05-31 00:00:00,4.5869748263888885
2020-05-31 01:00:00,4.504498969184028
2020-05-31 02:00:00,4.337645399305556
2020-05-31 03:00:00,4.327060275607639
2020-05-31 04:00:00,4.393577202690972
2020-05-31 05:00:00,2587.9083333333333
2020-05-31 06:00:00,4815.308888888889
2020-05-31 07:00:00,3062.358888888889
2020-05-31 08:00:00,3.666034613715278
2020-05-31 09:00:00,515.0809375
2020-05-31 10:00:00,4.528101942274305
2020-05-31 11:00:00,4.647744140625
2020-05-31 12:00:00,4.747056749131945
2020-05-31 13:00:00,4.775277235243055
2020-05-31 14:00:00,4.8529280598958335
2020-05-31 15:00:00,4.663573676215278
2020-05-31 16:00:00,4.691171875
2020-05-31 17:00:00,4.675413411458333
2020-05-31 18:00:00,4.754249131944444
2020-05-31 19:00:00,4.6900857204861115
2020-05-31 20:00:00,4.789303927951389
2020-05-31 21:00:00,4.793177083333333
2020-05-31 22:00:00,4.714365234375
2020-05-31 23:00:00,4.905546875
2020-06-01 00:00:00,4.873259548611111
2020-06-01 01:00:00,4.828410373263889
2020-06-01 02:00:00,4.766260850694445
2020-06-01 03:00:00,4.485341254340278
2020-06-01 04:00:00,3834.295
2020-06-01 05:00:00,5096.842777777778
2020-06-01 06:00:00,9571.902222222223
2020-06-01 07:00:00,8462.542777777779
2020-06-01 08:00:00,10024.645555555555
2020-06-01 09:00:00,7642.478888888889
2020-06-01 10:00:00,4644.853888888889
2020-06-01 11:00:00,9841.026666666667
2020-06-01 12:00:00,10185.325555555555
2020-06-01 13:00:00,8006.775
2020-06-01 14:00:00,4221.406111111111
2020-06-01 15:00:00,4.170094401041666
2020-06-01 16:00:00,4.590726996527778
2020-06-01 17:00:00,4.942703450520833
2020-06-01 18:00:00,5.031418728298611
2020-06-01 19:00:00,4.78755859375
2020-06-01 20:00:00,4.78505859375
2020-06-01 21:00:00,4.792443576388889
2020-06-01 22:00:00,4.835908203125
2020-06-01 23:00:00,4.7546994357638885
2020-06-02 00:00:00,4.739149305555555
2020-06-02 01:00:00,4.6811707899305555
2020-06-02 02:00:00,4.601869574652778
2020-06-02 03:00:00,4.602830946180555
2020-06-02 04:00:00,4.255363498263889
2020-06-02 05:00:00,4106.312777777778
2020-06-02 06:00:00,4914.118333333333
2020-06-02 07:00:00,2048.164861111111
2020-06-02 08:00:00,4421.931108059353
2020-06-02 09:00:00,6170.942777777777
2020-06-02 10:00:00,5259.928333333333
2020-06-02 11:00:00,10178.52
2020-06-02 12:00:00,4927.111111111111
2020-06-02 13:00:00,3.2712920464409723
2020-06-02 14:00:00,4.307607150607639
2020-06-02 15:00:00,4.7186490885416665
2020-06-02 16:00:00,5.107845052083333
2020-06-02 17:00:00,5.0130414496527775
2020-06-02 18:00:00,5.006482204861111
2020-06-02 19:00:00,4.9407345920138885
2020-06-02 20:00:00,4.9569694010416665
2020-06-02 21:00:00,4.9584353298611115
2020-06-02 22:00:00,5.160718858506945
2020-06-02 23:00:00,5.095738932291667
2020-06-03 00:00:00,5.065913628472222
2020-06-03 01:00:00,5.029527994791667
2020-06-03 02:00:00,5.100145399305555
2020-06-03 03:00:00,5.048996310763889
2020-06-03 04:00:00,4.134481336805556
2020-06-03 05:00:00,4043.4513888888887
2020-06-03 06:00:00,4628.706944444444
2020-06-03 07:00:00,3.4568058268229165
2020-06-03 08:00:00,3.1977001953125
2020-06-03 09:00:00,2.9661653645833335
2020-06-03 10:00:00,3.275227322048611
2020-06-03 11:00:00,1845.7131944444445
2020-06-03 12:00:00,4659.387777777778
2020-06-03 13:00:00,287.0064756944444
2020-06-03 14:00:00,3.773600802951389
2020-06-03 15:00:00,3.8986306423611112
2020-06-03 16:00:00,4.128333875868056
2020-06-03 17:00:00,4.121569281684028
2020-06-03 18:00:00,3.7980457899305557
2020-06-03 19:00:00,4.521076388888889
2020-06-03 20:00:00,4.893959418402778
2020-06-03 21:00:00,4.855006510416667
2020-06-03 22:00:00,4.757836371527778
2020-06-03 23:00:00,4.903710394965278
2020-06-04 00:00:00,4.861866319444444
2020-06-04 01:00:00,4.997475043402778
2020-06-04 02:00:00,5.090661349826389
2020-06-04 03:00:00,5.128474392361111
2020-06-04 04:00:00,4.1635514322916665
2020-06-04 05:00:00,4307.28
2020-06-04 06:00:00,4850.668888888889
2020-06-04 07:00:00,722.9497916666667
2020-06-04 08:00:00,2585.1983333333333
2020-06-04 09:00:00,3.0365115017361113
2020-06-04 10:00:00,2.923775227864583
2020-06-04 11:00:00,3224.8597222222224
2020-06-04 12:00:00,3140.575
2020-06-04 13:00:00,4.574109700520833
2020-06-04 14:00:00,4.780160590277778
2020-06-04 15:00:00,4.896596137152778
2020-06-04 16:00:00,4.775669487847222
2020-06-04 17:00:00,4.777776692708334
2020-06-04 18:00:00,4.776950954861111
2020-06-04 19:00:00,4.7129090711805555
2020-06-04 20:00:00,4.953814561631944
2020-06-04 21:00:00,4.886968858506944
2020-06-04 22:00:00,4.886524522569444
2020-06-04 23:00:00,4.756343315972222
2020-06-05 00:00:00,4.731963433159722
2020-06-05 01:00:00,4.770190972222222
2020-06-05 02:00:00,4.669811197916666
2020-06-05 03:00:00,4.649953342013889
2020-06-05 04:00:00,3.7704402669270833
2020-06-05 05:00:00,4544.884722222222
2020-06-05 06:00:00,4392.8388888888885
2020-06-05 07:00:00,2.507917751736111
2020-06-05 08:00:00,2.4160460069444443
2020-06-05 09:00:00,4339.169722222222
2020-06-05 10:00:00,1745.9669444444444
2020-06-05 11:00:00,2771.5061111111113
2020-06-05 12:00:00,5045.327222222222
2020-06-05 13:00:00,1577.4491666666668
2020-06-05 14:00:00,5.0240700954861115
2020-06-05 15:00:00,4.898204752604166
2020-06-05 16:00:00,4.748076714409722
2020-06-05 17:00:00,4.691440972222222
2020-06-05 18:00:00,4.656793619791666
2020-06-05 19:00:00,4.667467447916667
2020-06-05 20:00:00,4.650995008680556
2020-06-05 21:00:00,4.6323014322916665
2020-06-05 22:00:00,4.6498399522569445
2020-06-05 23:00:00,4.5437548828125
2020-06-06 00:00:00,4.554344618055556
2020-06-06 01:00:00,4.489432508680555
2020-06-06 02:00:00,4.424041069878472
2020-06-06 03:00:00,4.445952690972222
2020-06-06 04:00:00,4.524485677083334
2020-06-06 05:00:00,4481.169444444445
2020-06-06 06:00:00,4834.052222222223
2020-06-06 07:00:00,2781.53
2020-06-06 08:00:00,2734.0447222222224
2020-06-06 09:00:00,1590.9677777777779
2020-06-06 10:00:00,4.7025770399305555
2020-06-06 11:00:00,4.3867607964409725
2020-06-06 12:00:00,4.9200830078125
2020-06-06 13:00:00,4.9448974609375
2020-06-06 14:00:00,4.788451605902778
2020-06-06 15:00:00,4.827517903645833
2020-06-06 16:00:00,4.747030164930556
2020-06-06 17:00:00,4.716119791666666
2020-06-06 18:00:00,4.769577907986111
2020-06-06 19:00:00,4.688289930555555
2020-06-06 20:00:00,4.694737955729167
2020-06-06 21:00:00,4.6607063802083335
2020-06-06 22:00:00,4.699236111111111
2020-06-06 23:00:00,4.766803927951389
2020-06-07 00:00:00,4.7132356770833335
2020-06-07 01:00:00,4.687216796875
2020-06-07 02:00:00,4.625231662326389
2020-06-07 03:00:00,4.713949652777778
2020-06-07 04:00:00,4.6639794921875
2020-06-07 05:00:00,4127.1305555555555
2020-06-07 06:00:00,4884.137777777778
2020-06-07 07:00:00,3347.885
2020-06-07 08:00:00,3.878314887152778
2020-06-07 09:00:00,2.8695024956597224
2020-06-07 10:00:00,1939.47125
2020-06-07 11:00:00,4.073981662326389
2020-06-07 12:00:00,4.583277452256945
2020-06-07 13:00:00,4.786535373263889
2020-06-07 14:00:00,4.619143337673611
2020-06-07 15:00:00,4.710989583333333
2020-06-07 16:00:00,4.705813802083333
2020-06-07 17:00:00,4.660402560763889
2020-06-07 18:00:00,4.6994091796875
2020-06-07 19:00:00,4.728524848090278
2020-06-07 20:00:00,4.673224283854167
2020-06-07 21:00:00,4.681111653645833
2020-06-07 22:00:00,4.754573567708333
2020-06-07 23:00:00,4.725455729166667
2020-06-08 00:00:00,4.717438693576389
2020-06-08 01:00:00,4.764662543402777
2020-06-08 02:00:00,4.7669551934136285
2020-06-08 03:00:00,4.765984157986111
2020-06-08 04:00:00,4513.693611111111
2020-06-08 05:00:00,6495.221111111111
2020-06-08 06:00:00,8268.307777777778
2020-06-08 07:00:00,8511.503333333334
2020-06-08 08:00:00,8312.337777777779
2020-06-08 09:00:00,8706.07
2020-06-08 10:00:00,1156.3683333333333
2020-06-08 11:00:00,5049.919444444445
2020-06-08 12:00:00,2007.6638888888888
2020-06-08 13:00:00,4.107857530381945
2020-06-08 14:00:00,4.933244900173611
2020-06-08 15:00:00,4.846162109375
2020-06-08 16:00:00,4.772435980902777
2020-06-08 17:00:00,4.965266927083333
2020-06-08 18:00:00,4.865018988715278
2020-06-08 19:00:00,4.727406684027778
2020-06-08 20:00:00,4.762862413194444
2020-06-08 21:00:00,4.640340711805556
2020-06-08 22:00:00,4.703325737847222
2020-06-08 23:00:00,4.742667100694445
2020-06-09 00:00:00,4.688879123263889
2020-06-09 01:00:00,4.592687717013889
2020-06-09 02:00:00,4.651969943576389
2020-06-09 03:00:00,4.590164930555556
2020-06-09 04:00:00,3.8045594618055554
2020-06-09 05:00:00,4188.135555555556
2020-06-09 06:00:00,4813.111111111111
2020-06-09 07:00:00,849.8297916666667
2020-06-09 08:00:00,3687.1505555555555
2020-06-09 09:00:00,3230.6477777777777
2020-06-09 10:00:00,2897.285277777778
2020-06-09 11:00:00,4551.881111111111
2020-06-09 12:00:00,4589.311944444445
2020-06-09 13:00:00,124.44358506944444
2020-06-09 14:00:00,4.488801540798611
2020-06-09 15:00:00,4.4819287109375
2020-06-09 16:00:00,4.293165418836805
2020-06-09 17:00:00,4.2042876519097225
2020-06-09 18:00:00,4.123517795138889
2020-06-09 19:00:00,4.106449652777778
2020-06-09 20:00:00,3.9117941623263888
2020-06-09 21:00:00,3.9564320203993057
2020-06-09 22:00:00,3.9341688368055556
2020-06-09 23:00:00,3.8258875868055555
2020-06-10 00:00:00,3.878351779513889
2020-06-10 01:00:00,3.7703485785590276
2020-06-10 02:00:00,3.8334952799479165
2020-06-10 03:00:00,3.802653537326389
2020-06-10 04:00:00,3.1346761067708333
2020-06-10 05:00:00,4120.697777777777
2020-06-10 06:00:00,4112.204166666666
2020-06-10 07:00:00,2.9935286458333334
2020-06-10 08:00:00,3.5784708658854165
2020-06-10 09:00:00,1210.1316666666667
2020-06-10 10:00:00,111.39365451388889
2020-06-10 11:00:00,4473.417777777778
2020-06-10 12:00:00,2920.7072222222223
2020-06-10 13:00:00,2.745732964409722
2020-06-10 14:00:00,3.423090277777778
2020-06-10 15:00:00,4.248087565104167
2020-06-10 16:00:00,4.4348141818576385
2020-06-10 17:00:00,4.121514756944444
2020-06-10 18:00:00,4.046591254340278
2020-06-10 19:00:00,3.9567464192708335
2020-06-10 20:00:00,4.2531136067708335
2020-06-10 21:00:00,4.506440700954861
2020-06-10 22:00:00,4.6346636284722225
2020-06-10 23:00:00,4.5037060546875
2020-06-11 00:00:00,4.4806510416666665
2020-06-11 01:00:00,4.415125868055555
2020-06-11 02:00:00,4.484188368055555
2020-06-11 03:00:00,4.513253038194445
2020-06-11 04:00:00,3.8986113823784723
2020-06-11 05:00:00,3608.566388888889
2020-06-11 06:00:00,4785.289444444445
2020-06-11 07:00:00,1.7052259657118056
2020-06-11 08:00:00,1.8316048177083333
2020-06-11 09:00:00,1.6087820095486112
2020-06-11 10:00:00,517.1147569444445
2020-06-11 11:00:00,3429.902777777778
2020-06-11 12:00:00,1970.6641666666667
2020-06-11 13:00:00,3.930110134548611
2020-06-11 14:00:00,4.6678244357638885
2020-06-11 15:00:00,4.725048828125
2020-06-11 16:00:00,4.72970703125
2020-06-11 17:00:00,4.6855300564236115
2020-06-11 18:00:00,4.677167426215278
2020-06-11 19:00:00,4.650075954861111
2020-06-11 20:00:00,4.706452907986111
2020-06-11 21:00:00,4.713251953125
2020-06-11 22:00:00,4.682101236979166
2020-06-11 23:00:00,4.7221907552083335
2020-06-12 00:00:00,4.725592447916667
2020-06-12 01:00:00,4.692160373263889
2020-06-12 02:00:00,4.703961588541667
2020-06-12 03:00:00,4.708887803819445
2020-06-12 04:00:00,3.890120442708333
2020-06-12 05:00:00,3810.242777777778
2020-06-12 06:00:00,4513.389444444444
2020-06-12 07:00:00,1.6766353352864583
2020-06-12 08:00:00,1318.7509722222221
2020-06-12 09:00:00,2.0843435329861113
2020-06-12 10:00:00,391.22552083333335
2020-06-12 11:00:00,5270.285555555555
2020-06-12 12:00:00,6341.48
2020-06-12 13:00:00,6888.887777777778
2020-06-12 14:00:00,508.4761458333333
2020-06-12 15:00:00,2.2198494466145835
2020-06-12 16:00:00,3.1533159722222224
2020-06-12 17:00:00,4.13609375
2020-06-12 18:00:00,4.6433685980902775
2020-06-12 19:00:00,4.754034288194444
2020-06-12 20:00:00,4.774284939236111
2020-06-12 21:00:00,4.650921223958333
2020-06-12 22:00:00,4.678480902777777
2020-06-12 23:00:00,4.723127170138889
2020-06-13 00:00:00,4.787192925347222
2020-06-13 01:00:00,4.691053602430555
2020-06-13 02:00:00,4.683512369791667
2020-06-13 03:00:00,4.639605034722222
2020-06-13 04:00:00,258.1961979166667
2020-06-13 05:00:00,6427.553333333333
2020-06-13 06:00:00,3470.9977777777776
2020-06-13 07:00:00,1.7447105577256945
2020-06-13 08:00:00,5706.376666666667
2020-06-13 09:00:00,1.719563259548611
2020-06-13 10:00:00,2.0726255967881944
2020-06-13 11:00:00,3.2812953016493056
2020-06-13 12:00:00,4.081456705729167
2020-06-13 13:00:00,4.300296766493055
2020-06-13 14:00:00,4.410352105034722
2020-06-13 15:00:00,4.183494194878472
2020-06-13 16:00:00,2.301024848090278
2020-06-13 17:00:00,0.0
2020-06-13 18:00:00,0.0
2020-06-13 19:00:00,0.0
2020-06-13 20:00:00,0.0
2020-06-13 21:00:00,0.0
2020-06-13 22:00:00,0.0
2020-06-13 23:00:00,0.0
2020-06-14 00:00:00,0.0
2020-06-14 01:00:00,0.0
2020-06-14 02:00:00,0.0
2020-06-14 03:00:00,0.0
2020-06-14 04:00:00,0.0
2020-06-14 05:00:00,0.0
2020-06-14 06:00:00,0.0
2020-06-14 07:00:00,0.0
2020-06-14 08:00:00,0.0
2020-06-14 09:00:00,0.0
2020-06-14 10:00:00,0.0
2020-06-14 11:00:00,0.0
2020-06-14 12:00:00,0.0
2020-06-14 13:00:00,0.0
2020-06-14 14:00:00,0.0
2020-06-14 15:00:00,0.0
2020-06-14 16:00:00,0.0
2020-06-14 17:00:00,0.0
2020-06-14 18:00:00,0.0
2020-06-14 19:00:00,0.0
2020-06-14 20:00:00,0.0
2020-06-14 21:00:00,0.0
2020-06-14 22:00:00,0.0
2020-06-14 23:00:00,0.0
2020-06-15 00:00:00,0.0
2020-06-15 01:00:00,0.0
2020-06-15 02:00:00,0.0
2020-06-15 03:00:00,0.0
2020-06-15 04:00:00,0.0
2020-06-15 05:00:00,0.0
2020-06-15 06:00:00,0.0
2020-06-15 07:00:00,0.0
2020-06-15 08:00:00,0.0
2020-06-15 09:00:00,0.0
2020-06-15 10:00:00,0.0
2020-06-15 11:00:00,0.0
2020-06-15 12:00:00,0.0
2020-06-15 13:00:00,0.0
2020-06-15 14:00:00,0.0
2020-06-15 15:00:00,0.0
2020-06-15 16:00:00,0.0
2020-06-15 17:00:00,0.0
2020-06-15 18:00:00,0.0
2020-06-15 19:00:00,0.0
2020-06-15 20:00:00,0.0
2020-06-15 21:00:00,0.0
2020-06-15 22:00:00,0.0
2020-06-15 23:00:00,0.0
2020-06-16 00:00:00,0.0
2020-06-16 01:00:00,0.0
2020-06-16 02:00:00,0.0
2020-06-16 03:00:00,0.0
2020-06-16 04:00:00,0.0
2020-06-16 05:00:00,0.0
2020-06-16 06:00:00,0.0
2020-06-16 07:00:00,0.0
2020-06-16 08:00:00,0.0
2020-06-16 09:00:00,0.0
2020-06-16 10:00:00,0.0
2020-06-16 11:00:00,0.0
2020-06-16 12:00:00,0.0
2020-06-16 13:00:00,0.0
2020-06-16 14:00:00,0.0
2020-06-16 15:00:00,0.0
2020-06-16 16:00:00,0.0
2020-06-16 17:00:00,0.0
2020-06-16 18:00:00,0.0
2020-06-16 19:00:00,0.0
2020-06-16 20:00:00,0.0
2020-06-16 21:00:00,0.0
2020-06-16 22:00:00,0.0
2020-06-16 23:00:00,0.0
2020-06-17 00:00:00,0.0
2020-06-17 01:00:00,0.0
2020-06-17 02:00:00,0.0
2020-06-17 03:00:00,0.0
2020-06-17 04:00:00,0.0
2020-06-17 05:00:00,0.0
2020-06-17 06:00:00,0.0
2020-06-17 07:00:00,0.0
2020-06-17 08:00:00,0.0
2020-06-17 09:00:00,0.0
2020-06-17 10:00:00,0.0
2020-06-17 11:00:00,0.0
2020-06-17 12:00:00,0.0
2020-06-17 13:00:00,0.0
2020-06-17 14:00:00,0.0
2020-06-17 15:00:00,0.0
2020-06-17 16:00:00,0.0
2020-06-17 17:00:00,0.0
2020-06-17 18:00:00,0.0
2020-06-17 19:00:00,0.0
2020-06-17 20:00:00,0.0
2020-06-17 21:00:00,0.0
2020-06-17 22:00:00,0.0
2020-06-17 23:00:00,0.0
2020-06-18 00:00:00,0.0
2020-06-18 01:00:00,0.0
2020-06-18 02:00:00,0.0
2020-06-18 03:00:00,0.0
2020-06-18 04:00:00,0.0
2020-06-18 05:00:00,0.0
2020-06-18 06:00:00,0.0
2020-06-18 07:00:00,0.0
2020-06-18 08:00:00,0.0
2020-06-18 09:00:00,0.0
2020-06-18 10:00:00,0.0
2020-06-18 11:00:00,0.0
2020-06-18 12:00:00,0.0
2020-06-18 13:00:00,0.0
2020-06-18 14:00:00,0.0
2020-06-18 15:00:00,0.0
2020-06-18 16:00:00,0.0
2020-06-18 17:00:00,0.0
2020-06-18 18:00:00,0.0
2020-06-18 19:00:00,0.0
2020-06-18 20:00:00,0.0
2020-06-18 21:00:00,0.0
2020-06-18 22:00:00,0.0
2020-06-18 23:00:00,0.0
2020-06-19 00:00:00,0.0
2020-06-19 01:00:00,0.0
2020-06-19 02:00:00,0.0
2020-06-19 03:00:00,0.0
2020-06-19 04:00:00,0.0
2020-06-19 05:00:00,0.0
2020-06-19 06:00:00,0.0
2020-06-19 07:00:00,0.0
2020-06-19 08:00:00,0.0
2020-06-19 09:00:00,0.0
2020-06-19 10:00:00,0.0
2020-06-19 11:00:00,0.0
2020-06-19 12:00:00,0.0
2020-06-19 13:00:00,0.0
2020-06-19 14:00:00,0.0
2020-06-19 15:00:00,0.0
2020-06-19 16:00:00,0.0
2020-06-19 17:00:00,0.0
2020-06-19 18:00:00,0.0
2020-06-19 19:00:00,0.0
2020-06-19 20:00:00,0.0
2020-06-19 21:00:00,0.0
2020-06-19 22:00:00,0.0
2020-06-19 23:00:00,0.0
2020-06-20 00:00:00,0.0
2020-06-20 01:00:00,0.0
2020-06-20 02:00:00,0.0
2020-06-20 03:00:00,0.0
2020-06-20 04:00:00,0.0
2020-06-20 05:00:00,0.0
2020-06-20 06:00:00,0.0
2020-06-20 07:00:00,0.0
2020-06-20 08:00:00,0.0
2020-06-20 09:00:00,0.0
2020-06-20 10:00:00,0.0
2020-06-20 11:00:00,0.0
2020-06-20 12:00:00,0.0
2020-06-20 13:00:00,0.0
2020-06-20 14:00:00,0.0
2020-06-20 15:00:00,0.0
2020-06-20 16:00:00,0.0
2020-06-20 17:00:00,0.0
2020-06-20 18:00:00,0.0
2020-06-20 19:00:00,0.0
2020-06-20 20:00:00,0.0
2020-06-20 21:00:00,0.0
2020-06-20 22:00:00,0.0
2020-06-20 23:00:00,0.0
2020-06-21 00:00:00,0.0
2020-06-21 01:00:00,0.0
2020-06-21 02:00:00,0.0
2020-06-21 03:00:00,0.0
2020-06-21 04:00:00,0.0
2020-06-21 05:00:00,0.0
2020-06-21 06:00:00,0.0
2020-06-21 07:00:00,0.0
2020-06-21 08:00:00,0.0
2020-06-21 09:00:00,0.0
2020-06-21 10:00:00,0.0
2020-06-21 11:00:00,0.0
2020-06-21 12:00:00,0.0
2020-06-21 13:00:00,0.0
2020-06-21 14:00:00,0.0
2020-06-21 15:00:00,0.0
2020-06-21 16:00:00,0.0
2020-06-21 17:00:00,0.0
2020-06-21 18:00:00,0.0
2020-06-21 19:00:00,0.0
2020-06-21 20:00:00,0.0
2020-06-21 21:00:00,0.0
2020-06-21 22:00:00,0.0
2020-06-21 23:00:00,0.0
2020-06-22 00:00:00,0.0
2020-06-22 01:00:00,0.0
2020-06-22 02:00:00,0.0
2020-06-22 03:00:00,0.0
2020-06-22 04:00:00,0.0
2020-06-22 05:00:00,0.0
2020-06-22 06:00:00,0.0
2020-06-22 07:00:00,0.0
2020-06-22 08:00:00,0.0
2020-06-22 09:00:00,0.0
2020-06-22 10:00:00,0.0
2020-06-22 11:00:00,0.0
2020-06-22 12:00:00,0.0
2020-06-22 13:00:00,0.0
2020-06-22 14:00:00,0.0
2020-06-22 15:00:00,0.0
2020-06-22 16:00:00,0.0
2020-06-22 17:00:00,0.0
2020-06-22 18:00:00,0.0
2020-06-22 19:00:00,0.0
2020-06-22 20:00:00,0.0
2020-06-22 21:00:00,0.0
2020-06-22 22:00:00,0.0
2020-06-22 23:00:00,0.0
2020-06-23 00:00:00,0.0
2020-06-23 01:00:00,0.0
2020-06-23 02:00:00,0.0
2020-06-23 03:00:00,0.0
2020-06-23 04:00:00,0.0
2020-06-23 05:00:00,0.0
2020-06-23 06:00:00,0.0
2020-06-23 07:00:00,0.0
2020-06-23 08:00:00,2387.446388888889
2020-06-23 09:00:00,2.6432554796006946
2020-06-23 10:00:00,36.498394097222224
2020-06-23 11:00:00,4813.730555555556
2020-06-23 12:00:00,10503.467777777778
2020-06-23 13:00:00,6148.013888888889
2020-06-23 14:00:00,1.6521686469184027
2020-06-23 15:00:00,3.3908341471354166
2020-06-23 16:00:00,4.406741536458333
2020-06-23 17:00:00,4.4953626844618055
2020-06-23 18:00:00,4.611944444444444
2020-06-23 19:00:00,4.557774522569445
2020-06-23 20:00:00,4.67845703125
2020-06-23 21:00:00,4.583656684027778
2020-06-23 22:00:00,4.6882112630208335
2020-06-23 23:00:00,4.6255479600694445
2020-06-24 00:00:00,4.742641059027778
2020-06-24 01:00:00,4.578134765625
2020-06-24 02:00:00,4.401858723958333
2020-06-24 03:00:00,4.48978271484375
2020-06-24 04:00:00,4.058921983506944
2020-06-24 05:00:00,4634.7444444444445
2020-06-24 06:00:00,3240.8077777777776
2020-06-24 07:00:00,1.9685419379340279
2020-06-24 08:00:00,2.670751953125
2020-06-24 09:00:00,3.0595024956597223
2020-06-24 10:00:00,2.1643608940972223
2020-06-24 11:00:00,1969.7634722222222
2020-06-24 12:00:00,999.2652083333334
2020-06-24 13:00:00,2.5489369032118057
2020-06-24 14:00:00,2.569198947482639
2020-06-24 15:00:00,3.711156684027778
2020-06-24 16:00:00,4.057075737847223
2020-06-24 17:00:00,4.146700303819444
2020-06-24 18:00:00,4.060479600694444
2020-06-24 19:00:00,4.227314724392361
2020-06-24 20:00:00,4.095114203559028
2020-06-24 21:00:00,3.9151524522569443
2020-06-24 22:00:00,4.231142578125
2020-06-24 23:00:00,4.196116536458334
2020-06-25 00:00:00,4.3717654079861115
2020-06-25 01:00:00,4.574046766493056
2020-06-25 02:00:00,4.655057508680556
2020-06-25 03:00:00,4.660065646701389
2020-06-25 04:00:00,4.4661257595486115
2020-06-25 05:00:00,5590.022222222222
2020-06-25 06:00:00,4627.166111111111
2020-06-25 07:00:00,2.3287266710069443
2020-06-25 08:00:00,2.8123516167534723
2020-06-25 09:00:00,3.2332831488715277
2020-06-25 10:00:00,1.984880099826389
2020-06-25 11:00:00,2116.96007297092
2020-06-25 12:00:00,4276.790277777778
2020-06-25 13:00:00,101.77911458333334
2020-06-25 14:00:00,2.3645030381944445
2020-06-25 15:00:00,3.044538302951389
2020-06-25 16:00:00,3.2454527452256943
2020-06-25 17:00:00,3.307334526909722
2020-06-25 18:00:00,3.2673204210069446
2020-06-25 19:00:00,3.199963107638889
2020-06-25 20:00:00,3.2391685655381943
2020-06-25 21:00:00,3.4160218641493056
2020-06-25 22:00:00,3.2349785698784723
2020-06-25 23:00:00,3.3946668836805554
2020-06-26 00:00:00,3.4979790581597223
2020-06-26 01:00:00,3.7696017795138888
2020-06-26 02:00:00,3.949956325954861
2020-06-26 03:00:00,4.3485205078125
2020-06-26 04:00:00,5252.856666666667
2020-06-26 05:00:00,6295.258888888889
2020-06-26 06:00:00,5548.86
2020-06-26 07:00:00,3423.8180555555555
2020-06-26 08:00:00,1.9200341796875
2020-06-26 09:00:00,2.308207465277778
2020-06-26 10:00:00,1.75430908203125
2020-06-26 11:00:00,1.4218980577256946
2020-06-26 12:00:00,6543.668333333333
2020-06-26 13:00:00,5425.2
2020-06-26 14:00:00,1.737986111111111
2020-06-26 15:00:00,2.2978499348958334
2020-06-26 16:00:00,2.6998990885416667
2020-06-26 17:00:00,2.7424061414930554
2020-06-26 18:00:00,2.781085883246528
2020-06-26 19:00:00,2.801691080729167
2020-06-26 20:00:00,2.7428206380208335
2020-06-26 21:00:00,2.8174571397569443
2020-06-26 22:00:00,3.0316590711805556
2020-06-26 23:00:00,3.1468600802951388
2020-06-27 00:00:00,3.1554931640625
2020-06-27 01:00:00,3.2998402235243054
2020-06-27 02:00:00,3.556393771701389
2020-06-27 03:00:00,3.8710362413194446
2020-06-27 04:00:00,115.27895833333334
2020-06-27 05:00:00,6433.572777777777
2020-06-27 06:00:00,2184.726111111111
2020-06-27 07:00:00,1526.8215277777779
2020-06-27 08:00:00,6449.796666666667
2020-06-27 09:00:00,1153.628611111111
2020-06-27 10:00:00,2.6412315538194444
2020-06-27 11:00:00,1.963366427951389
2020-06-27 12:00:00,1.6069124348958332
2020-06-27 13:00:00,2.3232554796006943
2020-06-27 14:00:00,2.8085009765625
2020-06-27 15:00:00,2.96130615234375
2020-06-27 16:00:00,2.9660270182291666
2020-06-27 17:00:00,3.020905490451389
2020-06-27 18:00:00,2.9819878472222223
2020-06-27 19:00:00,3.013965386284722
2020-06-27 20:00:00,3.2151985677083332
2020-06-27 21:00:00,3.0825906032986112
2020-06-27 22:00:00,3.37603515625
2020-06-27 23:00:00,3.4471082899305556
2020-06-28 00:00:00,3.530156792534722
2020-06-28 01:00:00,3.75224853515625
2020-06-28 02:00:00,4.089162868923611
2020-06-28 03:00:00,4.095475531684028
2020-06-28 04:00:00,370.8153819444444
2020-06-28 05:00:00,6431.391111111111
2020-06-28 06:00:00,6625.651666666667
2020-06-28 07:00:00,1820.108888888889
2020-06-28 08:00:00,2.18377197265625
2020-06-28 09:00:00,1.7464805772569445
2020-06-28 10:00:00,2.092765570746528
2020-06-28 11:00:00,3.3741764322916667
2020-06-28 12:00:00,4.239246419270834
2020-06-28 13:00:00,4.516278211805556
2020-06-28 14:00:00,4.383069118923611
2020-06-28 15:00:00,4.576833767361111
2020-06-28 16:00:00,4.611440972222222
2020-06-28 17:00:00,4.5963357204861115
2020-06-28 18:00:00,4.573759765625
2020-06-28 19:00:00,4.6522856987847225
2020-06-28 20:00:00,4.659084201388889
2020-06-28 21:00:00,4.550807562934028
2020-06-28 22:00:00,4.659407552083334
2020-06-28 23:00:00,4.653413628472222
2020-06-29 00:00:00,4.542452528211806
2020-06-29 01:00:00,4.656340060763889
2020-06-29 02:00:00,4.626666666666667
2020-06-29 03:00:00,4.967928602430556
2020-06-29 04:00:00,1256.4225
2020-06-29 05:00:00,6755.252222222222
2020-06-29 06:00:00,9867.25888888889
2020-06-29 07:00:00,3231.4744444444445
2020-06-29 08:00:00,10742.686666666666
2020-06-29 09:00:00,11030.607777777777
2020-06-29 10:00:00,5113.033333333334
2020-06-29 11:00:00,10285.90888888889
2020-06-29 12:00:00,11531.964444444444
2020-06-29 13:00:00,7413.1211111111115
2020-06-29 14:00:00,3046.7219444444445
2020-06-29 15:00:00,1.743734130859375
2020-06-29 16:00:00,2.9964268663194447
2020-06-29 17:00:00,4.022919379340278
2020-06-29 18:00:00,4.392423773871528
2020-06-29 19:00:00,4.5622390407986115
2020-06-29 20:00:00,4.686815321180555
2020-06-29 21:00:00,4.721906467013889
2020-06-29 22:00:00,4.794053819444445
2020-06-29 23:00:00,4.561110568576389
2020-06-30 00:00:00,4.683679470486111
2020-06-30 01:00:00,4.679156358506944
2020-06-30 02:00:00,4.556633029513889
2020-06-30 03:00:00,4.553091362847222
2020-06-30 04:00:00,4.0494574652777775
2020-06-30 05:00:00,4894.762222222223
2020-06-30 06:00:00,6721.618333333333
2020-06-30 07:00:00,3321.4569444444446
2020-06-30 08:00:00,4608.698333333334
2020-06-30 09:00:00,7697.39
2020-06-30 10:00:00,736.2777777777778
2020-06-30 11:00:00,6343.755
2020-06-30 12:00:00,10831.16
2020-06-30 13:00:00,2612.3158333333336
2020-06-30 14:00:00,2.105931803385417
2020-06-30 15:00:00,3.775134548611111
2020-06-30 16:00:00,4.8318923611111115
2020-06-30 17:00:00,4.8490603298611115
2020-06-30 18:00:00,4.7601123046875
2020-06-30 19:00:00,4.8050927734375
2020-06-30 20:00:00,4.765475260416666
2020-06-30 21:00:00,4.727471788194444
2020-06-30 22:00:00,4.761664496527778
2020-06-30 23:00:00,4.770544704861111
2020-07-01 00:00:00,4.80904296875
2020-07-01 01:00:00,4.767756618923611
2020-07-01 02:00:00,4.7816259765625
2020-07-01 03:00:00,4.631354166666667
2020-07-01 04:00:00,3.8721601019965277
2020-07-01 05:00:00,5104.142777777778
2020-07-01 06:00:00,4117.244652777777
2020-07-01 07:00:00,1.9466016981336804
2020-07-01 08:00:00,4736.309444444444
2020-07-01 09:00:00,4706.867222222222
2020-07-01 10:00:00,1.662966579861111
2020-07-01 11:00:00,114.9914670138889
2020-07-01 12:00:00,4355.860555555556
2020-07-01 13:00:00,3243.6755555555555
2020-07-01 14:00:00,2.740716959635417
2020-07-01 15:00:00,4.210415310329861
2020-07-01 16:00:00,4.600532769097223
2020-07-01 17:00:00,4.679479166666667
2020-07-01 18:00:00,4.598961046006944
2020-07-01 19:00:00,4.642422960069444
2020-07-01 20:00:00,4.637643229166667
2020-07-01 21:00:00,4.663600260416667
2020-07-01 22:00:00,4.694806857638889
2020-07-01 23:00:00,4.726716037326389
2020-07-02 00:00:00,4.771619466145833
2020-07-02 01:00:00,4.736364474826389
2020-07-02 02:00:00,4.70306640625
2020-07-02 03:00:00,4.615748155381945
2020-07-02 04:00:00,3.93468017578125
2020-07-02 05:00:00,5256.124444444445
2020-07-02 06:00:00,6076.167777777778
2020-07-02 07:00:00,1.6230905490451388
2020-07-02 08:00:00,2.514496799045139
2020-07-02 09:00:00,2.1395601399739586
2020-07-02 10:00:00,2.2297870551215278
2020-07-02 11:00:00,2.224189724392361
2020-07-02 12:00:00,1.8546002875434027
2020-07-02 13:00:00,3874.1425
2020-07-02 14:00:00,1459.83375
2020-07-02 15:00:00,4.20642822265625
2020-07-02 16:00:00,4.501370985243056
2020-07-02 17:00:00,4.586531575520834
2020-07-02 18:00:00,4.661834852430555
2020-07-02 19:00:00,4.524128146701389
2020-07-02 20:00:00,4.5929969618055555
2020-07-02 21:00:00,4.605479600694444
2020-07-02 22:00:00,4.610835503472222
2020-07-02 23:00:00,4.604685329861111
2020-07-03 00:00:00,4.613875868055556
2020-07-03 01:00:00,4.638965928819444
2020-07-03 02:00:00,4.611036241319445
2020-07-03 03:00:00,4.604827473958333
2020-07-03 04:00:00,3.8513723415798613
2020-07-03 05:00:00,4658.359444444444
2020-07-03 06:00:00,6355.5888888888885
2020-07-03 07:00:00,6714.226111111111
2020-07-03 08:00:00,6742.915555555555
2020-07-03 09:00:00,6066.6322222222225
2020-07-03 10:00:00,226.82708333333332
2020-07-03 11:00:00,481.0260763888889
2020-07-03 12:00:00,1760.533888888889
2020-07-03 13:00:00,2959.836111111111
2020-07-03 14:00:00,4.22829345703125
2020-07-03 15:00:00,4.711534288194445
2020-07-03 16:00:00,4.560954861111111
2020-07-03 17:00:00,4.675404730902778
2020-07-03 18:00:00,4.5897439236111115
2020-07-03 19:00:00,4.534012315538194
2020-07-03 20:00:00,4.592826063368055
2020-07-03 21:00:00,4.618360460069445
2020-07-03 22:00:00,4.710506727430555
2020-07-03 23:00:00,4.664352213541667
2020-07-04 00:00:00,4.708811306423611
2020-07-04 01:00:00,4.717901475694444
2020-07-04 02:00:00,4.720116102430556
2020-07-04 03:00:00,4.695141059027778
2020-07-04 04:00:00,4.6952001953125
2020-07-04 05:00:00,5960.526111111111
2020-07-04 06:00:00,2794.8980555555554
2020-07-04 07:00:00,1.9490421549479167
2020-07-04 08:00:00,4741.262777777778
2020-07-04 09:00:00,2319.1090277777776
2020-07-04 10:00:00,3.29908935546875
2020-07-04 11:00:00,4.600712890625
2020-07-04 12:00:00,4.749747721354167
2020-07-04 13:00:00,4.774945746527778
2020-07-04 14:00:00,4.724078776041667
2020-07-04 15:00:00,4.6265679253472225
2020-07-04 16:00:00,4.752896592881944
2020-07-04 17:00:00,4.664592013888889
2020-07-04 18:00:00,4.7013151041666665
2020-07-04 19:00:00,4.680642361111111
2020-07-04 20:00:00,4.752576497395833
2020-07-04 21:00:00,4.7223046875
2020-07-04 22:00:00,4.649090711805556
2020-07-04 23:00:00,4.6901274956597225
2020-07-05 00:00:00,4.7372450086805555
2020-07-05 01:00:00,4.798017578125
2020-07-05 02:00:00,4.766122504340278
2020-07-05 03:00:00,4.680633138020833
2020-07-05 04:00:00,4.6789344618055555
2020-07-05 05:00:00,5481.612222222222
2020-07-05 06:00:00,6416.935555555556
2020-07-05 07:00:00,1998.16
2020-07-05 08:00:00,1.766380886501736
2020-07-05 09:00:00,2.010318060980903
2020-07-05 10:00:00,2.5721758355034723
2020-07-05 11:00:00,3.8986908637152777
2020-07-05 12:00:00,4.237166612413194
2020-07-05 13:00:00,4.579657118055556
2020-07-05 14:00:00,4.573257378472222
2020-07-05 15:00:00,4.590633138020833
2020-07-05 16:00:00,4.652517361111111
2020-07-05 17:00:00,4.637813585069445
2020-07-05 18:00:00,4.626784396701389
2020-07-05 19:00:00,4.652343207465278
2020-07-05 20:00:00,4.866381293402778
2020-07-05 21:00:00,4.771159939236111
2020-07-05 22:00:00,4.906771918402778
2020-07-05 23:00:00,4.8078369140625
2020-07-06 00:00:00,4.875202907986111
2020-07-06 01:00:00,4.909016927083333
2020-07-06 02:00:00,4.849120551215278
2020-07-06 03:00:00,4.5124951171875
2020-07-06 04:00:00,2589.193333333333
2020-07-06 05:00:00,8150.950555555555
2020-07-06 06:00:00,2708.7194444444444
2020-07-06 07:00:00,7506.341666666666
2020-07-06 08:00:00,11104.844444444445
2020-07-06 09:00:00,4204.821666666667
2020-07-06 10:00:00,7006.43
2020-07-06 11:00:00,8118.18
2020-07-06 12:00:00,6819.762222222223
2020-07-06 13:00:00,2.555577799479167
2020-07-06 14:00:00,4.4518402777777775
2020-07-06 15:00:00,5.035968967013889
2020-07-06 16:00:00,4.731004774305555
2020-07-06 17:00:00,4.694956597222222
2020-07-06 18:00:00,4.656376410590278
2020-07-06 19:00:00,4.712437065972222
2020-07-06 20:00:00,4.680876736111111
2020-07-06 21:00:00,4.669501410590278
2020-07-06 22:00:00,4.653108723958334
2020-07-06 23:00:00,4.655482855902778
2020-07-07 00:00:00,4.517892523871528
2020-07-07 01:00:00,4.509867350260417
2020-07-07 02:00:00,4.557482638888889
2020-07-07 03:00:00,4.569461805555555
2020-07-07 04:00:00,4.258154296875
2020-07-07 05:00:00,5757.291111111111
2020-07-07 06:00:00,2884.913611111111
2020-07-07 07:00:00,2.092235649956597
2020-07-07 08:00:00,4348.386111111111
2020-07-07 09:00:00,5595.383333333333
2020-07-07 10:00:00,2724.333611111111
2020-07-07 11:00:00,10491.553333333333
2020-07-07 12:00:00,11794.446666666667
2020-07-07 13:00:00,5092.143888888889
2020-07-07 14:00:00,2.654643012152778
2020-07-07 15:00:00,4.200594075520834
2020-07-07 16:00:00,4.328628472222222
2020-07-07 17:00:00,4.361986762152778
2020-07-07 18:00:00,4.299952256944445
2020-07-07 19:00:00,4.189772135416667
2020-07-07 20:00:00,4.265861002604167
2020-07-07 21:00:00,4.238061794704861
2020-07-07 22:00:00,4.249924045138889
2020-07-07 23:00:00,4.295948350694444
2020-07-08 00:00:00,4.265002170138889
2020-07-08 01:00:00,4.169144965277778
2020-07-08 02:00:00,4.142115885416667
2020-07-08 03:00:00,4.132265625
2020-07-08 04:00:00,3.5813929578993053
2020-07-08 05:00:00,5466.825555555555
2020-07-08 06:00:00,5517.0488888888885
2020-07-08 07:00:00,1.9425664605034723
2020-07-08 08:00:00,3.603104926215278
2020-07-08 09:00:00,4.408330078125
2020-07-08 10:00:00,3.513932562934028
2020-07-08 11:00:00,3.7280262586805555
2020-07-08 12:00:00,971.1970138888889
2020-07-08 13:00:00,3.0831236436631944
2020-07-08 14:00:00,464.84788194444445
2020-07-08 15:00:00,3.9892724609375
2020-07-08 16:00:00,4.067251519097222
2020-07-08 17:00:00,4.1992377387152775
2020-07-08 18:00:00,4.236907009548611
2020-07-08 19:00:00,4.153273111979167
2020-07-08 20:00:00,4.174437934027778
2020-07-08 21:00:00,4.212227647569445
2020-07-08 22:00:00,4.165866970486111
2020-07-08 23:00:00,4.245276421440972
2020-07-09 00:00:00,4.273557942708333
2020-07-09 01:00:00,4.295418294270833
2020-07-09 02:00:00,4.274921061197917
2020-07-09 03:00:00,4.297805989583333
2020-07-09 04:00:00,3.694860026041667
2020-07-09 05:00:00,5179.999444444445
2020-07-09 06:00:00,5577.225555555556
2020-07-09 07:00:00,1.4173345269097222
2020-07-09 08:00:00,1032.6927777777778
2020-07-09 09:00:00,4336.475555555556
2020-07-09 10:00:00,443.02520833333335
2020-07-09 11:00:00,2009.1293055555554
2020-07-09 12:00:00,3.72476466298647
