timestamp,consumption
2020-02-01 00:00:00,14.185223524305556
2020-02-01 01:00:00,330.58440972222223
2020-02-01 02:00:00,330.0198263888889
2020-02-01 03:00:00,313.32395833333334
2020-02-01 04:00:00,308.8619791666667
2020-02-01 05:00:00,394.834375
2020-02-01 06:00:00,311.05833333333334
2020-02-01 07:00:00,326.9272916666667
2020-02-01 08:00:00,320.17027777777776
2020-02-01 09:00:00,305.2576388888889
2020-02-01 10:00:00,331.6356597222222
2020-02-01 11:00:00,355.7871527777778
2020-02-01 12:00:00,354.078125
2020-02-01 13:00:00,347.06392361111114
2020-02-01 14:00:00,348.83243055555556
2020-02-01 15:00:00,350.4770486111111
2020-02-01 16:00:00,357.7606597222222
2020-02-01 17:00:00,321.2917361111111
2020-02-01 18:00:00,307.07875
2020-02-01 19:00:00,295.9890277777778
2020-02-01 20:00:00,296.84447916666664
2020-02-01 21:00:00,296.305
2020-02-01 22:00:00,296.4213541666667
2020-02-01 23:00:00,302.1922916666667
2020-02-02 00:00:00,300.8594097222222
2020-02-02 01:00:00,299.53680555555553
2020-02-02 02:00:00,296.6560416666667
2020-02-02 03:00:00,298.1457291666667
2020-02-02 04:00:00,300.4766666666667
2020-02-02 05:00:00,369.0270486111111
2020-02-02 06:00:00,303.9927777777778
2020-02-02 07:00:00,299.4926388888889
2020-02-02 08:00:00,301.8305555555556
2020-02-02 09:00:00,303.12625
2020-02-02 10:00:00,303.59822916666667
2020-02-02 11:00:00,304.5986111111111
2020-02-02 12:00:00,305.7554166666667
2020-02-02 13:00:00,304.19159722222224
2020-02-02 14:00:00,310.59319444444446
2020-02-02 15:00:00,306.3754166666667
2020-02-02 16:00:00,308.61010416666664
2020-02-02 17:00:00,308.7245138888889
2020-02-02 18:00:00,304.96236111111114
2020-02-02 19:00:00,307.2210416666667
2020-02-02 20:00:00,303.5079166666667
2020-02-02 21:00:00,304.49590277777776
2020-02-02 22:00:00,303.7507638888889
2020-02-02 23:00:00,305.9866666666667
2020-02-03 00:00:00,306.48270833333333
2020-02-03 01:00:00,306.1100347222222
2020-02-03 02:00:00,303.2916319444444
2020-02-03 03:00:00,303.37604166666665
2020-02-03 04:00:00,307.4407986111111
2020-02-03 05:00:00,346.18111111111114
2020-02-03 06:00:00,352.2189236111111
2020-02-03 07:00:00,465.18916666666667
2020-02-03 08:00:00,402.42597222222224
2020-02-03 09:00:00,413.22246527777776
2020-02-03 10:00:00,412.12663194444445
2020-02-03 11:00:00,416.1190972222222
2020-02-03 12:00:00,449.5887152777778
2020-02-03 13:00:00,440.3777083333333
2020-02-03 14:00:00,301.56659722222224
2020-02-03 15:00:00,303.5995833333333
2020-02-03 16:00:00,297.9865277777778
2020-02-03 17:00:00,298.8517013888889
2020-02-03 18:00:00,299.985
2020-02-03 19:00:00,305.69854166666664
2020-02-03 20:00:00,305.3976736111111
2020-02-03 21:00:00,303.1115277777778
2020-02-03 22:00:00,302.2051041666667
2020-02-03 23:00:00,305.4871527777778
2020-02-04 00:00:00,305.69090277777775
2020-02-04 01:00:00,305.8913888888889
2020-02-04 02:00:00,304.79815972222224
2020-02-04 03:00:00,305.43
2020-02-04 04:00:00,304.54826388888887
2020-02-04 05:00:00,374.46986111111113
2020-02-04 06:00:00,465.6995138888889
2020-02-04 07:00:00,396.9425694444444
2020-02-04 08:00:00,290.83225694444445
2020-02-04 09:00:00,343.1041319444444
2020-02-04 10:00:00,345.774375
2020-02-04 11:00:00,345.4590972222222
2020-02-04 12:00:00,344.55583333333334
2020-02-04 13:00:00,340.1357638888889
2020-02-04 14:00:00,339.25989583333336
2020-02-04 15:00:00,337.15479166666665
2020-02-04 16:00:00,333.64402777777775
2020-02-04 17:00:00,340.37086805555555
2020-02-04 18:00:00,338.9523611111111
2020-02-04 19:00:00,342.0284722222222
2020-02-04 20:00:00,342.1311111111111
2020-02-04 21:00:00,343.33125
2020-02-04 22:00:00,342.5239583333333
2020-02-04 23:00:00,339.4449652777778
2020-02-05 00:00:00,341.9298611111111
2020-02-05 01:00:00,344.53795138888887
2020-02-05 02:00:00,342.0548263888889
2020-02-05 03:00:00,343.838125
2020-02-05 04:00:00,296.5832638888889
2020-02-05 05:00:00,150.91626736111112
2020-02-05 06:00:00,150.90902777777777
2020-02-05 07:00:00,277.04614583333336
2020-02-05 08:00:00,192.1357986111111
2020-02-05 09:00:00,322.98020833333334
2020-02-05 10:00:00,245.44873263888888
2020-02-05 11:00:00,248.91479166666667
2020-02-05 12:00:00,250.47060763888888
2020-02-05 13:00:00,249.54456597222222
2020-02-05 14:00:00,188.92357638888888
2020-02-05 15:00:00,153.4503125
2020-02-05 16:00:00,150.1132465277778
2020-02-05 17:00:00,148.84553819444446
2020-02-05 18:00:00,149.20333333333335
2020-02-05 19:00:00,150.20527777777778
2020-02-05 20:00:00,152.3232986111111
2020-02-05 21:00:00,152.42854166666666
2020-02-05 22:00:00,150.14947916666668
2020-02-05 23:00:00,151.6080034722222
2020-02-06 00:00:00,151.52289930555557
2020-02-06 01:00:00,151.87114583333334
2020-02-06 02:00:00,150.66708333333332
2020-02-06 03:00:00,150.46241319444445
2020-02-06 04:00:00,151.37706597222223
2020-02-06 05:00:00,151.08013888888888
2020-02-06 06:00:00,153.16982638888888
2020-02-06 07:00:00,153.27621527777777
2020-02-06 08:00:00,152.57732638888888
2020-02-06 09:00:00,150.9882986111111
2020-02-06 10:00:00,151.2554861111111
2020-02-06 11:00:00,166.06072916666668
2020-02-06 12:00:00,338.5761111111111
2020-02-06 13:00:00,338.9029861111111
2020-02-06 14:00:00,301.80555555555554
2020-02-06 15:00:00,152.12399305555556
2020-02-06 16:00:00,151.75847222222222
2020-02-06 17:00:00,150.219375
2020-02-06 18:00:00,150.0465212673611
2020-02-06 19:00:00,149.90333333333334
2020-02-06 20:00:00,151.45472222222222
2020-02-06 21:00:00,152.86407986111112
2020-02-06 22:00:00,153.36993055555556
2020-02-06 23:00:00,154.52772569444446
2020-02-07 00:00:00,154.61517361111112
2020-02-07 01:00:00,152.10114583333333
2020-02-07 02:00:00,149.89532986111112
2020-02-07 03:00:00,148.90425347222222
2020-02-07 04:00:00,148.0779861111111
2020-02-07 05:00:00,241.1706597222222
2020-02-07 06:00:00,288.55196180555555
2020-02-07 07:00:00,290.59541666666667
2020-02-07 08:00:00,148.34538194444445
2020-02-07 09:00:00,147.35274305555555
2020-02-07 10:00:00,150.91272569444445
2020-02-07 11:00:00,152.06875
2020-02-07 12:00:00,153.33444444444444
2020-02-07 13:00:00,152.07128472222223
2020-02-07 14:00:00,150.70180555555555
2020-02-07 15:00:00,150.18199652777778
2020-02-07 16:00:00,148.46463541666665
2020-02-07 17:00:00,149.3424652777778
2020-02-07 18:00:00,149.1785763888889
2020-02-07 19:00:00,149.07421875
2020-02-07 20:00:00,150.84072916666668
2020-02-07 21:00:00,153.2334375
2020-02-07 22:00:00,150.6696875
2020-02-07 23:00:00,150.70100694444446
2020-02-08 00:00:00,149.58944444444444
2020-02-08 01:00:00,147.86251736111112
2020-02-08 02:00:00,147.074375
2020-02-08 03:00:00,146.2447048611111
2020-02-08 04:00:00,146.96760416666666
2020-02-08 05:00:00,146.19222222222223
2020-02-08 06:00:00,146.37588541666668
2020-02-08 07:00:00,146.5674826388889
2020-02-08 08:00:00,149.9809375
2020-02-08 09:00:00,150.13961805555556
2020-02-08 10:00:00,150.01888888888888
2020-02-08 11:00:00,152.54215277777777
2020-02-08 12:00:00,155.11996527777777
2020-02-08 13:00:00,152.3114236111111
2020-02-08 14:00:00,150.52965277777778
2020-02-08 15:00:00,149.48432291666666
2020-02-08 16:00:00,147.12005208333332
2020-02-08 17:00:00,149.37571180555557
2020-02-08 18:00:00,149.3984375
2020-02-08 19:00:00,150.34152777777777
2020-02-08 20:00:00,150.81012152777777
2020-02-08 21:00:00,153.36638888888888
2020-02-08 22:00:00,152.64288194444444
2020-02-08 23:00:00,152.6435763888889
2020-02-09 00:00:00,152.30536458333333
2020-02-09 01:00:00,150.84420138888888
2020-02-09 02:00:00,150.31979166666667
2020-02-09 03:00:00,148.17284722222223
2020-02-09 04:00:00,150.27253472222222
2020-02-09 05:00:00,151.92024305555555
2020-02-09 06:00:00,152.46145833333333
2020-02-09 07:00:00,150.03302083333332
2020-02-09 08:00:00,151.68944444444443
2020-02-09 09:00:00,151.80828125
2020-02-09 10:00:00,150.67979166666666
2020-02-09 11:00:00,154.22460069444443
2020-02-09 12:00:00,149.85317708333332
2020-02-09 13:00:00,149.78576388888888
2020-02-09 14:00:00,148.7761111111111
2020-02-09 15:00:00,149.28135416666666
2020-02-09 16:00:00,149.01555555555555
2020-02-09 17:00:00,149.4023263888889
2020-02-09 18:00:00,149.5505902777778
2020-02-09 19:00:00,151.60020833333334
2020-02-09 20:00:00,151.49197916666665
2020-02-09 21:00:00,208.3047048611111
2020-02-09 22:00:00,147.93701388888888
2020-02-09 23:00:00,151.07602430555556
2020-02-10 00:00:00,151.53588541666667
2020-02-10 01:00:00,147.49017361111112
2020-02-10 02:00:00,148.0872222222222
2020-02-10 03:00:00,150.01880208333333
2020-02-10 04:00:00,149.93993055555555
2020-02-10 05:00:00,148.30118055555556
2020-02-10 06:00:00,180.27190972222223
2020-02-10 07:00:00,193.43572916666668
2020-02-10 08:00:00,348.170625
2020-02-10 09:00:00,229.81961805555557
2020-02-10 10:00:00,150.81770833333334
2020-02-10 11:00:00,150.3138888888889
2020-02-10 12:00:00,150.17026041666668
2020-02-10 13:00:00,150.46585069444444
2020-02-10 14:00:00,152.71670138888888
2020-02-10 15:00:00,149.86288194444444
2020-02-10 16:00:00,149.2515625
2020-02-10 17:00:00,150.40989583333334
2020-02-10 18:00:00,151.33625
2020-02-10 19:00:00,151.98211805555556
2020-02-10 20:00:00,148.1173611111111
2020-02-10 21:00:00,147.4936111111111
2020-02-10 22:00:00,150.51659722222223
2020-02-10 23:00:00,148.41178819444445
2020-02-11 00:00:00,149.95572916666666
2020-02-11 01:00:00,148.28348958333333
2020-02-11 02:00:00,148.65930555555556
2020-02-11 03:00:00,150.11633680555556
2020-02-11 04:00:00,151.17138888888888
2020-02-11 05:00:00,153.99741319444445
2020-02-11 06:00:00,234.47347222222223
2020-02-11 07:00:00,201.90081597222223
2020-02-11 08:00:00,153.37347222222223
2020-02-11 09:00:00,151.70046875
2020-02-11 10:00:00,153.66041666666666
2020-02-11 11:00:00,150.6000173611111
2020-02-11 12:00:00,152.07256944444444
2020-02-11 13:00:00,152.9261111111111
2020-02-11 14:00:00,153.92788194444444
2020-02-11 15:00:00,150.08458333333334
2020-02-11 16:00:00,149.34027777777777
2020-02-11 17:00:00,148.90506944444445
2020-02-11 18:00:00,148.86440972222223
2020-02-11 19:00:00,150.10600694444443
2020-02-11 20:00:00,150.15475694444444
2020-02-11 21:00:00,149.11572916666665
2020-02-11 22:00:00,149.23074652777777
2020-02-11 23:00:00,149.92767361111112
2020-02-12 00:00:00,150.789375
2020-02-12 01:00:00,151.85913194444444
2020-02-12 02:00:00,150.46930555555556
2020-02-12 03:00:00,149.2601388888889
2020-02-12 04:00:00,149.65430555555557
2020-02-12 05:00:00,151.5509375
2020-02-12 06:00:00,148.28413194444445
2020-02-12 07:00:00,148.22671875
2020-02-12 08:00:00,148.91979166666667
2020-02-12 09:00:00,237.5171701388889
2020-02-12 10:00:00,244.26678819444444
2020-02-12 11:00:00,248.47604166666667
2020-02-12 12:00:00,288.30425347222223
2020-02-12 13:00:00,295.8288932291667
2020-02-12 14:00:00,217.1040625
2020-02-12 15:00:00,151.2693402777778
2020-02-12 16:00:00,147.37958333333333
2020-02-12 17:00:00,146.51126736111112
2020-02-12 18:00:00,149.46414930555557
2020-02-12 19:00:00,153.15048611111112
2020-02-12 20:00:00,154.10765625
2020-02-12 21:00:00,149.20140625
2020-02-12 22:00:00,149.39236111111111
2020-02-12 23:00:00,148.3940625
2020-02-13 00:00:00,151.68465277777779
2020-02-13 01:00:00,150.92637152777777
2020-02-13 02:00:00,150.70647569444444
2020-02-13 03:00:00,151.43618055555555
2020-02-13 04:00:00,152.0455902777778
2020-02-13 05:00:00,225.37041666666667
2020-02-13 06:00:00,237.44930555555555
2020-02-13 07:00:00,151.3167013888889
2020-02-13 08:00:00,154.209375
2020-02-13 09:00:00,153.92317708333334
2020-02-13 10:00:00,154.76366319444443
2020-02-13 11:00:00,223.8164236111111
2020-02-13 12:00:00,213.71848958333334
2020-02-13 13:00:00,203.62399305555556
2020-02-13 14:00:00,151.64375
2020-02-13 15:00:00,152.00277777777777
2020-02-13 16:00:00,152.08489583333332
2020-02-13 17:00:00,151.22555555555556
2020-02-13 18:00:00,150.50788194444445
2020-02-13 19:00:00,152.24145833333333
2020-02-13 20:00:00,153.09310763888888
2020-02-13 21:00:00,154.20694444444445
2020-02-13 22:00:00,152.12614583333334
2020-02-13 23:00:00,148.6909375
2020-02-14 00:00:00,149.07496527777778
2020-02-14 01:00:00,149.13348958333333
2020-02-14 02:00:00,149.09005208333335
2020-02-14 03:00:00,148.48399305555554
2020-02-14 04:00:00,160.81319444444443
2020-02-14 05:00:00,255.1903125
2020-02-14 06:00:00,258.98463541666666
2020-02-14 07:00:00,259.38505208333333
2020-02-14 08:00:00,260.95770833333336
2020-02-14 09:00:00,261.7552777777778
2020-02-14 10:00:00,264.01838541666666
2020-02-14 11:00:00,262.88536458333334
2020-02-14 12:00:00,284.1360590277778
2020-02-14 13:00:00,354.47229166666665
2020-02-14 14:00:00,330.4761805555556
2020-02-14 15:00:00,149.3475
2020-02-14 16:00:00,146.5578125
2020-02-14 17:00:00,146.40098958333334
2020-02-14 18:00:00,149.02355902777776
2020-02-14 19:00:00,149.6028298611111
2020-02-14 20:00:00,151.3875
2020-02-14 21:00:00,150.35072916666667
2020-02-14 22:00:00,150.97864583333333
2020-02-14 23:00:00,151.26098958333333
2020-02-15 00:00:00,150.85512152777778
2020-02-15 01:00:00,151.48447916666666
2020-02-15 02:00:00,148.26022569444444
2020-02-15 03:00:00,147.40934027777777
2020-02-15 04:00:00,147.09921875
2020-02-15 05:00:00,153.0197048611111
2020-02-15 06:00:00,153.64401041666667
2020-02-15 07:00:00,152.7290277777778
2020-02-15 08:00:00,150.8568923611111
2020-02-15 09:00:00,152.48284722222223
2020-02-15 10:00:00,152.50793402777776
2020-02-15 11:00:00,152.16682291666666
2020-02-15 12:00:00,154.0732986111111
2020-02-15 13:00:00,152.55559027777778
2020-02-15 14:00:00,151.84381944444445
2020-02-15 15:00:00,149.12227430555555
2020-02-15 16:00:00,149.1434375
2020-02-15 17:00:00,148.9752951388889
2020-02-15 18:00:00,149.81552083333332
2020-02-15 19:00:00,149.55427083333333
2020-02-15 20:00:00,150.79223958333333
2020-02-15 21:00:00,150.48116319444443
2020-02-15 22:00:00,150.41461805555556
2020-02-15 23:00:00,148.64052083333334
2020-02-16 00:00:00,153.84381944444445
2020-02-16 01:00:00,151.30171875
2020-02-16 02:00:00,151.56913194444445
2020-02-16 03:00:00,149.67501736111112
2020-02-16 04:00:00,148.36388888888888
2020-02-16 05:00:00,151.50887152777779
2020-02-16 06:00:00,150.7931597222222
2020-02-16 07:00:00,147.97833333333332
2020-02-16 08:00:00,149.34145833333332
2020-02-16 09:00:00,150.4398611111111
2020-02-16 10:00:00,150.22503472222223
2020-02-16 11:00:00,152.83815972222223
2020-02-16 12:00:00,152.13399305555555
2020-02-16 13:00:00,151.55381944444446
2020-02-16 14:00:00,152.44776041666665
2020-02-16 15:00:00,150.4814236111111
2020-02-16 16:00:00,148.06472222222223
2020-02-16 17:00:00,151.774375
2020-02-16 18:00:00,152.86645833333333
2020-02-16 19:00:00,153.0105034722222
2020-02-16 20:00:00,151.20552083333334
2020-02-16 21:00:00,151.70979166666666
2020-02-16 22:00:00,150.22237847222223
2020-02-16 23:00:00,152.00854166666667
2020-02-17 00:00:00,152.59201388888889
2020-02-17 01:00:00,153.11993055555556
2020-02-17 02:00:00,148.80902777777777
2020-02-17 03:00:00,149.65609375
2020-02-17 04:00:00,149.43659722222222
2020-02-17 05:00:00,211.55984375
2020-02-17 06:00:00,254.24420138888888
2020-02-17 07:00:00,149.58670138888888
2020-02-17 08:00:00,147.74899305555556
2020-02-17 09:00:00,147.74899305555556
2020-02-17 10:00:00,147.74899305555556
2020-02-17 11:00:00,147.74899305555556
2020-02-17 12:00:00,147.74899305555556
2020-02-17 13:00:00,147.74899305555556
2020-02-17 14:00:00,147.74899305555556
2020-02-17 15:00:00,147.74899305555556
2020-02-17 16:00:00,147.74899305555556
2020-02-17 17:00:00,147.74899305555556
2020-02-17 18:00:00,147.74899305555556
2020-02-17 19:00:00,147.74899305555556
2020-02-17 20:00:00,147.74899305555556
2020-02-17 21:00:00,147.74899305555556
2020-02-17 22:00:00,147.74899305555556
2020-02-17 23:00:00,147.74899305555556
2020-02-18 00:00:00,147.74899305555556
2020-02-18 01:00:00,147.74899305555556
2020-02-18 02:00:00,147.74899305555556
2020-02-18 03:00:00,147.74899305555556
2020-02-18 04:00:00,147.74899305555556
2020-02-18 05:00:00,147.74899305555556
2020-02-18 06:00:00,147.74899305555556
2020-02-18 07:00:00,147.74899305555556
2020-02-18 08:00:00,147.74901041666666
2020-02-18 09:00:00,147.74899305555556
2020-02-18 10:00:00,147.74899305555556
2020-02-18 11:00:00,135.18196180555555
2020-02-18 12:00:00,157.99039930555554
2020-02-18 13:00:00,310.5416666666667
2020-02-18 14:00:00,361.7861458333333
2020-02-18 15:00:00,365.3935416666667
2020-02-18 16:00:00,362.47006944444445
2020-02-18 17:00:00,362.815625
2020-02-18 18:00:00,360.4813888888889
2020-02-18 19:00:00,360.42020833333333
2020-02-18 20:00:00,361.555
2020-02-18 21:00:00,360.04479166666664
2020-02-18 22:00:00,361.0395833333333
2020-02-18 23:00:00,361.8782638888889
2020-02-19 00:00:00,362.61822916666665
2020-02-19 01:00:00,355.98368055555557
2020-02-19 02:00:00,358.4057638888889
2020-02-19 03:00:00,364.37350694444444
2020-02-19 04:00:00,362.12288194444443
2020-02-19 05:00:00,453.05909722222225
2020-02-19 06:00:00,484.3647916666667
2020-02-19 07:00:00,486.92041666666665
2020-02-19 08:00:00,480.059375
2020-02-19 09:00:00,481.2496875
2020-02-19 10:00:00,483.7655555555556
2020-02-19 11:00:00,478.10298611111114
2020-02-19 12:00:00,476.899375
2020-02-19 13:00:00,485.8642361111111
2020-02-19 14:00:00,477.65375
2020-02-19 15:00:00,471.0179166666667
2020-02-19 16:00:00,477.2157986111111
2020-02-19 17:00:00,475.5290277777778
2020-02-19 18:00:00,478.0201388888889
2020-02-19 19:00:00,478.8528125
2020-02-19 20:00:00,478.855
2020-02-19 21:00:00,473.15743055555555
2020-02-19 22:00:00,481.3543402777778
2020-02-19 23:00:00,480.1734375
2020-02-20 00:00:00,478.8901388888889
2020-02-20 01:00:00,480.22302083333335
2020-02-20 02:00:00,484.8336111111111
2020-02-20 03:00:00,491.4664583333333
2020-02-20 04:00:00,488.5051736111111
2020-02-20 05:00:00,484.793125
2020-02-20 06:00:00,431.9586111111111
2020-02-20 07:00:00,369.9477430555556
2020-02-20 08:00:00,352.5205555555556
2020-02-20 09:00:00,358.3821527777778
2020-02-20 10:00:00,355.755625
2020-02-20 11:00:00,392.5073263888889
2020-02-20 12:00:00,403.73072916666666
2020-02-20 13:00:00,405.9135416666667
2020-02-20 14:00:00,484.12694444444446
2020-02-20 15:00:00,378.1634722222222
2020-02-20 16:00:00,360.88413194444445
2020-02-20 17:00:00,351.4036111111111
2020-02-20 18:00:00,386.37631944444445
2020-02-20 19:00:00,393.9315277777778
2020-02-20 20:00:00,354.486875
2020-02-20 21:00:00,356.7595486111111
2020-02-20 22:00:00,365.49368055555556
2020-02-20 23:00:00,366.30083333333334
2020-02-21 00:00:00,369.8147916666667
2020-02-21 01:00:00,387.2527083333333
2020-02-21 02:00:00,396.1950347222222
2020-02-21 03:00:00,367.85041666666666
2020-02-21 04:00:00,367.7376388888889
2020-02-21 05:00:00,439.7132638888889
2020-02-21 06:00:00,421.8388194444444
2020-02-21 07:00:00,348.08159722222223
2020-02-21 08:00:00,359.4660763888889
2020-02-21 09:00:00,376.1048611111111
2020-02-21 10:00:00,370.48052083333334
2020-02-21 11:00:00,408.95416666666665
2020-02-21 12:00:00,417.85368055555557
2020-02-21 13:00:00,409.11395833333336
2020-02-21 14:00:00,393.89208333333335
2020-02-21 15:00:00,394.0784375
2020-02-21 16:00:00,389.6045138888889
2020-02-21 17:00:00,394.15229166666666
2020-02-21 18:00:00,431.8179861111111
2020-02-21 19:00:00,415.21375
2020-02-21 20:00:00,366.74055555555555
2020-02-21 21:00:00,367.04260416666665
2020-02-21 22:00:00,373.3929166666667
2020-02-21 23:00:00,366.80079861111113
2020-02-22 00:00:00,390.4008333333333
2020-02-22 01:00:00,403.1582291666667
2020-02-22 02:00:00,420.9274652777778
2020-02-22 03:00:00,386.63618055555554
2020-02-22 04:00:00,383.14222222222224
2020-02-22 05:00:00,432.6570486111111
2020-02-22 06:00:00,360.3858333333333
2020-02-22 07:00:00,358.48225694444443
2020-02-22 08:00:00,373.246875
2020-02-22 09:00:00,368.6852777777778
2020-02-22 10:00:00,373.20118055555554
2020-02-22 11:00:00,397.4303472222222
2020-02-22 12:00:00,414.16881944444447
2020-02-22 13:00:00,402.9660416666667
2020-02-22 14:00:00,390.628125
2020-02-22 15:00:00,386.51895833333333
2020-02-22 16:00:00,365.7994444444444
2020-02-22 17:00:00,382.3721527777778
2020-02-22 18:00:00,418.6275
2020-02-22 19:00:00,407.37638888888887
2020-02-22 20:00:00,369.810625
2020-02-22 21:00:00,363.54131944444447
2020-02-22 22:00:00,380.93875
2020-02-22 23:00:00,361.52930555555554
2020-02-23 00:00:00,375.4315972222222
2020-02-23 01:00:00,403.26961805555555
2020-02-23 02:00:00,413.42569444444445
2020-02-23 03:00:00,384.5267361111111
2020-02-23 04:00:00,379.4145833333333
2020-02-23 05:00:00,429.36631944444446
2020-02-23 06:00:00,416.2529861111111
2020-02-23 07:00:00,426.96743055555555
2020-02-23 08:00:00,425.53336805555557
2020-02-23 09:00:00,435.9638888888889
2020-02-23 10:00:00,442.26131944444444
2020-02-23 11:00:00,622.5241666666667
2020-02-23 12:00:00,778.874375
2020-02-23 13:00:00,774.9113888888888
2020-02-23 14:00:00,776.8933333333333
2020-02-23 15:00:00,779.6679861111111
2020-02-23 16:00:00,778.6988194444444
2020-02-23 17:00:00,765.1870833333334
2020-02-23 18:00:00,739.3183333333334
2020-02-23 19:00:00,738.1263194444444
2020-02-23 20:00:00,741.9501388888889
2020-02-23 21:00:00,747.3590277777778
2020-02-23 22:00:00,757.21125
2020-02-23 23:00:00,748.915625
2020-02-24 00:00:00,751.9098611111111
2020-02-24 01:00:00,745.8126388888888
2020-02-24 02:00:00,754.1945833333333
2020-02-24 03:00:00,756.060625
2020-02-24 04:00:00,750.6051388888889
2020-02-24 05:00:00,738.1586805555555
2020-02-24 06:00:00,722.3715277777778
2020-02-24 07:00:00,724.6625
2020-02-24 08:00:00,736.7955555555556
2020-02-24 09:00:00,757.1022916666667
2020-02-24 10:00:00,775.9313888888889
2020-02-24 11:00:00,769.6334722222222
2020-02-24 12:00:00,748.2431944444445
2020-02-24 13:00:00,696.9284722222222
2020-02-24 14:00:00,698.0245138888889
2020-02-24 15:00:00,749.0629166666666
2020-02-24 16:00:00,715.7072916666667
2020-02-24 17:00:00,696.2104861111111
2020-02-24 18:00:00,680.8243055555556
2020-02-24 19:00:00,672.4944444444444
2020-02-24 20:00:00,682.21625
2020-02-24 21:00:00,708.3044444444445
2020-02-24 22:00:00,696.9766666666667
2020-02-24 23:00:00,689.3065972222222
2020-02-25 00:00:00,727.17625
2020-02-25 01:00:00,723.7159722222223
2020-02-25 02:00:00,729.059375
2020-02-25 03:00:00,734.0272222222222
2020-02-25 04:00:00,718.1630555555555
2020-02-25 05:00:00,617.0970833333333
2020-02-25 06:00:00,652.9563888888889
2020-02-25 07:00:00,698.7973611111111
2020-02-25 08:00:00,703.8699305555556
2020-02-25 09:00:00,735.4569444444444
2020-02-25 10:00:00,716.3074305555556
2020-02-25 11:00:00,699.4327777777778
2020-02-25 12:00:00,671.2209722222223
2020-02-25 13:00:00,702.2352777777778
2020-02-25 14:00:00,717.5561111111111
2020-02-25 15:00:00,738.08875
2020-02-25 16:00:00,705.9022916666667
2020-02-25 17:00:00,674.6070833333333
2020-02-25 18:00:00,709.5844444444444
2020-02-25 19:00:00,709.1238888888889
2020-02-25 20:00:00,678.5044444444444
2020-02-25 21:00:00,691.3158333333333
2020-02-25 22:00:00,705.2684027777777
2020-02-25 23:00:00,736.19125
2020-02-26 00:00:00,742.0701388888889
2020-02-26 01:00:00,731.9616666666667
2020-02-26 02:00:00,755.6825
2020-02-26 03:00:00,757.7052083333333
2020-02-26 04:00:00,739.9661111111111
2020-02-26 05:00:00,678.4529166666666
2020-02-26 06:00:00,733.9357638888889
2020-02-26 07:00:00,731.3316666666667
2020-02-26 08:00:00,792.9705555555555
2020-02-26 09:00:00,807.3577777777778
2020-02-26 10:00:00,818.1640277777777
2020-02-26 11:00:00,863.5281944444445
2020-02-26 12:00:00,802.7341666666666
2020-02-26 13:00:00,760.1876388888888
2020-02-26 14:00:00,787.5456944444444
2020-02-26 15:00:00,837.4961111111111
2020-02-26 16:00:00,841.4682638888889
2020-02-26 17:00:00,801.6246527777778
2020-02-26 18:00:00,754.5613194444444
2020-02-26 19:00:00,733.4888888888889
2020-02-26 20:00:00,731.3122222222222
2020-02-26 21:00:00,767.9764583333333
2020-02-26 22:00:00,781.4589583333334
2020-02-26 23:00:00,783.0669444444444
2020-02-27 00:00:00,802.2281944444444
2020-02-27 01:00:00,778.2851388888889
2020-02-27 02:00:00,760.7520833333333
2020-02-27 03:00:00,783.3375694444444
2020-02-27 04:00:00,751.4586111111112
2020-02-27 05:00:00,660.083125
2020-02-27 06:00:00,667.9833333333333
2020-02-27 07:00:00,733.7894444444445
2020-02-27 08:00:00,763.9786805555556
2020-02-27 09:00:00,768.2661111111111
2020-02-27 10:00:00,805.5213194444444
2020-02-27 11:00:00,839.5855555555555
2020-02-27 12:00:00,792.7677777777777
2020-02-27 13:00:00,759.8579166666667
2020-02-27 14:00:00,842.4470833333334
2020-02-27 15:00:00,849.3952777777778
2020-02-27 16:00:00,841.3121527777778
2020-02-27 17:00:00,831.3169444444444
2020-02-27 18:00:00,802.1278472222223
2020-02-27 19:00:00,789.2079166666666
2020-02-27 20:00:00,711.5009722222222
2020-02-27 21:00:00,737.2550694444444
2020-02-27 22:00:00,740.298125
2020-02-27 23:00:00,757.4605555555555
2020-02-28 00:00:00,738.0359722222222
2020-02-28 01:00:00,747.0001388888888
2020-02-28 02:00:00,746.07625
2020-02-28 03:00:00,742.7900694444445
2020-02-28 04:00:00,751.9555555555555
2020-02-28 05:00:00,674.4693055555556
2020-02-28 06:00:00,726.5077777777777
2020-02-28 07:00:00,732.8167361111111
2020-02-28 08:00:00,717.8933333333333
2020-02-28 09:00:00,750.74625
2020-02-28 10:00:00,753.8238888888889
2020-02-28 11:00:00,752.0134027777777
2020-02-28 12:00:00,724.7080555555556
2020-02-28 13:00:00,731.0645138888889
2020-02-28 14:00:00,760.4840277777778
2020-02-28 15:00:00,785.39875
2020-02-28 16:00:00,817.6699305555555
2020-02-28 17:00:00,865.2334722222222
2020-02-28 18:00:00,797.929375
2020-02-28 19:00:00,785.5744444444445
2020-02-28 20:00:00,728.2323611111111
2020-02-28 21:00:00,724.5508333333333
2020-02-28 22:00:00,743.0093055555556
2020-02-28 23:00:00,700.7630555555555
2020-02-29 00:00:00,711.1368055555556
2020-02-29 01:00:00,710.9000694444444
2020-02-29 02:00:00,686.6897222222223
2020-02-29 03:00:00,695.1722222222222
2020-02-29 04:00:00,713.1930555555556
2020-02-29 05:00:00,645.7611111111111
2020-02-29 06:00:00,708.4278472222222
2020-02-29 07:00:00,714.4522222222222
2020-02-29 08:00:00,714.3806944444444
2020-02-29 09:00:00,719.4395833333333
2020-02-29 10:00:00,745.9500694444445
2020-02-29 11:00:00,761.1933333333334
2020-02-29 12:00:00,785.9826388888889
2020-02-29 13:00:00,812.595
2020-02-29 14:00:00,869.3438194444444
2020-02-29 15:00:00,823.3942361111111
2020-02-29 16:00:00,748.5779861111112
2020-02-29 17:00:00,794.3029166666666
2020-02-29 18:00:00,750.1449305555556
2020-02-29 19:00:00,742.27125
2020-02-29 20:00:00,759.3793055555556
2020-02-29 21:00:00,773.1461805555556
2020-02-29 22:00:00,778.6404166666666
2020-02-29 23:00:00,760.9372222222222
2020-03-01 00:00:00,778.98875
2020-03-01 01:00:00,770.7540277777778
2020-03-01 02:00:00,777.3876388888889
2020-03-01 03:00:00,775.4113194444444
2020-03-01 04:00:00,783.9413888888889
2020-03-01 05:00:00,679.4690277777778
2020-03-01 06:00:00,748.9904166666666
2020-03-01 07:00:00,738.1320833333333
2020-03-01 08:00:00,785.9938194444444
2020-03-01 09:00:00,778.4009722222222
2020-03-01 10:00:00,770.2715277777778
2020-03-01 11:00:00,800.1932638888889
2020-03-01 12:00:00,801.7154166666667
2020-03-01 13:00:00,805.7686111111111
2020-03-01 14:00:00,931.0119444444445
2020-03-01 15:00:00,914.6132638888889
2020-03-01 16:00:00,879.2620833333333
2020-03-01 17:00:00,887.454375
2020-03-01 18:00:00,856.7833333333333
2020-03-01 19:00:00,791.2676388888889
2020-03-01 20:00:00,789.7536805555555
2020-03-01 21:00:00,759.085625
2020-03-01 22:00:00,753.7814583333334
2020-03-01 23:00:00,745.7105555555555
2020-03-02 00:00:00,747.6848611111111
2020-03-02 01:00:00,798.2302777777778
2020-03-02 02:00:00,801.9339583333333
2020-03-02 03:00:00,888.5345833333333
2020-03-02 04:00:00,866.1647222222222
2020-03-02 05:00:00,824.7949305555555
2020-03-02 06:00:00,938.1796527777777
2020-03-02 07:00:00,900.1734722222222
2020-03-02 08:00:00,953.1570833333334
2020-03-02 09:00:00,1056.0909722222223
2020-03-02 10:00:00,1101.0855555555556
2020-03-02 11:00:00,1231.9516666666666
2020-03-02 12:00:00,1280.7911111111111
2020-03-02 13:00:00,1257.7570833333334
2020-03-02 14:00:00,1122.77
2020-03-02 15:00:00,1080.930625
2020-03-02 16:00:00,1085.1631944444443
2020-03-02 17:00:00,1062.0334722222221
2020-03-02 18:00:00,1039.2452083333333
2020-03-02 19:00:00,992.1581944444445
2020-03-02 20:00:00,994.6883333333334
2020-03-02 21:00:00,982.0234027777777
2020-03-02 22:00:00,1033.7859027777777
2020-03-02 23:00:00,1046.8352777777777
2020-03-03 00:00:00,1027.627638888889
2020-03-03 01:00:00,1052.154375
2020-03-03 02:00:00,1012.6073611111111
2020-03-03 03:00:00,1072.9711111111112
2020-03-03 04:00:00,1021.4144444444445
2020-03-03 05:00:00,911.185
2020-03-03 06:00:00,983.1955555555555
2020-03-03 07:00:00,939.1959722222222
2020-03-03 08:00:00,1014.2248611111111
2020-03-03 09:00:00,1056.781736111111
2020-03-03 10:00:00,1231.0566666666666
2020-03-03 11:00:00,1296.9680555555556
2020-03-03 12:00:00,1255.8318055555555
2020-03-03 13:00:00,1188.935
2020-03-03 14:00:00,1181.9222222222222
2020-03-03 15:00:00,1190.7586111111111
2020-03-03 16:00:00,1112.3981944444445
2020-03-03 17:00:00,924.3344444444444
2020-03-03 18:00:00,867.77125
2020-03-03 19:00:00,959.935
2020-03-03 20:00:00,939.7120138888889
2020-03-03 21:00:00,972.2477777777777
2020-03-03 22:00:00,995.4390277777778
2020-03-03 23:00:00,994.5954166666667
2020-03-04 00:00:00,960.9495138888889
2020-03-04 01:00:00,945.9495833333333
2020-03-04 02:00:00,961.82875
2020-03-04 03:00:00,926.7191666666666
2020-03-04 04:00:00,920.1272916666667
2020-03-04 05:00:00,861.7961111111111
2020-03-04 06:00:00,1007.13
2020-03-04 07:00:00,951.9833333333333
2020-03-04 08:00:00,979.4129861111111
2020-03-04 09:00:00,1089.5205555555556
2020-03-04 10:00:00,1129.45875
2020-03-04 11:00:00,1191.5643055555556
2020-03-04 12:00:00,1203.1502777777778
2020-03-04 13:00:00,1110.6969444444444
2020-03-04 14:00:00,1191.8952777777777
2020-03-04 15:00:00,1223.8169444444445
2020-03-04 16:00:00,1202.5015277777777
2020-03-04 17:00:00,1164.5943055555556
2020-03-04 18:00:00,1166.6994444444445
2020-03-04 19:00:00,1129.0604166666667
2020-03-04 20:00:00,1072.0425
2020-03-04 21:00:00,1145.476111111111
2020-03-04 22:00:00,1154.3534722222223
2020-03-04 23:00:00,1139.3359722222222
2020-03-05 00:00:00,1129.2756944444445
2020-03-05 01:00:00,1074.6568055555556
2020-03-05 02:00:00,1042.0464583333332
2020-03-05 03:00:00,1042.1275694444444
2020-03-05 04:00:00,1091.119375
2020-03-05 05:00:00,930.2616666666667
2020-03-05 06:00:00,1042.7265277777778
2020-03-05 07:00:00,1020.8772916666667
2020-03-05 08:00:00,1127.983611111111
2020-03-05 09:00:00,1202.7127777777778
2020-03-05 10:00:00,1248.1066666666666
2020-03-05 11:00:00,1344.8643055555556
2020-03-05 12:00:00,1548.8544444444444
2020-03-05 13:00:00,1459.8625
2020-03-05 14:00:00,1323.7580555555555
2020-03-05 15:00:00,1291.5654166666666
2020-03-05 16:00:00,1240.1866666666667
2020-03-05 17:00:00,1185.8522222222223
2020-03-05 18:00:00,1182.0158333333334
2020-03-05 19:00:00,1149.4486111111112
2020-03-05 20:00:00,1081.4251388888888
2020-03-05 21:00:00,1116.4156944444444
2020-03-05 22:00:00,1093.2950694444444
2020-03-05 23:00:00,1095.4483333333333
2020-03-06 00:00:00,1093.663611111111
2020-03-06 01:00:00,1048.3668055555556
2020-03-06 02:00:00,1025.6553472222222
2020-03-06 03:00:00,1029.2834722222221
2020-03-06 04:00:00,1006.2752777777778
2020-03-06 05:00:00,974.8909722222222
2020-03-06 06:00:00,1136.7823611111112
2020-03-06 07:00:00,1118.5238194444444
2020-03-06 08:00:00,1130.1790277777777
2020-03-06 09:00:00,1119.3429166666667
2020-03-06 10:00:00,1171.1695833333333
2020-03-06 11:00:00,1164.6192361111111
2020-03-06 12:00:00,1150.213611111111
2020-03-06 13:00:00,1097.9359027777778
2020-03-06 14:00:00,1102.2541666666666
2020-03-06 15:00:00,1125.0848611111112
2020-03-06 16:00:00,1182.195
2020-03-06 17:00:00,1215.1455555555556
2020-03-06 18:00:00,1224.9869444444444
2020-03-06 19:00:00,1215.9931944444445
2020-03-06 20:00:00,1235.5994444444445
2020-03-06 21:00:00,1245.4563888888888
2020-03-06 22:00:00,1189.8391666666666
2020-03-06 23:00:00,1203.5480555555555
2020-03-07 00:00:00,1205.4358333333332
2020-03-07 01:00:00,1165.4572222222223
2020-03-07 02:00:00,1101.4585416666666
2020-03-07 03:00:00,1125.8478472222223
2020-03-07 04:00:00,1113.9374305555555
2020-03-07 05:00:00,1039.7847222222222
2020-03-07 06:00:00,1126.5916666666667
2020-03-07 07:00:00,1133.1697222222222
2020-03-07 08:00:00,1189.4244444444444
2020-03-07 09:00:00,1200.8497222222222
2020-03-07 10:00:00,1225.6483333333333
2020-03-07 11:00:00,1233.6036111111111
2020-03-07 12:00:00,1153.881111111111
2020-03-07 13:00:00,1105.6407638888888
2020-03-07 14:00:00,1149.4344444444444
2020-03-07 15:00:00,1203.4855555555555
2020-03-07 16:00:00,1264.5309722222223
2020-03-07 17:00:00,1260.5056944444445
2020-03-07 18:00:00,1188.3806944444445
2020-03-07 19:00:00,1148.62375
2020-03-07 20:00:00,1100.566388888889
2020-03-07 21:00:00,1095.8384722222222
2020-03-07 22:00:00,1086.1908333333333
2020-03-07 23:00:00,1079.638888888889
2020-03-08 00:00:00,1110.8420833333332
2020-03-08 01:00:00,1101.9901388888889
2020-03-08 02:00:00,1075.8785416666667
2020-03-08 03:00:00,1102.163611111111
2020-03-08 04:00:00,1079.8254166666666
2020-03-08 05:00:00,929.4927777777777
2020-03-08 06:00:00,963.2970833333334
2020-03-08 07:00:00,1017.96625
2020-03-08 08:00:00,1059.8965277777777
2020-03-08 09:00:00,1129.9443055555555
2020-03-08 10:00:00,1227.0755555555556
2020-03-08 11:00:00,1309.7355555555555
2020-03-08 12:00:00,1259.6226388888888
2020-03-08 13:00:00,1100.236111111111
2020-03-08 14:00:00,1190.2065277777779
2020-03-08 15:00:00,1264.2672222222222
2020-03-08 16:00:00,1343.8719444444444
2020-03-08 17:00:00,1403.5423611111112
2020-03-08 18:00:00,1377.0029166666666
2020-03-08 19:00:00,1296.77875
2020-03-08 20:00:00,1337.9175
2020-03-08 21:00:00,1394.1766666666667
2020-03-08 22:00:00,1401.4555555555555
2020-03-08 23:00:00,1393.2769444444446
2020-03-09 00:00:00,1382.901111111111
2020-03-09 01:00:00,1383.75375
2020-03-09 02:00:00,1400.0731944444444
2020-03-09 03:00:00,1419.2134722222222
2020-03-09 04:00:00,1393.6343055555556
2020-03-09 05:00:00,1266.6325
2020-03-09 06:00:00,1367.4515277777778
2020-03-09 07:00:00,1377.8905555555555
2020-03-09 08:00:00,1517.1694444444445
2020-03-09 09:00:00,1674.3036111111112
2020-03-09 10:00:00,1691.1202777777778
2020-03-09 11:00:00,1758.296388888889
2020-03-09 12:00:00,1740.0093055555556
2020-03-09 13:00:00,1609.973888888889
2020-03-09 14:00:00,1729.5805555555555
2020-03-09 15:00:00,1691.1384722222222
2020-03-09 16:00:00,1726.568611111111
2020-03-09 17:00:00,1646.0795833333334
2020-03-09 18:00:00,1488.5216666666668
2020-03-09 19:00:00,1375.7658333333334
2020-03-09 20:00:00,1320.5222222222221
2020-03-09 21:00:00,1274.0591666666667
2020-03-09 22:00:00,1264.1259722222221
2020-03-09 23:00:00,1247.0333333333333
2020-03-10 00:00:00,1195.1981944444444
2020-03-10 01:00:00,1135.2255555555555
2020-03-10 02:00:00,1111.9790277777777
2020-03-10 03:00:00,1151.2304166666668
2020-03-10 04:00:00,1144.1090277777778
2020-03-10 05:00:00,1017.0366666666666
2020-03-10 06:00:00,1189.3243055555556
2020-03-10 07:00:00,1134.0218055555556
2020-03-10 08:00:00,1189.5877777777778
2020-03-10 09:00:00,1217.5166666666667
2020-03-10 10:00:00,1196.9797222222223
2020-03-10 11:00:00,1237.5086111111111
2020-03-10 12:00:00,1276.6380555555556
2020-03-10 13:00:00,1312.6468055555556
2020-03-10 14:00:00,1329.7394444444444
2020-03-10 15:00:00,1281.4194444444445
2020-03-10 16:00:00,1379.7477777777779
2020-03-10 17:00:00,1454.8359722222222
2020-03-10 18:00:00,1416.2952777777778
2020-03-10 19:00:00,1407.4083333333333
2020-03-10 20:00:00,1334.9083333333333
2020-03-10 21:00:00,1348.9220833333334
2020-03-10 22:00:00,1438.9694444444444
2020-03-10 23:00:00,1434.492638888889
2020-03-11 00:00:00,1482.0172222222222
2020-03-11 01:00:00,1457.4440277777778
2020-03-11 02:00:00,1382.4927777777777
2020-03-11 03:00:00,1297.7491666666667
2020-03-11 04:00:00,1221.2913888888888
2020-03-11 05:00:00,1124.0971527777779
2020-03-11 06:00:00,1275.8469444444445
2020-03-11 07:00:00,1168.1058333333333
2020-03-11 08:00:00,1165.231388888889
2020-03-11 09:00:00,1262.6147222222223
2020-03-11 10:00:00,1259.4891666666667
2020-03-11 11:00:00,1234.8991666666666
2020-03-11 12:00:00,1324.3930555555555
2020-03-11 13:00:00,1299.3772222222221
2020-03-11 14:00:00,1435.7794444444444
2020-03-11 15:00:00,1600.4361111111111
2020-03-11 16:00:00,1649.3541666666667
2020-03-11 17:00:00,1646.077361111111
2020-03-11 18:00:00,1477.1597222222222
2020-03-11 19:00:00,1348.3213888888888
2020-03-11 20:00:00,1264.4819444444445
2020-03-11 21:00:00,1316.5793055555555
2020-03-11 22:00:00,1376.3331944444444
2020-03-11 23:00:00,1390.4161111111111
2020-03-12 00:00:00,1485.0947222222221
2020-03-12 01:00:00,1514.2423611111112
2020-03-12 02:00:00,1574.9502777777777
2020-03-12 03:00:00,1598.3477777777778
2020-03-12 04:00:00,1576.1016666666667
2020-03-12 05:00:00,1556.0897222222222
2020-03-12 06:00:00,1489.4202777777778
2020-03-12 07:00:00,1382.6380555555556
2020-03-12 08:00:00,1250.0575
2020-03-12 09:00:00,1085.9344444444444
2020-03-12 10:00:00,1021.3773611111111
2020-03-12 11:00:00,1158.5659722222222
2020-03-12 12:00:00,1609.1628125
2020-03-12 13:00:00,1593.9919444444445
2020-03-12 14:00:00,1744.101111111111
2020-03-12 15:00:00,1681.630138888889
2020-03-12 16:00:00,1825.0744444444445
2020-03-12 17:00:00,1885.9220833333334
2020-03-12 18:00:00,2036.1204166666666
2020-03-12 19:00:00,1995.1025
2020-03-12 20:00:00,1819.0925
2020-03-12 21:00:00,1807.3397222222222
2020-03-12 22:00:00,1814.318888888889
2020-03-12 23:00:00,1739.2916666666667
2020-03-13 00:00:00,1817.3980555555556
2020-03-13 01:00:00,1820.2675
2020-03-13 02:00:00,1705.9327777777778
2020-03-13 03:00:00,1753.2052777777778
2020-03-13 04:00:00,1696.4786111111111
2020-03-13 05:00:00,1544.338611111111
2020-03-13 06:00:00,1701.6583333333333
2020-03-13 07:00:00,1330.2018055555557
2020-03-13 08:00:00,1263.4169444444444
2020-03-13 09:00:00,1220.2694444444444
2020-03-13 10:00:00,1234.2991666666667
2020-03-13 11:00:00,1261.0313888888888
2020-03-13 12:00:00,1234.4097222222222
2020-03-13 13:00:00,1121.275138888889
2020-03-13 14:00:00,1174.5584722222222
2020-03-13 15:00:00,1199.5090277777779
2020-03-13 16:00:00,1164.0996527777777
2020-03-13 17:00:00,1201.1375
2020-03-13 18:00:00,1254.8827777777778
2020-03-13 19:00:00,1261.4666666666667
2020-03-13 20:00:00,1270.6719444444445
2020-03-13 21:00:00,1264.6920833333334
2020-03-13 22:00:00,1259.1741666666667
2020-03-13 23:00:00,1281.0669444444445
2020-03-14 00:00:00,1269.205
2020-03-14 01:00:00,1229.8548611111112
2020-03-14 02:00:00,1209.818611111111
2020-03-14 03:00:00,1234.6616666666666
2020-03-14 04:00:00,1215.2655555555555
2020-03-14 05:00:00,1081.1270833333333
2020-03-14 06:00:00,1086.6481944444445
2020-03-14 07:00:00,1145.151111111111
2020-03-14 08:00:00,1258.4344444444444
2020-03-14 09:00:00,1487.58
2020-03-14 10:00:00,1561.1222222222223
2020-03-14 11:00:00,1626.443888888889
2020-03-14 12:00:00,1661.1327777777778
2020-03-14 13:00:00,1623.5680555555555
2020-03-14 14:00:00,1721.3940277777779
2020-03-14 15:00:00,1617.4405555555556
2020-03-14 16:00:00,1479.5705555555555
2020-03-14 17:00:00,1356.11
2020-03-14 18:00:00,1274.0683333333334
2020-03-14 19:00:00,1216.2829166666668
2020-03-14 20:00:00,1141.873263888889
2020-03-14 21:00:00,1119.3906944444445
2020-03-14 22:00:00,1132.7490277777779
2020-03-14 23:00:00,1195.3566666666666
2020-03-15 00:00:00,1193.12
2020-03-15 01:00:00,1135.9290277777777
2020-03-15 02:00:00,1066.5752777777777
2020-03-15 03:00:00,1081.8806944444445
2020-03-15 04:00:00,1101.1563888888888
2020-03-15 05:00:00,1037.3074305555556
2020-03-15 06:00:00,1033.239513888889
2020-03-15 07:00:00,1095.9060416666666
2020-03-15 08:00:00,1131.5184722222223
2020-03-15 09:00:00,1187.4486111111112
2020-03-15 10:00:00,1303.0936111111112
2020-03-15 11:00:00,1453.1805555555557
2020-03-15 12:00:00,1592.6541666666667
2020-03-15 13:00:00,1534.0780555555555
2020-03-15 14:00:00,1730.9668055555555
2020-03-15 15:00:00,1724.3951388888888
2020-03-15 16:00:00,1706.9695833333333
2020-03-15 17:00:00,1686.5219444444444
2020-03-15 18:00:00,1552.1940277777778
2020-03-15 19:00:00,1353.5265277777778
2020-03-15 20:00:00,1271.0515277777777
2020-03-15 21:00:00,1221.515
2020-03-15 22:00:00,1216.0847222222221
2020-03-15 23:00:00,1249.9244444444444
2020-03-16 00:00:00,1322.066388888889
2020-03-16 01:00:00,1334.9858333333334
2020-03-16 02:00:00,1343.4591666666668
2020-03-16 03:00:00,1350.7813888888888
2020-03-16 04:00:00,1377.1984722222223
2020-03-16 05:00:00,1362.3066666666666
2020-03-16 06:00:00,1353.9169444444444
2020-03-16 07:00:00,1316.963888888889
2020-03-16 08:00:00,1518.6029166666667
2020-03-16 09:00:00,1814.756388888889
2020-03-16 10:00:00,1971.1215277777778
2020-03-16 11:00:00,2633.837777777778
2020-03-16 12:00:00,2729.5344444444445
2020-03-16 13:00:00,2679.3044444444445
2020-03-16 14:00:00,2881.5216666666665
2020-03-16 15:00:00,2645.326111111111
2020-03-16 16:00:00,2258.1941666666667
2020-03-16 17:00:00,2051.7658333333334
2020-03-16 18:00:00,1864.8863888888889
2020-03-16 19:00:00,1749.2408333333333
2020-03-16 20:00:00,1567.6919444444445
2020-03-16 21:00:00,1503.4558333333334
2020-03-16 22:00:00,1553.1166666666666
2020-03-16 23:00:00,1553.1104166666667
2020-03-17 00:00:00,1507.0748611111112
2020-03-17 01:00:00,1462.890138888889
2020-03-17 02:00:00,1468.98125
2020-03-17 03:00:00,1527.9909722222221
2020-03-17 04:00:00,1479.0823611111111
2020-03-17 05:00:00,1252.9545833333334
2020-03-17 06:00:00,1399.9729166666666
2020-03-17 07:00:00,1466.3177777777778
2020-03-17 08:00:00,1516.6979166666667
2020-03-17 09:00:00,1749.4441666666667
2020-03-17 10:00:00,1827.8125
2020-03-17 11:00:00,1841.5961111111112
2020-03-17 12:00:00,1932.5970833333333
2020-03-17 13:00:00,2032.52
2020-03-17 14:00:00,2247.402777777778
2020-03-17 15:00:00,2214.2969444444443
2020-03-17 16:00:00,2074.2897222222223
2020-03-17 17:00:00,2014.4686111111112
2020-03-17 18:00:00,1945.0875
2020-03-17 19:00:00,1845.5958333333333
2020-03-17 20:00:00,1665.1822222222222
2020-03-17 21:00:00,1671.9591666666668
2020-03-17 22:00:00,1737.5375
2020-03-17 23:00:00,1742.8994444444445
2020-03-18 00:00:00,1720.9583333333333
2020-03-18 01:00:00,1620.6077777777778
2020-03-18 02:00:00,1546.2713888888889
2020-03-18 03:00:00,1584.4831944444445
2020-03-18 04:00:00,1515.7719444444444
2020-03-18 05:00:00,1228.9534722222222
2020-03-18 06:00:00,1221.4869444444444
2020-03-18 07:00:00,1400.77
2020-03-18 08:00:00,1485.2718055555556
2020-03-18 09:00:00,1775.4630555555555
2020-03-18 10:00:00,2308.420972222222
2020-03-18 11:00:00,2593.6116666666667
2020-03-18 12:00:00,2789.468888888889
2020-03-18 13:00:00,2542.5486111111113
2020-03-18 14:00:00,2745.4305555555557
2020-03-18 15:00:00,2815.315
2020-03-18 16:00:00,2709.556111111111
2020-03-18 17:00:00,2574.3727777777776
2020-03-18 18:00:00,2441.941388888889
2020-03-18 19:00:00,2250.3680555555557
2020-03-18 20:00:00,2188.5783333333334
2020-03-18 21:00:00,2189.868611111111
2020-03-18 22:00:00,2254.806111111111
2020-03-18 23:00:00,2186.2258333333334
2020-03-19 00:00:00,2023.1347222222223
2020-03-19 01:00:00,1857.887638888889
2020-03-19 02:00:00,1828.6472222222221
2020-03-19 03:00:00,1812.4152777777779
2020-03-19 04:00:00,1649.7679166666667
2020-03-19 05:00:00,1386.4708333333333
2020-03-19 06:00:00,1510.3268055555557
2020-03-19 07:00:00,1687.6940277777778
2020-03-19 08:00:00,1749.0441666666666
2020-03-19 09:00:00,1821.21
2020-03-19 10:00:00,1947.8097222222223
2020-03-19 11:00:00,2138.1044444444447
2020-03-19 12:00:00,2062.285138888889
2020-03-19 13:00:00,2058.472777777778
2020-03-19 14:00:00,2193.1427777777776
2020-03-19 15:00:00,2238.29625
2020-03-19 16:00:00,2042.6659722222223
2020-03-19 17:00:00,1876.5225
2020-03-19 18:00:00,1735.3459722222221
2020-03-19 19:00:00,1636.8666666666666
2020-03-19 20:00:00,1475.0197222222223
2020-03-19 21:00:00,1466.1602777777778
2020-03-19 22:00:00,1469.9397222222221
2020-03-19 23:00:00,1517.026111111111
2020-03-20 00:00:00,1479.888611111111
2020-03-20 01:00:00,1414.8881944444445
2020-03-20 02:00:00,1393.0327777777777
2020-03-20 03:00:00,1440.078888888889
2020-03-20 04:00:00,1432.8491666666666
2020-03-20 05:00:00,1259.966111111111
2020-03-20 06:00:00,1400.153611111111
2020-03-20 07:00:00,1586.668888888889
2020-03-20 08:00:00,1757.8136111111112
2020-03-20 09:00:00,1914.43875
2020-03-20 10:00:00,1933.0933333333332
2020-03-20 11:00:00,1936.3033333333333
2020-03-20 12:00:00,1958.763611111111
2020-03-20 13:00:00,1879.9456944444444
2020-03-20 14:00:00,2021.8775
2020-03-20 15:00:00,1967.125
2020-03-20 16:00:00,1850.8791666666666
2020-03-20 17:00:00,1795.3644444444444
2020-03-20 18:00:00,1780.1477777777777
2020-03-20 19:00:00,1654.5430555555556
2020-03-20 20:00:00,1481.1594444444445
2020-03-20 21:00:00,1424.2722222222221
2020-03-20 22:00:00,1402.3681944444445
2020-03-20 23:00:00,1405.911388888889
2020-03-21 00:00:00,1386.1102777777778
2020-03-21 01:00:00,1343.4330555555555
2020-03-21 02:00:00,1336.408888888889
2020-03-21 03:00:00,1406.0197222222223
2020-03-21 04:00:00,1388.7859722222222
2020-03-21 05:00:00,1173.4051388888888
2020-03-21 06:00:00,1309.3315277777779
2020-03-21 07:00:00,1286.4594444444444
2020-03-21 08:00:00,1286.058888888889
2020-03-21 09:00:00,1261.2684722222223
2020-03-21 10:00:00,1243.7908333333332
2020-03-21 11:00:00,1309.4094444444445
2020-03-21 12:00:00,1315.892638888889
2020-03-21 13:00:00,1395.3647222222223
2020-03-21 14:00:00,1453.4486111111112
2020-03-21 15:00:00,1515.5155555555555
2020-03-21 16:00:00,1558.7784722222223
2020-03-21 17:00:00,1524.2531944444445
2020-03-21 18:00:00,1477.6451388888888
2020-03-21 19:00:00,1407.9275
2020-03-21 20:00:00,1366.2020833333333
2020-03-21 21:00:00,1332.0683333333334
2020-03-21 22:00:00,1367.0872222222222
2020-03-21 23:00:00,1392.4697222222221
2020-03-22 00:00:00,1396.556388888889
2020-03-22 01:00:00,1370.2622222222221
2020-03-22 02:00:00,1345.3344444444444
2020-03-22 03:00:00,1330.7488888888888
2020-03-22 04:00:00,1341.4252777777779
2020-03-22 05:00:00,1173.5206944444444
2020-03-22 06:00:00,1319.9394444444445
2020-03-22 07:00:00,1397.2894444444444
2020-03-22 08:00:00,1478.0636111111112
2020-03-22 09:00:00,1466.5738888888889
2020-03-22 10:00:00,1541.942638888889
2020-03-22 11:00:00,1740.1048611111112
2020-03-22 12:00:00,1722.5469444444445
2020-03-22 13:00:00,1586.7770833333334
2020-03-22 14:00:00,1574.8656944444444
2020-03-22 15:00:00,1678.6780555555556
2020-03-22 16:00:00,1627.3225
2020-03-22 17:00:00,1508.986388888889
2020-03-22 18:00:00,1447.3125
2020-03-22 19:00:00,1402.475138888889
2020-03-22 20:00:00,1354.3405555555555
2020-03-22 21:00:00,1332.9766666666667
2020-03-22 22:00:00,1361.0913888888888
2020-03-22 23:00:00,1347.4020833333334
2020-03-23 00:00:00,1327.3555555555556
2020-03-23 01:00:00,1290.8727777777779
2020-03-23 02:00:00,1278.2641666666666
2020-03-23 03:00:00,1303.3963888888889
2020-03-23 04:00:00,1280.4865277777778
2020-03-23 05:00:00,1205.151388888889
2020-03-23 06:00:00,1295.2347222222222
2020-03-23 07:00:00,1350.5030555555556
2020-03-23 08:00:00,1453.0001388888888
2020-03-23 09:00:00,1648.4122222222222
2020-03-23 10:00:00,1691.1394444444445
2020-03-23 11:00:00,1852.585
2020-03-23 12:00:00,2046.2508333333333
2020-03-23 13:00:00,2066.5055555555555
2020-03-23 14:00:00,1928.4283333333333
2020-03-23 15:00:00,1902.2477777777779
2020-03-23 16:00:00,1902.2583333333334
2020-03-23 17:00:00,1711.0961111111112
2020-03-23 18:00:00,1537.1802777777777
2020-03-23 19:00:00,1440.8583333333333
2020-03-23 20:00:00,1404.2125
2020-03-23 21:00:00,1399.2352777777778
2020-03-23 22:00:00,1388.7445833333334
2020-03-23 23:00:00,1394.8004166666667
2020-03-24 00:00:00,1361.0869444444445
2020-03-24 01:00:00,1364.2383333333332
2020-03-24 02:00:00,1357.0104166666667
2020-03-24 03:00:00,1360.2027777777778
2020-03-24 04:00:00,1317.0188888888888
2020-03-24 05:00:00,1154.950138888889
2020-03-24 06:00:00,1253.7694444444444
2020-03-24 07:00:00,1393.691388888889
2020-03-24 08:00:00,1419.8325
2020-03-24 09:00:00,1493.6263888888889
2020-03-24 10:00:00,1618.0409722222223
2020-03-24 11:00:00,1883.0208333333333
2020-03-24 12:00:00,2075.9733333333334
2020-03-24 13:00:00,2080.162083333333
2020-03-24 14:00:00,2201.7927777777777
2020-03-24 15:00:00,2271.391111111111
2020-03-24 16:00:00,2138.7175
2020-03-24 17:00:00,1879.7447222222222
2020-03-24 18:00:00,1690.1993055555556
2020-03-24 19:00:00,1577.1219444444444
2020-03-24 20:00:00,1497.5597222222223
2020-03-24 21:00:00,1444.6066666666666
2020-03-24 22:00:00,1473.1786111111112
2020-03-24 23:00:00,1441.6752777777779
2020-03-25 00:00:00,1396.4205555555557
2020-03-25 01:00:00,1383.763888888889
2020-03-25 02:00:00,1346.2311111111112
2020-03-25 03:00:00,1361.4609722222222
2020-03-25 04:00:00,1359.7731944444445
2020-03-25 05:00:00,1171.8641666666667
2020-03-25 06:00:00,1328.9272222222223
2020-03-25 07:00:00,1504.8730555555555
2020-03-25 08:00:00,1671.7591666666667
2020-03-25 09:00:00,1750.5177777777778
2020-03-25 10:00:00,1938.4404166666666
2020-03-25 11:00:00,2240.8108333333334
2020-03-25 12:00:00,2454.335
2020-03-25 13:00:00,2491.036666666667
2020-03-25 14:00:00,2564.2905555555553
2020-03-25 15:00:00,2405.978888888889
2020-03-25 16:00:00,2174.8866666666668
2020-03-25 17:00:00,1977.3994444444445
2020-03-25 18:00:00,1760.0133333333333
2020-03-25 19:00:00,1680.4516666666666
2020-03-25 20:00:00,1594.2908333333332
2020-03-25 21:00:00,1528.408888888889
2020-03-25 22:00:00,1561.6493055555557
2020-03-25 23:00:00,1521.5480555555555
2020-03-26 00:00:00,1464.6215277777778
2020-03-26 01:00:00,1411.4358333333332
2020-03-26 02:00:00,1420.5991666666666
2020-03-26 03:00:00,1411.9398611111112
2020-03-26 04:00:00,1394.9706944444445
2020-03-26 05:00:00,1198.645
2020-03-26 06:00:00,1327.8259722222222
2020-03-26 07:00:00,1553.9491666666668
2020-03-26 08:00:00,1724.6094444444445
2020-03-26 09:00:00,1929.8351388888889
2020-03-26 10:00:00,2186.0945833333335
2020-03-26 11:00:00,2411.018888888889
2020-03-26 12:00:00,2753.788888888889
2020-03-26 13:00:00,2747.398888888889
2020-03-26 14:00:00,2870.472777777778
2020-03-26 15:00:00,2722.6444444444446
2020-03-26 16:00:00,2424.021111111111
2020-03-26 17:00:00,2082.694722222222
2020-03-26 18:00:00,1942.5619444444444
2020-03-26 19:00:00,1792.41125
2020-03-26 20:00:00,1718.9066666666668
2020-03-26 21:00:00,1649.482361111111
2020-03-26 22:00:00,1663.3925
2020-03-26 23:00:00,1606.9541666666667
2020-03-27 00:00:00,1601.1955555555555
2020-03-27 01:00:00,1582.9077777777777
2020-03-27 02:00:00,1541.6916666666666
2020-03-27 03:00:00,1560.22125
2020-03-27 04:00:00,1592.7002777777777
2020-03-27 05:00:00,1442.7922222222223
2020-03-27 06:00:00,1607.170138888889
2020-03-27 07:00:00,1790.933611111111
2020-03-27 08:00:00,2092.4075
2020-03-27 09:00:00,2386.726388888889
2020-03-27 10:00:00,2747.7955555555554
2020-03-27 11:00:00,3442.8463888888887
2020-03-27 12:00:00,3783.576666666667
2020-03-27 13:00:00,3787.353888888889
2020-03-27 14:00:00,3300.44
2020-03-27 15:00:00,2939.099722222222
2020-03-27 16:00:00,2564.670833333333
2020-03-27 17:00:00,2205.606527777778
2020-03-27 18:00:00,2021.0636111111112
2020-03-27 19:00:00,1905.0729166666667
2020-03-27 20:00:00,1788.6141666666667
2020-03-27 21:00:00,1760.4325
2020-03-27 22:00:00,1740.9004166666666
2020-03-27 23:00:00,1720.2666666666667
2020-03-28 00:00:00,1681.237361111111
2020-03-28 01:00:00,1615.1997222222221
2020-03-28 02:00:00,1517.7784722222223
2020-03-28 03:00:00,1514.0394444444444
2020-03-28 04:00:00,1574.668888888889
2020-03-28 05:00:00,1561.4341666666667
2020-03-28 06:00:00,1523.2819444444444
2020-03-28 07:00:00,1761.6351388888888
2020-03-28 08:00:00,2069.2391666666667
2020-03-28 09:00:00,2346.6091666666666
2020-03-28 10:00:00,2683.008888888889
2020-03-28 11:00:00,3491.7927777777777
2020-03-28 12:00:00,3703.958888888889
2020-03-28 13:00:00,3395.337777777778
2020-03-28 14:00:00,3242.7180555555556
2020-03-28 15:00:00,2981.0066666666667
2020-03-28 16:00:00,2598.3316666666665
2020-03-28 17:00:00,2281.557222222222
2020-03-28 18:00:00,2087.6805555555557
2020-03-28 19:00:00,2082.3133333333335
2020-03-28 20:00:00,2018.205
2020-03-28 21:00:00,1912.6361111111112
2020-03-28 22:00:00,1951.911388888889
2020-03-28 23:00:00,1873.3836111111111
2020-03-29 00:00:00,1818.9733333333334
2020-03-29 01:00:00,1794.8575
2020-03-29 02:00:00,1825.6819444444445
2020-03-29 03:00:00,1832.6847222222223
2020-03-29 04:00:00,1535.2822222222221
2020-03-29 05:00:00,1267.3502777777778
2020-03-29 06:00:00,1400.0980555555554
2020-03-29 07:00:00,1345.1475
2020-03-29 08:00:00,1363.7166666666667
2020-03-29 09:00:00,1360.1033333333332
2020-03-29 10:00:00,1315.7586111111111
2020-03-29 11:00:00,1312.38125
2020-03-29 12:00:00,1364.0934722222223
2020-03-29 13:00:00,1383.1780555555556
2020-03-29 14:00:00,1443.7395833333333
2020-03-29 15:00:00,1469.8722222222223
2020-03-29 16:00:00,1497.0415277777777
2020-03-29 17:00:00,1575.6020833333334
2020-03-29 18:00:00,1541.7275
2020-03-29 19:00:00,1480.6240277777779
2020-03-29 20:00:00,1532.5996354166666
2020-03-29 21:00:00,1555.06625
2020-03-29 22:00:00,1527.7816666666668
2020-03-29 23:00:00,1475.473888888889
2020-03-30 00:00:00,1449.7827777777777
2020-03-30 01:00:00,1397.0994444444445
2020-03-30 02:00:00,1340.7605555555556
2020-03-30 03:00:00,1350.3963888888889
2020-03-30 04:00:00,1188.0677777777778
2020-03-30 05:00:00,1238.6693055555556
2020-03-30 06:00:00,1386.5711111111111
2020-03-30 07:00:00,1418.048888888889
2020-03-30 08:00:00,1541.0833333333333
2020-03-30 09:00:00,1637.9079166666668
2020-03-30 10:00:00,1774.2556944444445
2020-03-30 11:00:00,1944.955
2020-03-30 12:00:00,1968.6983333333333
2020-03-30 13:00:00,1963.62
2020-03-30 14:00:00,1885.2565277777778
2020-03-30 15:00:00,1909.5615277777779
2020-03-30 16:00:00,1895.8736111111111
2020-03-30 17:00:00,1835.4819444444445
2020-03-30 18:00:00,1687.9833333333333
2020-03-30 19:00:00,1580.7147222222222
2020-03-30 20:00:00,1590.5527777777777
2020-03-30 21:00:00,1631.8568055555556
2020-03-30 22:00:00,1612.6497222222222
2020-03-30 23:00:00,1599.8175
2020-03-31 00:00:00,1562.9790277777777
2020-03-31 01:00:00,1553.5158333333334
2020-03-31 02:00:00,1525.88
2020-03-31 03:00:00,1491.9495833333333
2020-03-31 04:00:00,1279.0638888888889
2020-03-31 05:00:00,1328.997361111111
2020-03-31 06:00:00,1518.9205555555557
2020-03-31 07:00:00,1657.0108333333333
2020-03-31 08:00:00,1881.528611111111
2020-03-31 09:00:00,1956.7802777777779
2020-03-31 10:00:00,1983.3513888888888
2020-03-31 11:00:00,1963.2059722222223
2020-03-31 12:00:00,1937.6631944444443
2020-03-31 13:00:00,2152.2369444444444
2020-03-31 14:00:00,2347.6819444444445
2020-03-31 15:00:00,2345.9372222222223
2020-03-31 16:00:00,2230.009722222222
2020-03-31 17:00:00,2010.3641666666667
2020-03-31 18:00:00,1741.7097222222221
2020-03-31 19:00:00,1576.1995833333333
2020-03-31 20:00:00,1590.1647222222223
2020-03-31 21:00:00,1615.4309722222222
2020-03-31 22:00:00,1610.5413888888888
2020-03-31 23:00:00,1596.7926388888889
2020-04-01 00:00:00,1574.1370833333333
2020-04-01 01:00:00,1553.7188888888888
2020-04-01 02:00:00,1525.193888888889
2020-04-01 03:00:00,1537.3605555555555
2020-04-01 04:00:00,1303.8372222222222
2020-04-01 05:00:00,1445.0480555555555
2020-04-01 06:00:00,1548.49875
2020-04-01 07:00:00,1676.7493055555556
2020-04-01 08:00:00,1857.621111111111
2020-04-01 09:00:00,2022.5943055555556
2020-04-01 10:00:00,2214.2994444444444
2020-04-01 11:00:00,2290.4631944444445
2020-04-01 12:00:00,2226.9738888888887
2020-04-01 13:00:00,2319.56125
2020-04-01 14:00:00,2366.405
2020-04-01 15:00:00,2370.2830555555556
2020-04-01 16:00:00,2352.637777777778
2020-04-01 17:00:00,2239.021388888889
2020-04-01 18:00:00,2240.6794444444445
2020-04-01 19:00:00,2120.6430555555557
2020-04-01 20:00:00,2137.737638888889
2020-04-01 21:00:00,2130.0959722222224
2020-04-01 22:00:00,2065.953611111111
2020-04-01 23:00:00,2087.497083333333
2020-04-02 00:00:00,2028.5727777777777
2020-04-02 01:00:00,1937.7155555555555
2020-04-02 02:00:00,1989.1763888888888
2020-04-02 03:00:00,1985.3877777777777
2020-04-02 04:00:00,1777.25625
2020-04-02 05:00:00,1890.9002777777778
2020-04-02 06:00:00,2020.9741666666666
2020-04-02 07:00:00,2111.3155555555554
2020-04-02 08:00:00,2242.7166666666667
2020-04-02 09:00:00,2386.561111111111
2020-04-02 10:00:00,2884.8158333333336
2020-04-02 11:00:00,3113.1116666666667
2020-04-02 12:00:00,2741.1833333333334
2020-04-02 13:00:00,2831.1016666666665
2020-04-02 14:00:00,2813.343888888889
2020-04-02 15:00:00,2646.62
2020-04-02 16:00:00,2506.282222222222
2020-04-02 17:00:00,2405.8327777777777
2020-04-02 18:00:00,2278.413611111111
2020-04-02 19:00:00,2190.7030555555557
2020-04-02 20:00:00,2295.6247222222223
2020-04-02 21:00:00,2313.8220833333335
2020-04-02 22:00:00,2137.0329166666666
2020-04-02 23:00:00,2167.208611111111
2020-04-03 00:00:00,2042.2894444444444
2020-04-03 01:00:00,1862.5252777777778
2020-04-03 02:00:00,1739.201111111111
2020-04-03 03:00:00,1756.0883333333334
2020-04-03 04:00:00,1596.5397222222223
2020-04-03 05:00:00,1667.327361111111
2020-04-03 06:00:00,1856.4827777777778
2020-04-03 07:00:00,1964.5347222222222
2020-04-03 08:00:00,2042.3547222222223
2020-04-03 09:00:00,2150.676111111111
2020-04-03 10:00:00,2410.8488888888887
2020-04-03 11:00:00,2575.788611111111
2020-04-03 12:00:00,2587.4616666666666
2020-04-03 13:00:00,2870.5588888888888
2020-04-03 14:00:00,2870.3191666666667
2020-04-03 15:00:00,2655.6072222222224
2020-04-03 16:00:00,2526.7438888888887
2020-04-03 17:00:00,2474.1766666666667
2020-04-03 18:00:00,2222.6291666666666
2020-04-03 19:00:00,2034.5883333333334
2020-04-03 20:00:00,1985.5570833333334
2020-04-03 21:00:00,1969.213611111111
2020-04-03 22:00:00,1935.151111111111
2020-04-03 23:00:00,1870.3031944444444
2020-04-04 00:00:00,1819.0943055555556
2020-04-04 01:00:00,1768.7225
2020-04-04 02:00:00,1725.5066666666667
2020-04-04 03:00:00,1679.7291666666667
2020-04-04 04:00:00,1517.1440277777779
2020-04-04 05:00:00,1719.7623611111112
2020-04-04 06:00:00,1856.8605555555555
2020-04-04 07:00:00,2205.140138888889
2020-04-04 08:00:00,2659.3075
2020-04-04 09:00:00,2992.6405555555557
2020-04-04 10:00:00,3604.323888888889
2020-04-04 11:00:00,4052.9775
2020-04-04 12:00:00,3872.924722222222
2020-04-04 13:00:00,3932.4411111111112
2020-04-04 14:00:00,4594.963611111111
2020-04-04 15:00:00,4335.699652777777
2020-04-04 16:00:00,3857.9730555555557
2020-04-04 17:00:00,3325.423888888889
2020-04-04 18:00:00,2821.385277777778
2020-04-04 19:00:00,2538.3327777777777
2020-04-04 20:00:00,2452.837777777778
2020-04-04 21:00:00,2362.7833333333333
2020-04-04 22:00:00,2286.0852777777777
2020-04-04 23:00:00,2207.489861111111
2020-04-05 00:00:00,2183.517638888889
2020-04-05 01:00:00,2128.4372222222223
2020-04-05 02:00:00,1981.6158333333333
2020-04-05 03:00:00,1975.878611111111
2020-04-05 04:00:00,1740.4052777777779
2020-04-05 05:00:00,1928.713611111111
2020-04-05 06:00:00,2320.619166666667
2020-04-05 07:00:00,2624.8419444444444
2020-04-05 08:00:00,3166.735
2020-04-05 09:00:00,4055.9861111111113
2020-04-05 10:00:00,4845.98
2020-04-05 11:00:00,5558.375555555555
2020-04-05 12:00:00,5772.425555555556
2020-04-05 13:00:00,6352.696666666667
2020-04-05 14:00:00,6469.786666666667
2020-04-05 15:00:00,6143.052777777778
2020-04-05 16:00:00,5530.485555555556
2020-04-05 17:00:00,4202.731388888889
2020-04-05 18:00:00,3407.931666666667
2020-04-05 19:00:00,2809.3894444444445
2020-04-05 20:00:00,2661.666111111111
2020-04-05 21:00:00,2610.5222222222224
2020-04-05 22:00:00,2507.9738888888887
2020-04-05 23:00:00,2443.3922222222222
2020-04-06 00:00:00,2402.366388888889
2020-04-06 01:00:00,2301.335
2020-04-06 02:00:00,2197.8972222222224
2020-04-06 03:00:00,2218.617638888889
2020-04-06 04:00:00,1894.6458333333333
2020-04-06 05:00:00,1942.6475
2020-04-06 06:00:00,2236.1094444444443
2020-04-06 07:00:00,2839.788888888889
2020-04-06 08:00:00,4148.693333333334
2020-04-06 09:00:00,5016.314444444444
2020-04-06 10:00:00,6663.174444444445
2020-04-06 11:00:00,7934.688888888889
2020-04-06 12:00:00,8614.96
2020-04-06 13:00:00,8863.798888888889
2020-04-06 14:00:00,8960.196666666667
2020-04-06 15:00:00,8986.745555555555
2020-04-06 16:00:00,8799.477222222222
2020-04-06 17:00:00,7336.980555555556
2020-04-06 18:00:00,5840.443333333334
2020-04-06 19:00:00,5299.686111111111
2020-04-06 20:00:00,4914.611111111111
2020-04-06 21:00:00,4295.155833333333
2020-04-06 22:00:00,3983.1877777777777
2020-04-06 23:00:00,3483.8797222222224
2020-04-07 00:00:00,3232.7955555555554
2020-04-07 01:00:00,3078.818333333333
2020-04-07 02:00:00,2832.585
2020-04-07 03:00:00,2669.733333333333
2020-04-07 04:00:00,2272.898611111111
2020-04-07 05:00:00,2648.45
2020-04-07 06:00:00,3382.317777777778
2020-04-07 07:00:00,4122.106111111111
2020-04-07 08:00:00,4799.892222222222
2020-04-07 09:00:00,5187.886111111111
2020-04-07 10:00:00,5804.8
2020-04-07 11:00:00,6599.007777777778
2020-04-07 12:00:00,7059.753333333333
2020-04-07 13:00:00,7141.056111111111
2020-04-07 14:00:00,6960.333333333333
2020-04-07 15:00:00,6333.168888888889
2020-04-07 16:00:00,5886.759444444445
2020-04-07 17:00:00,4820.111111111111
2020-04-07 18:00:00,3669.1844444444446
2020-04-07 19:00:00,2928.038888888889
2020-04-07 20:00:00,2802.856111111111
2020-04-07 21:00:00,2719.106388888889
2020-04-07 22:00:00,2628.2277777777776
2020-04-07 23:00:00,2449.288611111111
2020-04-08 00:00:00,2291.1681944444445
2020-04-08 01:00:00,2202.7755555555555
2020-04-08 02:00:00,2131.0316666666668
2020-04-08 03:00:00,2054.921388888889
2020-04-08 04:00:00,1841.3083333333334
2020-04-08 05:00:00,2102.4668055555558
2020-04-08 06:00:00,2492.9969444444446
2020-04-08 07:00:00,3007.116111111111
2020-04-08 08:00:00,3512.1872222222223
2020-04-08 09:00:00,4750.806666666666
2020-04-08 10:00:00,7074.262222222223
2020-04-08 11:00:00,8207.982222222223
2020-04-08 12:00:00,8678.2
2020-04-08 13:00:00,8795.377222222221
2020-04-08 14:00:00,8759.032222222222
2020-04-08 15:00:00,8788.324444444444
2020-04-08 16:00:00,8751.316111111111
2020-04-08 17:00:00,8057.857777777778
2020-04-08 18:00:00,6523.115
2020-04-08 19:00:00,5691.254444444445
2020-04-08 20:00:00,5234.383888888889
2020-04-08 21:00:00,4670.948333333334
2020-04-08 22:00:00,4019.1805555555557
2020-04-08 23:00:00,3778.246111111111
2020-04-09 00:00:00,3345.258888888889
2020-04-09 01:00:00,3071.2891666666665
2020-04-09 02:00:00,2856.6058333333335
2020-04-09 03:00:00,2640.865277777778
2020-04-09 04:00:00,2232.6444444444446
2020-04-09 05:00:00,2479.6075
2020-04-09 06:00:00,2944.5163888888887
2020-04-09 07:00:00,3752.8733333333334
2020-04-09 08:00:00,4545.344166666667
2020-04-09 09:00:00,5117.605
2020-04-09 10:00:00,5720.676666666666
2020-04-09 11:00:00,5686.828888888889
2020-04-09 12:00:00,5675.194444444444
2020-04-09 13:00:00,5654.389444444444
2020-04-09 14:00:00,5497.62
2020-04-09 15:00:00,4841.97
2020-04-09 16:00:00,4016.737222222222
2020-04-09 17:00:00,3482.601111111111
2020-04-09 18:00:00,2813.9655555555555
2020-04-09 19:00:00,2437.1644444444446
2020-04-09 20:00:00,2422.302777777778
2020-04-09 21:00:00,2345.47
2020-04-09 22:00:00,2309.3577777777778
2020-04-09 23:00:00,2305.7891666666665
2020-04-10 00:00:00,2221.3825
2020-04-10 01:00:00,2091.405
2020-04-10 02:00:00,1973.39
2020-04-10 03:00:00,1878.83
2020-04-10 04:00:00,1607.7555555555555
2020-04-10 05:00:00,1828.9131944444443
2020-04-10 06:00:00,2199.32625
2020-04-10 07:00:00,2989.632222222222
2020-04-10 08:00:00,3577.3316666666665
2020-04-10 09:00:00,4224.541111111111
2020-04-10 10:00:00,4771.129166666667
2020-04-10 11:00:00,5203.294444444445
2020-04-10 12:00:00,5002.287777777778
2020-04-10 13:00:00,5195.094444444445
2020-04-10 14:00:00,4531.334444444445
2020-04-10 15:00:00,4001.4972222222223
2020-04-10 16:00:00,3329.831111111111
2020-04-10 17:00:00,3033.2038888888887
2020-04-10 18:00:00,2546.803888888889
2020-04-10 19:00:00,2358.9841666666666
2020-04-10 20:00:00,2240.7269444444446
2020-04-10 21:00:00,2150.13
2020-04-10 22:00:00,2083.1256944444444
2020-04-10 23:00:00,1968.9120833333334
2020-04-11 00:00:00,1923.3130555555556
2020-04-11 01:00:00,1871.9025
2020-04-11 02:00:00,1780.6722222222222
2020-04-11 03:00:00,1808.481388888889
2020-04-11 04:00:00,1771.2669444444443
2020-04-11 05:00:00,1692.8569444444445
2020-04-11 06:00:00,2228.0179166666667
2020-04-11 07:00:00,2829.7380555555555
2020-04-11 08:00:00,3181.1666666666665
2020-04-11 09:00:00,4095.4147222222223
2020-04-11 10:00:00,5604.106111111111
2020-04-11 11:00:00,6275.912777777778
2020-04-11 12:00:00,6577.741111111111
2020-04-11 13:00:00,7034.085
2020-04-11 14:00:00,7252.552222222223
2020-04-11 15:00:00,7334.517777777778
2020-04-11 16:00:00,6052.454444444445
2020-04-11 17:00:00,4304.814166666667
2020-04-11 18:00:00,3296.541388888889
2020-04-11 19:00:00,3121.8805555555555
2020-04-11 20:00:00,3003.8283333333334
2020-04-11 21:00:00,2932.9375
2020-04-11 22:00:00,2717.9847222222224
2020-04-11 23:00:00,2582.6625
2020-04-12 00:00:00,2491.731111111111
2020-04-12 01:00:00,2483.086111111111
2020-04-12 02:00:00,2523.2225
2020-04-12 03:00:00,2566.7805555555556
2020-04-12 04:00:00,2560.222777777778
2020-04-12 05:00:00,2496.4538888888887
2020-04-12 06:00:00,3127.048333333333
2020-04-12 07:00:00,4800.978888888889
2020-04-12 08:00:00,6622.095
2020-04-12 09:00:00,7962.733888888889
2020-04-12 10:00:00,8415.98111111111
2020-04-12 11:00:00,8554.997777777779
2020-04-12 12:00:00,8683.185555555556
2020-04-12 13:00:00,8682.946666666667
2020-04-12 14:00:00,8683.976111111111
2020-04-12 15:00:00,8719.955555555556
2020-04-12 16:00:00,8680.88
2020-04-12 17:00:00,8141.6611111111115
2020-04-12 18:00:00,6833.366666666667
2020-04-12 19:00:00,5130.845
2020-04-12 20:00:00,3993.068888888889
2020-04-12 21:00:00,3322.0430555555554
2020-04-12 22:00:00,3088.3880555555556
2020-04-12 23:00:00,3107.0433333333335
2020-04-13 00:00:00,3024.8080555555557
2020-04-13 01:00:00,2712.0825
2020-04-13 02:00:00,2574.905
2020-04-13 03:00:00,2209.4266666666667
2020-04-13 04:00:00,1955.7608333333333
2020-04-13 05:00:00,1993.6483333333333
2020-04-13 06:00:00,2352.0594444444446
2020-04-13 07:00:00,2255.0066666666667
2020-04-13 08:00:00,2629.7644444444445
2020-04-13 09:00:00,2804.826111111111
2020-04-13 10:00:00,3220.8194444444443
2020-04-13 11:00:00,3272.567777777778
2020-04-13 12:00:00,3263.7066666666665
2020-04-13 13:00:00,3325.9669444444444
2020-04-13 14:00:00,3124.2044444444446
2020-04-13 15:00:00,2851.9294444444445
2020-04-13 16:00:00,2574.198888888889
2020-04-13 17:00:00,2526.4405555555554
2020-04-13 18:00:00,2381.1272222222224
2020-04-13 19:00:00,2293.592777777778
2020-04-13 20:00:00,2229.82875
2020-04-13 21:00:00,2190.198611111111
2020-04-13 22:00:00,2149.8158333333336
2020-04-13 23:00:00,2044.4516666666666
2020-04-14 00:00:00,1941.1541666666667
2020-04-14 01:00:00,1866.4868055555555
2020-04-14 02:00:00,1857.5783333333334
2020-04-14 03:00:00,1858.0143055555557
2020-04-14 04:00:00,1621.2366666666667
2020-04-14 05:00:00,1759.5305555555556
2020-04-14 06:00:00,2191.7438888888887
2020-04-14 07:00:00,2351.008611111111
2020-04-14 08:00:00,2283.697222222222
2020-04-14 09:00:00,2698.4144444444446
2020-04-14 10:00:00,3656.802777777778
2020-04-14 11:00:00,4005.1833333333334
2020-04-14 12:00:00,3788.4044444444444
2020-04-14 13:00:00,3802.282222222222
2020-04-14 14:00:00,3799.3944444444446
2020-04-14 15:00:00,3689.7144444444443
2020-04-14 16:00:00,3297.038888888889
2020-04-14 17:00:00,2938.1455555555553
2020-04-14 18:00:00,2821.4738888888887
2020-04-14 19:00:00,2497.851111111111
2020-04-14 20:00:00,2458.8283333333334
2020-04-14 21:00:00,2496.6691666666666
2020-04-14 22:00:00,2459.801111111111
2020-04-14 23:00:00,2473.0875
2020-04-15 00:00:00,2483.6588888888887
2020-04-15 01:00:00,2469.686388888889
2020-04-15 02:00:00,2406.8083333333334
2020-04-15 03:00:00,2428.4527777777776
2020-04-15 04:00:00,2227.757638888889
2020-04-15 05:00:00,2412.4411111111112
2020-04-15 06:00:00,2686.0988888888887
2020-04-15 07:00:00,2751.407222222222
2020-04-15 08:00:00,2964.887777777778
2020-04-15 09:00:00,3193.4983333333334
2020-04-15 10:00:00,3689.5858333333335
2020-04-15 11:00:00,4457.273888888889
2020-04-15 12:00:00,5591.15
2020-04-15 13:00:00,6740.191111111111
2020-04-15 14:00:00,7117.267777777778
2020-04-15 15:00:00,7261.385555555556
2020-04-15 16:00:00,7220.798333333333
2020-04-15 17:00:00,6171.5038888888885
2020-04-15 18:00:00,4291.248888888889
2020-04-15 19:00:00,3807.2283333333335
2020-04-15 20:00:00,3402.764722222222
2020-04-15 21:00:00,3122.456111111111
2020-04-15 22:00:00,3078.1833333333334
2020-04-15 23:00:00,2894.5988888888887
2020-04-16 00:00:00,2705.9919444444445
2020-04-16 01:00:00,2641.803888888889
2020-04-16 02:00:00,2593.9244444444444
2020-04-16 03:00:00,2585.0405555555553
2020-04-16 04:00:00,2269.3659722222224
2020-04-16 05:00:00,2453.351388888889
2020-04-16 06:00:00,2862.41
2020-04-16 07:00:00,3399.1247222222223
2020-04-16 08:00:00,4347.0633333333335
2020-04-16 09:00:00,5197.862222222222
2020-04-16 10:00:00,6194.85
2020-04-16 11:00:00,6381.7138888888885
2020-04-16 12:00:00,6519.772222222222
2020-04-16 13:00:00,6774.507777777778
2020-04-16 14:00:00,6921.187222222222
2020-04-16 15:00:00,6153.886666666666
2020-04-16 16:00:00,5004.807777777778
2020-04-16 17:00:00,4705.921666666667
2020-04-16 18:00:00,3913.8088888888888
2020-04-16 19:00:00,3065.8333333333335
2020-04-16 20:00:00,2930.098611111111
2020-04-16 21:00:00,2890.6227777777776
2020-04-16 22:00:00,2673.837777777778
2020-04-16 23:00:00,2592.106388888889
2020-04-17 00:00:00,2461.5022222222224
2020-04-17 01:00:00,2335.6941666666667
2020-04-17 02:00:00,2278.7175
2020-04-17 03:00:00,2237.825277777778
2020-04-17 04:00:00,1981.6763888888888
2020-04-17 05:00:00,2190.373611111111
2020-04-17 06:00:00,2752.5825
2020-04-17 07:00:00,3629.8522222222223
2020-04-17 08:00:00,3948.303888888889
2020-04-17 09:00:00,5104.728888888889
2020-04-17 10:00:00,6510.981111111111
2020-04-17 11:00:00,7053.454444444445
2020-04-17 12:00:00,7838.272222222222
2020-04-17 13:00:00,8050.514444444444
2020-04-17 14:00:00,7727.3261111111115
2020-04-17 15:00:00,7979.48
2020-04-17 16:00:00,6968.2844444444445
2020-04-17 17:00:00,4693.264444444444
2020-04-17 18:00:00,3698.572222222222
2020-04-17 19:00:00,2981.3577777777778
2020-04-17 20:00:00,2778.0244444444443
2020-04-17 21:00:00,2619.4069444444444
2020-04-17 22:00:00,2473.862777777778
2020-04-17 23:00:00,2354.532222222222
2020-04-18 00:00:00,2243.3458333333333
2020-04-18 01:00:00,2201.7930555555554
2020-04-18 02:00:00,2077.9655555555555
2020-04-18 03:00:00,2029.4302777777777
2020-04-18 04:00:00,1758.4206944444445
2020-04-18 05:00:00,2091.586388888889
2020-04-18 06:00:00,2535.4816666666666
2020-04-18 07:00:00,3055.317777777778
2020-04-18 08:00:00,4105.080555555555
2020-04-18 09:00:00,6132.06
2020-04-18 10:00:00,7357.081111111111
2020-04-18 11:00:00,7914.386111111111
2020-04-18 12:00:00,8122.410555555555
2020-04-18 13:00:00,8340.612777777778
2020-04-18 14:00:00,8451.40888888889
2020-04-18 15:00:00,7669.6577777777775
2020-04-18 16:00:00,4847.416111111111
2020-04-18 17:00:00,4008.427777777778
2020-04-18 18:00:00,3327.888611111111
2020-04-18 19:00:00,2812.488611111111
2020-04-18 20:00:00,2882.321111111111
2020-04-18 21:00:00,2911.5130555555556
2020-04-18 22:00:00,2888.443888888889
2020-04-18 23:00:00,2782.291388888889
2020-04-19 00:00:00,2704.5769444444445
2020-04-19 01:00:00,2412.446388888889
2020-04-19 02:00:00,2256.3741666666665
2020-04-19 03:00:00,2164.712777777778
2020-04-19 04:00:00,1878.9883333333332
2020-04-19 05:00:00,2222.6320833333334
2020-04-19 06:00:00,2511.271111111111
2020-04-19 07:00:00,2682.594722222222
2020-04-19 08:00:00,3470.0519444444444
2020-04-19 09:00:00,4197.9238888888885
2020-04-19 10:00:00,4678.177777777778
2020-04-19 11:00:00,5250.7283333333335
2020-04-19 12:00:00,5393.2011111111115
2020-04-19 13:00:00,5103.152777777777
2020-04-19 14:00:00,4874.948888888889
2020-04-19 15:00:00,4383.946388888889
2020-04-19 16:00:00,4123.361944444445
2020-04-19 17:00:00,3595.347777777778
2020-04-19 18:00:00,2912.3305555555557
2020-04-19 19:00:00,2612.7266666666665
2020-04-19 20:00:00,2388.6519444444443
2020-04-19 21:00:00,2336.5505555555555
2020-04-19 22:00:00,2283.6838888888888
2020-04-19 23:00:00,2267.738611111111
2020-04-20 00:00:00,2171.050138888889
2020-04-20 01:00:00,2152.108888888889
2020-04-20 02:00:00,2099.3668055555554
2020-04-20 03:00:00,2135.45375
2020-04-20 04:00:00,1964.295138888889
2020-04-20 05:00:00,2190.994722222222
2020-04-20 06:00:00,2752.923888888889
2020-04-20 07:00:00,3148.3369444444443
2020-04-20 08:00:00,3888.5425
2020-04-20 09:00:00,6288.847777777778
2020-04-20 10:00:00,7978.870555555555
2020-04-20 11:00:00,8273.342222222222
2020-04-20 12:00:00,8356.83111111111
2020-04-20 13:00:00,8354.750555555556
2020-04-20 14:00:00,7675.1305555555555
2020-04-20 15:00:00,7204.6483333333335
2020-04-20 16:00:00,6408.47
2020-04-20 17:00:00,4604.2
2020-04-20 18:00:00,3669.6055555555554
2020-04-20 19:00:00,2993.137777777778
2020-04-20 20:00:00,2782.3533333333335
2020-04-20 21:00:00,2686.5577777777776
2020-04-20 22:00:00,2557.658611111111
2020-04-20 23:00:00,2485.4605555555554
2020-04-21 00:00:00,2569.896388888889
2020-04-21 01:00:00,2552.4991666666665
2020-04-21 02:00:00,2487.1388888888887
2020-04-21 03:00:00,2360.411666666667
2020-04-21 04:00:00,2037.7715277777777
2020-04-21 05:00:00,2317.021111111111
2020-04-21 06:00:00,2779.2508333333335
2020-04-21 07:00:00,3100.659166666667
2020-04-21 08:00:00,4029.6375
2020-04-21 09:00:00,5927.224444444444
2020-04-21 10:00:00,7026.993333333333
2020-04-21 11:00:00,7976.3516666666665
2020-04-21 12:00:00,8334.705
2020-04-21 13:00:00,8100.7011111111115
2020-04-21 14:00:00,7982.837222222222
2020-04-21 15:00:00,7610.107777777778
2020-04-21 16:00:00,6164.392777777778
2020-04-21 17:00:00,5515.752777777778
2020-04-21 18:00:00,3651.778333333333
2020-04-21 19:00:00,3400.2544444444443
2020-04-21 20:00:00,3138.9066666666668
2020-04-21 21:00:00,2851.1580555555556
2020-04-21 22:00:00,2748.6652777777776
2020-04-21 23:00:00,2643.238888888889
2020-04-22 00:00:00,2557.264236111111
2020-04-22 01:00:00,2471.923888888889
2020-04-22 02:00:00,2378.0261111111113
2020-04-22 03:00:00,2364.2652777777776
2020-04-22 04:00:00,2219.2393055555553
2020-04-22 05:00:00,2694.5925
2020-04-22 06:00:00,3066.961388888889
2020-04-22 07:00:00,3373.2433333333333
2020-04-22 08:00:00,3812.0144444444445
2020-04-22 09:00:00,5440.916666666667
2020-04-22 10:00:00,7741.985555555556
2020-04-22 11:00:00,8228.594444444445
2020-04-22 12:00:00,8497.50888888889
2020-04-22 13:00:00,8545.447777777777
2020-04-22 14:00:00,8313.761111111111
2020-04-22 15:00:00,7562.647777777778
2020-04-22 16:00:00,6278.642222222222
2020-04-22 17:00:00,5231.432222222223
2020-04-22 18:00:00,3643.0816666666665
2020-04-22 19:00:00,3401.865
2020-04-22 20:00:00,3220.858333333333
2020-04-22 21:00:00,3055.8416666666667
2020-04-22 22:00:00,2859.9422222222224
2020-04-22 23:00:00,2733.6625
2020-04-23 00:00:00,2613.151388888889
2020-04-23 01:00:00,2425.4825
2020-04-23 02:00:00,2337.217777777778
2020-04-23 03:00:00,2369.6766666666667
2020-04-23 04:00:00,2034.5381944444443
2020-04-23 05:00:00,2345.2966666666666
2020-04-23 06:00:00,3276.972222222222
2020-04-23 07:00:00,4755.676111111111
2020-04-23 08:00:00,6107.008888888889
2020-04-23 09:00:00,7255.5344444444445
2020-04-23 10:00:00,8721.633333333333
2020-04-23 11:00:00,8841.694444444445
2020-04-23 12:00:00,8819.23111111111
2020-04-23 13:00:00,8798.241666666667
2020-04-23 14:00:00,8795.196666666667
2020-04-23 15:00:00,8802.122777777779
2020-04-23 16:00:00,8807.618888888888
2020-04-23 17:00:00,8779.114444444445
2020-04-23 18:00:00,7974.518888888889
2020-04-23 19:00:00,6618.7733333333335
2020-04-23 20:00:00,4981.428888888889
2020-04-23 21:00:00,4354.483888888889
2020-04-23 22:00:00,3733.1613888888887
2020-04-23 23:00:00,3556.2455555555557
2020-04-24 00:00:00,3281.6272222222224
2020-04-24 01:00:00,3048.4994444444446
2020-04-24 02:00:00,3067.4891666666667
2020-04-24 03:00:00,3053.2105555555554
2020-04-24 04:00:00,2756.277222222222
2020-04-24 05:00:00,3170.235
2020-04-24 06:00:00,4516.851944444445
2020-04-24 07:00:00,5803.698888888889
2020-04-24 08:00:00,7157.652222222222
2020-04-24 09:00:00,8222.465555555556
2020-04-24 10:00:00,8415.586111111112
2020-04-24 11:00:00,8383.36611111111
2020-04-24 12:00:00,8540.84888888889
2020-04-24 13:00:00,8576.541111111112
2020-04-24 14:00:00,8528.70611111111
2020-04-24 15:00:00,8240.746111111112
2020-04-24 16:00:00,7972.71
2020-04-24 17:00:00,7042.642222222222
2020-04-24 18:00:00,5313.783888888889
2020-04-24 19:00:00,4462.565277777778
2020-04-24 20:00:00,4079.5130555555556
2020-04-24 21:00:00,3695.156388888889
2020-04-24 22:00:00,3657.9266666666667
2020-04-24 23:00:00,3538.505277777778
2020-04-25 00:00:00,3660.54
2020-04-25 01:00:00,3696.5588888888888
2020-04-25 02:00:00,3609.8308333333334
2020-04-25 03:00:00,3188.2027777777776
2020-04-25 04:00:00,3114.4766666666665
2020-04-25 05:00:00,3196.28
2020-04-25 06:00:00,3211.7055555555557
2020-04-25 07:00:00,3717.619166666667
2020-04-25 08:00:00,4979.873888888889
2020-04-25 09:00:00,6059.636666666666
2020-04-25 10:00:00,6938.113333333334
2020-04-25 11:00:00,7317.068888888889
2020-04-25 12:00:00,7406.097777777778
2020-04-25 13:00:00,7538.2988888888885
2020-04-25 14:00:00,7158.652222222222
2020-04-25 15:00:00,6914.246666666667
2020-04-25 16:00:00,6583.132777777778
2020-04-25 17:00:00,5173.063888888889
2020-04-25 18:00:00,3806.180277777778
2020-04-25 19:00:00,3194.5655555555554
2020-04-25 20:00:00,2930.5505555555555
2020-04-25 21:00:00,2721.141666666667
2020-04-25 22:00:00,2682.1330555555555
2020-04-25 23:00:00,2605.1252777777777
2020-04-26 00:00:00,2701.605
2020-04-26 01:00:00,2744.751111111111
2020-04-26 02:00:00,2643.6877777777777
2020-04-26 03:00:00,2629.817777777778
2020-04-26 04:00:00,2549.758333333333
2020-04-26 05:00:00,2699.662222222222
2020-04-26 06:00:00,3452.5983333333334
2020-04-26 07:00:00,4877.408888888889
2020-04-26 08:00:00,5953.176666666666
2020-04-26 09:00:00,6664.612222222222
2020-04-26 10:00:00,7331.750555555555
2020-04-26 11:00:00,7552.134444444445
2020-04-26 12:00:00,7541.381111111111
2020-04-26 13:00:00,7940.999444444445
2020-04-26 14:00:00,7734.7266666666665
2020-04-26 15:00:00,7675.318888888889
2020-04-26 16:00:00,6814.663333333333
2020-04-26 17:00:00,5270.602222222222
2020-04-26 18:00:00,3821.7355555555555
2020-04-26 19:00:00,3283.487222222222
2020-04-26 20:00:00,2861.4016666666666
2020-04-26 21:00:00,2757.358333333333
2020-04-26 22:00:00,2635.5844444444447
2020-04-26 23:00:00,2463.612777777778
2020-04-27 00:00:00,2281.9290277777777
2020-04-27 01:00:00,2190.4225
2020-04-27 02:00:00,2190.9256944444446
2020-04-27 03:00:00,2145.166388888889
2020-04-27 04:00:00,1920.8008333333332
2020-04-27 05:00:00,2422.0980555555557
2020-04-27 06:00:00,2947.0233333333335
2020-04-27 07:00:00,3404.4113888888887
2020-04-27 08:00:00,4402.963333333333
2020-04-27 09:00:00,6570.855
2020-04-27 10:00:00,8044.291111111111
2020-04-27 11:00:00,8273.37
2020-04-27 12:00:00,8461.427777777777
2020-04-27 13:00:00,8663.428333333333
2020-04-27 14:00:00,8689.414444444445
2020-04-27 15:00:00,8699.413333333334
2020-04-27 16:00:00,8707.206666666667
2020-04-27 17:00:00,8506.28
2020-04-27 18:00:00,7922.149444444444
2020-04-27 19:00:00,7084.142777777778
2020-04-27 20:00:00,5112.292777777778
2020-04-27 21:00:00,4457.616388888889
2020-04-27 22:00:00,4133.068333333334
2020-04-27 23:00:00,4272.257777777778
2020-04-28 00:00:00,4200.140555555556
2020-04-28 01:00:00,4011.1827777777776
2020-04-28 02:00:00,3619.8983333333335
2020-04-28 03:00:00,3496.123611111111
2020-04-28 04:00:00,3181.150277777778
2020-04-28 05:00:00,3915.781111111111
2020-04-28 06:00:00,4120.3875
2020-04-28 07:00:00,4578.299444444445
2020-04-28 08:00:00,5583.9944444444445
2020-04-28 09:00:00,6738.9638888888885
2020-04-28 10:00:00,7554.37
2020-04-28 11:00:00,7825.145
2020-04-28 12:00:00,8087.587777777778
2020-04-28 13:00:00,8151.262222222223
2020-04-28 14:00:00,7858.3983333333335
2020-04-28 15:00:00,7652.165
2020-04-28 16:00:00,7191.109444444444
2020-04-28 17:00:00,5656.026666666667
2020-04-28 18:00:00,5023.6211111111115
2020-04-28 19:00:00,4068.797777777778
2020-04-28 20:00:00,3791.7555555555555
2020-04-28 21:00:00,3656.6369444444445
2020-04-28 22:00:00,3618.306111111111
2020-04-28 23:00:00,3704.5183333333334
2020-04-29 00:00:00,3550.5905555555555
2020-04-29 01:00:00,3452.5794444444446
2020-04-29 02:00:00,3483.617222222222
2020-04-29 03:00:00,3333.3633333333332
2020-04-29 04:00:00,3311.366388888889
2020-04-29 05:00:00,3416.7591666666667
2020-04-29 06:00:00,3493.6041666666665
2020-04-29 07:00:00,3736.5144444444445
2020-04-29 08:00:00,3960.233888888889
2020-04-29 09:00:00,4019.7927777777777
2020-04-29 10:00:00,4427.595
2020-04-29 11:00:00,4779.23
2020-04-29 12:00:00,4341.572222222222
2020-04-29 13:00:00,4329.91
2020-04-29 14:00:00,4237.839444444445
2020-04-29 15:00:00,4317.353611111111
2020-04-29 16:00:00,4728.278888888889
2020-04-29 17:00:00,4797.886666666666
2020-04-29 18:00:00,4574.235
2020-04-29 19:00:00,4406.032222222222
2020-04-29 20:00:00,4239.551111111111
2020-04-29 21:00:00,4251.962222222222
2020-04-29 22:00:00,4241.011388888889
2020-04-29 23:00:00,4161.935555555556
2020-04-30 00:00:00,4049.9744444444445
2020-04-30 01:00:00,3855.4780555555553
2020-04-30 02:00:00,3707.3430555555556
2020-04-30 03:00:00,3753.0872222222224
2020-04-30 04:00:00,3662.6755555555555
2020-04-30 05:00:00,4426.055833333333
2020-04-30 06:00:00,4440.091666666666
2020-04-30 07:00:00,5110.131111111111
2020-04-30 08:00:00,5080.908888888889
2020-04-30 09:00:00,5931.77
2020-04-30 10:00:00,6442.538888888889
2020-04-30 11:00:00,6267.951666666667
2020-04-30 12:00:00,6161.387777777778
2020-04-30 13:00:00,6047.915
2020-04-30 14:00:00,7602.241111111111
2020-04-30 15:00:00,7447.202222222222
2020-04-30 16:00:00,7447.948333333334
2020-04-30 17:00:00,7058.762222222223
2020-04-30 18:00:00,5841.201666666667
2020-04-30 19:00:00,4616.615277777778
2020-04-30 20:00:00,4340.897222222222
2020-04-30 21:00:00,4162.330555555555
2020-04-30 22:00:00,4108.131111111111
2020-04-30 23:00:00,4188.1975
2020-05-01 00:00:00,4583.2925
2020-05-01 01:00:00,4590.426944444444
2020-05-01 02:00:00,3742.188888888889
2020-05-01 03:00:00,3522.8094444444446
2020-05-01 04:00:00,3351.6844444444446
2020-05-01 05:00:00,3586.988611111111
2020-05-01 06:00:00,3685.8805555555555
2020-05-01 07:00:00,4032.1388888888887
2020-05-01 08:00:00,4331.82
2020-05-01 09:00:00,4970.138888888889
2020-05-01 10:00:00,6217.288888888889
2020-05-01 11:00:00,6928.026111111111
2020-05-01 12:00:00,6533.000555555555
2020-05-01 13:00:00,7545.682222222223
2020-05-01 14:00:00,6626.862777777777
2020-05-01 15:00:00,6427.098888888889
2020-05-01 16:00:00,6973.5344444444445
2020-05-01 17:00:00,6258.2
2020-05-01 18:00:00,5312.373333333333
2020-05-01 19:00:00,4315.5327777777775
2020-05-01 20:00:00,3403.13
2020-05-01 21:00:00,3184.1516666666666
2020-05-01 22:00:00,2902.018888888889
2020-05-01 23:00:00,2932.9513888888887
2020-05-02 00:00:00,2937.4294444444445
2020-05-02 01:00:00,2877.1491666666666
2020-05-02 02:00:00,2858.6194444444445
2020-05-02 03:00:00,2758.67
2020-05-02 04:00:00,2635.5216666666665
2020-05-02 05:00:00,3356.495
2020-05-02 06:00:00,3902.2594444444444
2020-05-02 07:00:00,4153.164444444445
2020-05-02 08:00:00,4641.256111111111
2020-05-02 09:00:00,5412.707777777778
2020-05-02 10:00:00,6379.3533333333335
2020-05-02 11:00:00,5799.53
2020-05-02 12:00:00,6087.426666666666
2020-05-02 13:00:00,6747.293333333333
2020-05-02 14:00:00,6876.612222222222
2020-05-02 15:00:00,6483.072222222222
2020-05-02 16:00:00,6226.615
2020-05-02 17:00:00,5602.666666666667
2020-05-02 18:00:00,4628.165277777778
2020-05-02 19:00:00,4101.987222222222
2020-05-02 20:00:00,3787.0869444444443
2020-05-02 21:00:00,3365.9177777777777
2020-05-02 22:00:00,3233.165
2020-05-02 23:00:00,3107.5261111111113
2020-05-03 00:00:00,3174.838333333333
2020-05-03 01:00:00,3181.0916666666667
2020-05-03 02:00:00,3215.6641666666665
2020-05-03 03:00:00,3182.5777777777776
2020-05-03 04:00:00,2916.9827777777778
2020-05-03 05:00:00,3448.1077777777778
2020-05-03 06:00:00,3795.740277777778
2020-05-03 07:00:00,4002.696111111111
2020-05-03 08:00:00,4369.231944444445
2020-05-03 09:00:00,5837.545555555555
2020-05-03 10:00:00,6751.87
2020-05-03 11:00:00,7242.395
2020-05-03 12:00:00,7178.216666666666
2020-05-03 13:00:00,7242.3
2020-05-03 14:00:00,7309.589166666667
2020-05-03 15:00:00,7548.846111111111
2020-05-03 16:00:00,6800.824444444444
2020-05-03 17:00:00,6041.084444444445
2020-05-03 18:00:00,5270.421111111111
2020-05-03 19:00:00,4915.51
2020-05-03 20:00:00,4253.224722222222
2020-05-03 21:00:00,4034.8730555555558
2020-05-03 22:00:00,3745.665
2020-05-03 23:00:00,3729.9944444444445
2020-05-04 00:00:00,3540.5955555555556
2020-05-04 01:00:00,3360.896111111111
2020-05-04 02:00:00,3171.2325
2020-05-04 03:00:00,3112.9980555555558
2020-05-04 04:00:00,3012.7994444444444
2020-05-04 05:00:00,3361.4494444444445
2020-05-04 06:00:00,3801.1241666666665
2020-05-04 07:00:00,3680.065
2020-05-04 08:00:00,3894.92
2020-05-04 09:00:00,4903.524444444444
2020-05-04 10:00:00,6212.111111111111
2020-05-04 11:00:00,6520.275555555556
2020-05-04 12:00:00,6781.655
2020-05-04 13:00:00,7198.732222222222
2020-05-04 14:00:00,7149.054444444444
2020-05-04 15:00:00,6951.831111111111
2020-05-04 16:00:00,5968.1594444444445
2020-05-04 17:00:00,4908.532222222222
2020-05-04 18:00:00,3943.2816666666668
2020-05-04 19:00:00,3203.4630555555555
2020-05-04 20:00:00,2801.3702777777776
2020-05-04 21:00:00,2665.862222222222
2020-05-04 22:00:00,2611.679722222222
2020-05-04 23:00:00,2426.4675
2020-05-05 00:00:00,2377.284722222222
2020-05-05 01:00:00,2238.5880555555555
2020-05-05 02:00:00,2132.366111111111
2020-05-05 03:00:00,2126.7916666666665
2020-05-05 04:00:00,1982.6530555555555
2020-05-05 05:00:00,2527.552777777778
2020-05-05 06:00:00,3100.491666666667
2020-05-05 07:00:00,3081.1369444444445
2020-05-05 08:00:00,3490.3866666666668
2020-05-05 09:00:00,4103.152222222222
2020-05-05 10:00:00,5308.061111111111
2020-05-05 11:00:00,4851.875555555555
2020-05-05 12:00:00,4423.547777777778
2020-05-05 13:00:00,4194.935555555556
2020-05-05 14:00:00,4242.243055555556
2020-05-05 15:00:00,4313.348055555555
2020-05-05 16:00:00,4338.8
2020-05-05 17:00:00,3858.735277777778
2020-05-05 18:00:00,3262.6380555555556
2020-05-05 19:00:00,2924.6955555555555
2020-05-05 20:00:00,2653.4783333333335
2020-05-05 21:00:00,2566.2183333333332
2020-05-05 22:00:00,2510.8933333333334
2020-05-05 23:00:00,2501.680277777778
2020-05-06 00:00:00,2451.4411111111112
2020-05-06 01:00:00,2346.4533333333334
2020-05-06 02:00:00,2326.94875
2020-05-06 03:00:00,2337.895
2020-05-06 04:00:00,2460.3616666666667
2020-05-06 05:00:00,3068.7477777777776
2020-05-06 06:00:00,3410.4105555555557
2020-05-06 07:00:00,3968.5633333333335
2020-05-06 08:00:00,4945.356666666667
2020-05-06 09:00:00,6367.693333333334
2020-05-06 10:00:00,7295.440555555556
2020-05-06 11:00:00,7252.74
2020-05-06 12:00:00,7409.982222222222
2020-05-06 13:00:00,7803.421666666667
2020-05-06 14:00:00,7782.917222222222
2020-05-06 15:00:00,7467.293888888889
2020-05-06 16:00:00,6650.508333333333
2020-05-06 17:00:00,5652.856666666667
2020-05-06 18:00:00,4432.058888888889
2020-05-06 19:00:00,3835.6966666666667
2020-05-06 20:00:00,3342.4933333333333
2020-05-06 21:00:00,3323.922777777778
2020-05-06 22:00:00,3235.653333333333
2020-05-06 23:00:00,3243.4616666666666
2020-05-07 00:00:00,3071.3933333333334
2020-05-07 01:00:00,3026.8825
2020-05-07 02:00:00,2991.068333333333
2020-05-07 03:00:00,3039.36
2020-05-07 04:00:00,2992.9088888888887
2020-05-07 05:00:00,3506.363611111111
2020-05-07 06:00:00,4003.003888888889
2020-05-07 07:00:00,3955.028333333333
2020-05-07 08:00:00,4279.1258333333335
2020-05-07 09:00:00,5032.893333333333
2020-05-07 10:00:00,5544.472222222223
2020-05-07 11:00:00,5378.856666666667
2020-05-07 12:00:00,6548.92
2020-05-07 13:00:00,7596.6177777777775
2020-05-07 14:00:00,7911.810555555556
2020-05-07 15:00:00,8097.207222222222
2020-05-07 16:00:00,8095.252777777778
2020-05-07 17:00:00,7589.477222222222
2020-05-07 18:00:00,5582.028888888889
2020-05-07 19:00:00,4131.796666666667
2020-05-07 20:00:00,3577.949722222222
2020-05-07 21:00:00,3114.3880555555556
2020-05-07 22:00:00,3105.5130555555556
2020-05-07 23:00:00,2932.0005555555554
2020-05-08 00:00:00,2698.6588888888887
2020-05-08 01:00:00,2518.556666666667
2020-05-08 02:00:00,2437.7033333333334
2020-05-08 03:00:00,2419.3705555555557
2020-05-08 04:00:00,2224.5755555555556
2020-05-08 05:00:00,2654.1188888888887
2020-05-08 06:00:00,3513.5905555555555
2020-05-08 07:00:00,4408.495555555555
2020-05-08 08:00:00,4894.488888888889
2020-05-08 09:00:00,6030.636666666666
2020-05-08 10:00:00,7810.873888888889
2020-05-08 11:00:00,8064.946111111111
2020-05-08 12:00:00,8088.198333333334
2020-05-08 13:00:00,8291.732222222223
2020-05-08 14:00:00,8356.075
2020-05-08 15:00:00,8435.823888888888
2020-05-08 16:00:00,8343.536666666667
2020-05-08 17:00:00,8317.40111111111
2020-05-08 18:00:00,7637.747222222222
2020-05-08 19:00:00,5687.570555555556
2020-05-08 20:00:00,4160.440277777778
2020-05-08 21:00:00,3963.4225
2020-05-08 22:00:00,3596.5955555555556
2020-05-08 23:00:00,3323.7502777777777
2020-05-09 00:00:00,3055.7316666666666
2020-05-09 01:00:00,2768.4313888888887
2020-05-09 02:00:00,2794.343888888889
2020-05-09 03:00:00,2600.346111111111
2020-05-09 04:00:00,2770.157777777778
2020-05-09 05:00:00,3192.3141666666666
2020-05-09 06:00:00,4733.692222222222
2020-05-09 07:00:00,5866.002222222222
2020-05-09 08:00:00,7669.863333333334
2020-05-09 09:00:00,8190.960416666667
2020-05-09 10:00:00,8312.155555555555
2020-05-09 11:00:00,8279.935555555556
2020-05-09 12:00:00,8463.475555555555
2020-05-09 13:00:00,8454.442222222222
2020-05-09 14:00:00,8444.15
2020-05-09 15:00:00,8465.304444444444
2020-05-09 16:00:00,8459.485
2020-05-09 17:00:00,8465.70611111111
2020-05-09 18:00:00,8198.996111111112
2020-05-09 19:00:00,7658.951666666667
2020-05-09 20:00:00,6458.442222222222
2020-05-09 21:00:00,5316.884444444445
2020-05-09 22:00:00,4868.557777777778
2020-05-09 23:00:00,4173.115833333333
2020-05-10 00:00:00,4000.978888888889
2020-05-10 01:00:00,3706.166111111111
2020-05-10 02:00:00,3431.1530555555555
2020-05-10 03:00:00,3332.463888888889
2020-05-10 04:00:00,3575.2927777777777
2020-05-10 05:00:00,4684.395
2020-05-10 06:00:00,6725.212222222222
2020-05-10 07:00:00,7508.785555555555
2020-05-10 08:00:00,8295.40111111111
2020-05-10 09:00:00,8392.072222222223
2020-05-10 10:00:00,8393.983333333334
2020-05-10 11:00:00,8351.947777777777
2020-05-10 12:00:00,8324.282222222222
2020-05-10 13:00:00,8316.337777777779
2020-05-10 14:00:00,8326.919444444444
2020-05-10 15:00:00,8335.847222222223
2020-05-10 16:00:00,8347.832222222221
2020-05-10 17:00:00,8385.423333333334
2020-05-10 18:00:00,8365.72388888889
2020-05-10 19:00:00,8060.157222222222
2020-05-10 20:00:00,6960.625555555555
2020-05-10 21:00:00,5115.387777777778
2020-05-10 22:00:00,4165.897222222222
2020-05-10 23:00:00,3741.6316666666667
2020-05-11 00:00:00,3488.1966666666667
2020-05-11 01:00:00,3318.8444444444444
2020-05-11 02:00:00,3329.3144444444442
2020-05-11 03:00:00,3170.3922222222222
2020-05-11 04:00:00,3076.0933333333332
2020-05-11 05:00:00,2859.125
2020-05-11 06:00:00,2980.3683333333333
2020-05-11 07:00:00,3041.007222222222
2020-05-11 08:00:00,3168.483333333333
2020-05-11 09:00:00,3022.1266666666666
2020-05-11 10:00:00,3100.0105555555556
2020-05-11 11:00:00,2985.1405555555557
2020-05-11 12:00:00,2629.8555555555554
2020-05-11 13:00:00,2468.556111111111
2020-05-11 14:00:00,3052.601111111111
2020-05-11 15:00:00,3528.3758333333335
2020-05-11 16:00:00,3301.1055555555554
2020-05-11 17:00:00,2996.5138888888887
2020-05-11 18:00:00,2617.135
2020-05-11 19:00:00,2410.7566666666667
2020-05-11 20:00:00,2158.6891666666666
2020-05-11 21:00:00,2119.3693055555555
2020-05-11 22:00:00,2090.61
2020-05-11 23:00:00,2058.7430555555557
2020-05-12 00:00:00,1951.9152777777779
2020-05-12 01:00:00,1867.4319444444445
2020-05-12 02:00:00,1848.1029166666667
2020-05-12 03:00:00,1920.2552777777778
2020-05-12 04:00:00,1885.5183333333334
2020-05-12 05:00:00,2045.8769444444445
2020-05-12 06:00:00,2805.04
2020-05-12 07:00:00,2881.700277777778
2020-05-12 08:00:00,3400.9827777777778
2020-05-12 09:00:00,4089.6119444444444
2020-05-12 10:00:00,5412.057777777778
2020-05-12 11:00:00,5376.223333333333
2020-05-12 12:00:00,5434.9511111111115
2020-05-12 13:00:00,4746.1305555555555
2020-05-12 14:00:00,4172.091388888889
2020-05-12 15:00:00,3674.950277777778
2020-05-12 16:00:00,3438.7475
2020-05-12 17:00:00,3176.4475
2020-05-12 18:00:00,3020.458888888889
2020-05-12 19:00:00,2991.8980555555554
2020-05-12 20:00:00,2797.603888888889
2020-05-12 21:00:00,2702.823888888889
2020-05-12 22:00:00,2735.608333333333
2020-05-12 23:00:00,2760.4144444444446
2020-05-13 00:00:00,2723.946111111111
2020-05-13 01:00:00,2650.525
2020-05-13 02:00:00,2541.306111111111
2020-05-13 03:00:00,2527.6558333333332
2020-05-13 04:00:00,2317.1883333333335
2020-05-13 05:00:00,2771.7755555555555
2020-05-13 06:00:00,2943.6275
2020-05-13 07:00:00,3220.5855555555554
2020-05-13 08:00:00,4042.889166666667
2020-05-13 09:00:00,5040.097777777778
2020-05-13 10:00:00,5144.251111111111
2020-05-13 11:00:00,4743.345555555556
2020-05-13 12:00:00,4188.273055555555
2020-05-13 13:00:00,3665.722777777778
2020-05-13 14:00:00,3751.1202777777776
2020-05-13 15:00:00,3606.0108333333333
2020-05-13 16:00:00,3365.2566666666667
2020-05-13 17:00:00,3292.2897222222223
2020-05-13 18:00:00,3233.9994444444446
2020-05-13 19:00:00,3040.0508333333332
2020-05-13 20:00:00,2861.643888888889
2020-05-13 21:00:00,2884.5355555555557
2020-05-13 22:00:00,2897.590833333333
2020-05-13 23:00:00,2875.3275
2020-05-14 00:00:00,2761.0383333333334
2020-05-14 01:00:00,2451.3927777777776
2020-05-14 02:00:00,2262.326666666667
2020-05-14 03:00:00,2173.959861111111
2020-05-14 04:00:00,1980.6652777777779
2020-05-14 05:00:00,2384.280277777778
2020-05-14 06:00:00,2953.7322222222224
2020-05-14 07:00:00,3439.3966666666665
2020-05-14 08:00:00,3661.0672222222224
2020-05-14 09:00:00,4380.446666666667
2020-05-14 10:00:00,5264.3405555555555
2020-05-14 11:00:00,5690.607777777778
2020-05-14 12:00:00,5807.327777777778
2020-05-14 13:00:00,5779.180555555556
2020-05-14 14:00:00,5561.548333333333
2020-05-14 15:00:00,5284.509444444445
2020-05-14 16:00:00,5004.845555555556
2020-05-14 17:00:00,4210.7266666666665
2020-05-14 18:00:00,3389.326666666667
2020-05-14 19:00:00,2870.8705555555557
2020-05-14 20:00:00,2523.788611111111
2020-05-14 21:00:00,2428.623611111111
2020-05-14 22:00:00,2390.8925
2020-05-14 23:00:00,2331.345
2020-05-15 00:00:00,2198.5255555555555
2020-05-15 01:00:00,2110.169861111111
2020-05-15 02:00:00,2046.5813888888888
2020-05-15 03:00:00,2034.9697222222221
2020-05-15 04:00:00,1969.1
2020-05-15 05:00:00,2253.3547222222223
2020-05-15 06:00:00,2955.4597222222224
2020-05-15 07:00:00,3752.5577777777776
2020-05-15 08:00:00,5069.522222222222
2020-05-15 09:00:00,6286.069444444444
2020-05-15 10:00:00,6779.518333333333
2020-05-15 11:00:00,6525.456111111111
2020-05-15 12:00:00,6629.823333333334
2020-05-15 13:00:00,6684.311111111111
2020-05-15 14:00:00,5819.329444444445
2020-05-15 15:00:00,4930.542777777778
2020-05-15 16:00:00,4676.707222222222
2020-05-15 17:00:00,4408.541111111111
2020-05-15 18:00:00,3837.7927777777777
2020-05-15 19:00:00,3622.8605555555555
2020-05-15 20:00:00,3185.746111111111
2020-05-15 21:00:00,3264.5852777777777
2020-05-15 22:00:00,3151.472222222222
2020-05-15 23:00:00,3012.7161111111113
2020-05-16 00:00:00,2849.547777777778
2020-05-16 01:00:00,2666.5694444444443
2020-05-16 02:00:00,2519.195833333333
2020-05-16 03:00:00,2454.8405555555555
2020-05-16 04:00:00,2549.466388888889
2020-05-16 05:00:00,2845.7944444444443
2020-05-16 06:00:00,3146.1683333333335
2020-05-16 07:00:00,3750.9655555555555
2020-05-16 08:00:00,4851.990555555555
2020-05-16 09:00:00,6221.265
2020-05-16 10:00:00,7408.921666666667
2020-05-16 11:00:00,6960.344444444445
2020-05-16 12:00:00,6758.952777777778
2020-05-16 13:00:00,6753.866111111111
2020-05-16 14:00:00,6245.263333333333
2020-05-16 15:00:00,7247.0344444444445
2020-05-16 16:00:00,6534.928888888889
2020-05-16 17:00:00,6111.346666666666
2020-05-16 18:00:00,5360.286666666667
2020-05-16 19:00:00,4423.333333333333
2020-05-16 20:00:00,4033.3063888888887
2020-05-16 21:00:00,3853.653333333333
2020-05-16 22:00:00,3596.4405555555554
2020-05-16 23:00:00,3295.1183333333333
2020-05-17 00:00:00,3155.271111111111
2020-05-17 01:00:00,2967.698611111111
2020-05-17 02:00:00,2835.8819444444443
2020-05-17 03:00:00,2743.099722222222
2020-05-17 04:00:00,3085.606111111111
2020-05-17 05:00:00,2829.485
2020-05-17 06:00:00,3438.0869444444443
2020-05-17 07:00:00,4613.458888888889
2020-05-17 08:00:00,5984.561111111111
2020-05-17 09:00:00,6790.59
2020-05-17 10:00:00,7654.263888888889
2020-05-17 11:00:00,8003.265555555556
2020-05-17 12:00:00,8106.143888888889
2020-05-17 13:00:00,8135.112222222222
2020-05-17 14:00:00,8127.431111111111
2020-05-17 15:00:00,8106.476111111111
2020-05-17 16:00:00,7988.498888888889
2020-05-17 17:00:00,7718.922222222222
2020-05-17 18:00:00,7497.417777777778
2020-05-17 19:00:00,6729.141666666666
2020-05-17 20:00:00,6037.46
2020-05-17 21:00:00,5702.133333333333
2020-05-17 22:00:00,5210.208333333333
2020-05-17 23:00:00,5117.386666666666
2020-05-18 00:00:00,4732.727777777778
2020-05-18 01:00:00,4314.693888888889
2020-05-18 02:00:00,4251.172777777778
2020-05-18 03:00:00,4304.420277777778
2020-05-18 04:00:00,4421.959444444445
2020-05-18 05:00:00,4732.578888888889
2020-05-18 06:00:00,5476.973888888889
2020-05-18 07:00:00,5418.356666666667
2020-05-18 08:00:00,6780.083888888889
2020-05-18 09:00:00,7249.212222222222
2020-05-18 10:00:00,7355.138888888889
2020-05-18 11:00:00,7391.5233333333335
2020-05-18 12:00:00,7217.437777777778
2020-05-18 13:00:00,7030.498333333333
2020-05-18 14:00:00,7246.634444444445
2020-05-18 15:00:00,7322.884444444445
2020-05-18 16:00:00,7244.582777777778
2020-05-18 17:00:00,7476.259444444445
2020-05-18 18:00:00,6960.618888888889
2020-05-18 19:00:00,6325.518888888889
2020-05-18 20:00:00,5830.3788888888885
2020-05-18 21:00:00,5815.853888888889
2020-05-18 22:00:00,5391.734444444444
2020-05-18 23:00:00,5021.705555555555
2020-05-19 00:00:00,4919.854444444444
2020-05-19 01:00:00,4688.305555555556
2020-05-19 02:00:00,4653.384722222222
2020-05-19 03:00:00,4747.170555555555
2020-05-19 04:00:00,4877.721666666666
2020-05-19 05:00:00,4892.435555555556
2020-05-19 06:00:00,5675.8388888888885
2020-05-19 07:00:00,5366.431666666666
2020-05-19 08:00:00,6384.355555555556
2020-05-19 09:00:00,7104.472222222223
2020-05-19 10:00:00,7688.511111111111
2020-05-19 11:00:00,7540.1033333333335
2020-05-19 12:00:00,7645.5216666666665
2020-05-19 13:00:00,7956.922222222222
2020-05-19 14:00:00,8289.071666666667
2020-05-19 15:00:00,8119.250555555555
2020-05-19 16:00:00,8138.693333333334
2020-05-19 17:00:00,8174.487777777777
2020-05-19 18:00:00,7559.178888888889
2020-05-19 19:00:00,5232.67
2020-05-19 20:00:00,3947.1405555555557
2020-05-19 21:00:00,3463.340277777778
2020-05-19 22:00:00,3374.1813888888887
2020-05-19 23:00:00,3096.785
2020-05-20 00:00:00,2792.5472222222224
2020-05-20 01:00:00,2623.6877777777777
2020-05-20 02:00:00,2453.2566666666667
2020-05-20 03:00:00,2337.5405555555553
2020-05-20 04:00:00,2388.321111111111
2020-05-20 05:00:00,3247.4416666666666
2020-05-20 06:00:00,4734.3711111111115
2020-05-20 07:00:00,4861.959444444445
2020-05-20 08:00:00,6196.22
2020-05-20 09:00:00,7372.281111111111
2020-05-20 10:00:00,8037.748888888889
2020-05-20 11:00:00,8046.066666666667
2020-05-20 12:00:00,8056.415555555555
2020-05-20 13:00:00,8254.422222222222
2020-05-20 14:00:00,8165.491111111111
2020-05-20 15:00:00,8143.355
2020-05-20 16:00:00,8065.682222222223
2020-05-20 17:00:00,7829.322222222222
2020-05-20 18:00:00,6571.631111111111
2020-05-20 19:00:00,4371.186944444445
2020-05-20 20:00:00,3591.0533333333333
2020-05-20 21:00:00,3248.798333333333
2020-05-20 22:00:00,2982.566840277778
2020-05-20 23:00:00,2874.6355555555556
2020-05-21 00:00:00,2707.2266666666665
2020-05-21 01:00:00,2543.807222222222
2020-05-21 02:00:00,2436.451111111111
2020-05-21 03:00:00,2377.183611111111
2020-05-21 04:00:00,2368.4169444444447
2020-05-21 05:00:00,2956.963888888889
2020-05-21 06:00:00,3382.9202777777778
2020-05-21 07:00:00,3904.942777777778
2020-05-21 08:00:00,6636.851111111111
2020-05-21 09:00:00,8496.113333333333
2020-05-21 10:00:00,8625.626666666667
2020-05-21 11:00:00,8841.397777777778
2020-05-21 12:00:00,8833.25888888889
2020-05-21 13:00:00,8825.743888888888
2020-05-21 14:00:00,8826.877777777778
2020-05-21 15:00:00,8851.143333333333
2020-05-21 16:00:00,8861.131666666666
2020-05-21 17:00:00,8858.38
2020-05-21 18:00:00,8285.016666666666
2020-05-21 19:00:00,6391.21
2020-05-21 20:00:00,4272.365
2020-05-21 21:00:00,3785.362222222222
2020-05-21 22:00:00,3576.1477777777777
2020-05-21 23:00:00,3177.822777777778
2020-05-22 00:00:00,2986.9919444444445
2020-05-22 01:00:00,2779.3088888888888
2020-05-22 02:00:00,2652.383333333333
2020-05-22 03:00:00,2572.491111111111
2020-05-22 04:00:00,2728.7705555555553
2020-05-22 05:00:00,3260.5830555555553
2020-05-22 06:00:00,4873.742222222222
2020-05-22 07:00:00,8019.237777777777
2020-05-22 08:00:00,8810.947777777777
2020-05-22 09:00:00,8859.166111111112
2020-05-22 10:00:00,8850.392777777777
2020-05-22 11:00:00,8843.771111111111
2020-05-22 12:00:00,8832.426111111112
2020-05-22 13:00:00,8818.337222222222
2020-05-22 14:00:00,8833.948333333334
2020-05-22 15:00:00,8852.582777777778
2020-05-22 16:00:00,8853.413333333334
2020-05-22 17:00:00,8841.75
2020-05-22 18:00:00,8279.82111111111
2020-05-22 19:00:00,6752.942222222222
2020-05-22 20:00:00,5668.884444444445
2020-05-22 21:00:00,5252.297222222222
2020-05-22 22:00:00,4835.473333333333
2020-05-22 23:00:00,4960.07
2020-05-23 00:00:00,4525.995555555555
2020-05-23 01:00:00,4456.348333333333
2020-05-23 02:00:00,4625.698055555556
2020-05-23 03:00:00,4163.206388888889
2020-05-23 04:00:00,4695.968888888889
2020-05-23 05:00:00,6026.901111111111
2020-05-23 06:00:00,6856.861666666667
2020-05-23 07:00:00,7711.176666666666
2020-05-23 08:00:00,7751.735555555556
2020-05-23 09:00:00,7962.112222222222
2020-05-23 10:00:00,8412.757777777777
2020-05-23 11:00:00,8326.652222222223
2020-05-23 12:00:00,8331.09888888889
2020-05-23 13:00:00,8186.355555555556
2020-05-23 14:00:00,7162.947777777777
2020-05-23 15:00:00,5754.131666666667
2020-05-23 16:00:00,6147.594444444445
2020-05-23 17:00:00,6752.392222222222
2020-05-23 18:00:00,5487.068888888889
2020-05-23 19:00:00,4256.266944444445
2020-05-23 20:00:00,3766.885
2020-05-23 21:00:00,3739.2905555555553
2020-05-23 22:00:00,3330.5016666666666
2020-05-23 23:00:00,3175.63
2020-05-24 00:00:00,3166.07
2020-05-24 01:00:00,2901.693333333333
2020-05-24 02:00:00,2770.4094444444445
2020-05-24 03:00:00,2913.972777777778
2020-05-24 04:00:00,2949.5866666666666
2020-05-24 05:00:00,3224.0833333333335
2020-05-24 06:00:00,3606.351111111111
2020-05-24 07:00:00,3861.818333333333
2020-05-24 08:00:00,5953.149444444444
2020-05-24 09:00:00,7134.347222222223
2020-05-24 10:00:00,7332.247222222222
2020-05-24 11:00:00,7822.641111111111
2020-05-24 12:00:00,7260.931111111111
2020-05-24 13:00:00,5949.282222222222
2020-05-24 14:00:00,5788.786666666667
2020-05-24 15:00:00,6519.5633333333335
2020-05-24 16:00:00,6448.566111111111
2020-05-24 17:00:00,6103.153333333334
2020-05-24 18:00:00,5253.747777777778
2020-05-24 19:00:00,4949.761666666666
2020-05-24 20:00:00,4194.627222222222
2020-05-24 21:00:00,3826.366111111111
2020-05-24 22:00:00,3618.98
2020-05-24 23:00:00,3852.7830555555556
2020-05-25 00:00:00,3807.3611111111113
2020-05-25 01:00:00,3849.6205555555557
2020-05-25 02:00:00,3679.903888888889
2020-05-25 03:00:00,3455.278333333333
2020-05-25 04:00:00,3309.8594444444443
2020-05-25 05:00:00,3225.3083333333334
2020-05-25 06:00:00,3391.811111111111
2020-05-25 07:00:00,3719.3569444444443
2020-05-25 08:00:00,4001.228888888889
2020-05-25 09:00:00,4147.998888888889
2020-05-25 10:00:00,4410.6913888888885
2020-05-25 11:00:00,5059.094444444445
2020-05-25 12:00:00,5392.903333333334
2020-05-25 13:00:00,5598.037777777778
2020-05-25 14:00:00,6512.626666666667
2020-05-25 15:00:00,6295.681666666666
2020-05-25 16:00:00,6787.986111111111
2020-05-25 17:00:00,6420.537777777778
2020-05-25 18:00:00,5998.790555555555
2020-05-25 19:00:00,4406.088055555556
2020-05-25 20:00:00,3533.776388888889
2020-05-25 21:00:00,3343.488611111111
2020-05-25 22:00:00,3182.1897222222224
2020-05-25 23:00:00,2963.316388888889
2020-05-26 00:00:00,2795.487777777778
2020-05-26 01:00:00,2677.9855555555555
2020-05-26 02:00:00,2538.733888888889
2020-05-26 03:00:00,2596.367777777778
2020-05-26 04:00:00,2876.2105555555554
2020-05-26 05:00:00,3847.8455555555556
2020-05-26 06:00:00,5308.439444444444
2020-05-26 07:00:00,5785.948888888889
2020-05-26 08:00:00,7274.451666666667
2020-05-26 09:00:00,7579.150555555556
2020-05-26 10:00:00,8277.705555555556
2020-05-26 11:00:00,8778.882222222222
2020-05-26 12:00:00,8764.357777777777
2020-05-26 13:00:00,8753.710555555555
2020-05-26 14:00:00,8762.287777777778
2020-05-26 15:00:00,8768.234444444444
2020-05-26 16:00:00,8780.927777777777
2020-05-26 17:00:00,8437.656111111111
2020-05-26 18:00:00,8087.932222222223
2020-05-26 19:00:00,6568.255
2020-05-26 20:00:00,4700.131111111111
2020-05-26 21:00:00,3891.007777777778
2020-05-26 22:00:00,3378.259722222222
2020-05-26 23:00:00,3072.505833333333
2020-05-27 00:00:00,2856.483333333333
2020-05-27 01:00:00,2721.130277777778
2020-05-27 02:00:00,2556.587777777778
2020-05-27 03:00:00,2548.5983333333334
2020-05-27 04:00:00,2607.472222222222
2020-05-27 05:00:00,3544.5022222222224
2020-05-27 06:00:00,4228.899444444444
2020-05-27 07:00:00,6558.423333333333
2020-05-27 08:00:00,8532.641111111112
2020-05-27 09:00:00,8753.725555555555
2020-05-27 10:00:00,8908.528333333334
2020-05-27 11:00:00,8875.913333333334
2020-05-27 12:00:00,8834.162777777778
2020-05-27 13:00:00,8860.142222222223
2020-05-27 14:00:00,8873.992222222223
2020-05-27 15:00:00,8709.477777777778
2020-05-27 16:00:00,8522.575555555555
2020-05-27 17:00:00,8501.173333333334
2020-05-27 18:00:00,7886.924444444445
2020-05-27 19:00:00,6473.31
2020-05-27 20:00:00,5230.995555555555
2020-05-27 21:00:00,4589.486666666667
2020-05-27 22:00:00,4433.686388888889
2020-05-27 23:00:00,4275.375277777778
2020-05-28 00:00:00,3788.778333333333
2020-05-28 01:00:00,3427.0005555555554
2020-05-28 02:00:00,3192.701666666667
2020-05-28 03:00:00,3274.0094444444444
2020-05-28 04:00:00,3021.103888888889
2020-05-28 05:00:00,3676.3175
2020-05-28 06:00:00,4203.845555555556
2020-05-28 07:00:00,6074.138333333333
2020-05-28 08:00:00,7766.635
2020-05-28 09:00:00,8111.326666666667
2020-05-28 10:00:00,8645.872222222222
2020-05-28 11:00:00,8576.814444444444
2020-05-28 12:00:00,8531.231666666667
2020-05-28 13:00:00,8834.57
2020-05-28 14:00:00,8882.09
2020-05-28 15:00:00,8893.146666666667
2020-05-28 16:00:00,8906.141111111112
2020-05-28 17:00:00,8694.490555555556
2020-05-28 18:00:00,7729.789444444445
2020-05-28 19:00:00,4737.881111111111
2020-05-28 20:00:00,3663.2816666666668
2020-05-28 21:00:00,3285.48
2020-05-28 22:00:00,2989.756388888889
2020-05-28 23:00:00,2796.5672222222224
2020-05-29 00:00:00,2566.8533333333335
2020-05-29 01:00:00,2512.206111111111
2020-05-29 02:00:00,2319.883333333333
2020-05-29 03:00:00,2255.1491666666666
2020-05-29 04:00:00,2411.356111111111
2020-05-29 05:00:00,3296.5241666666666
2020-05-29 06:00:00,3915.5261111111113
2020-05-29 07:00:00,6325.662222222222
2020-05-29 08:00:00,8445.222222222223
2020-05-29 09:00:00,8712.499444444444
2020-05-29 10:00:00,8767.362777777778
2020-05-29 11:00:00,8871.262222222222
2020-05-29 12:00:00,8850.854444444445
2020-05-29 13:00:00,8819.347777777777
2020-05-29 14:00:00,8848.75888888889
2020-05-29 15:00:00,8870.825555555555
2020-05-29 16:00:00,8892.66111111111
2020-05-29 17:00:00,8606.945555555556
2020-05-29 18:00:00,7889.961111111111
2020-05-29 19:00:00,5206.721111111111
2020-05-29 20:00:00,4117.731944444445
2020-05-29 21:00:00,3771.4088888888887
2020-05-29 22:00:00,3526.494166666667
2020-05-29 23:00:00,3577.985
2020-05-30 00:00:00,3485.83
2020-05-30 01:00:00,3269.972777777778
2020-05-30 02:00:00,3167.0833333333335
2020-05-30 03:00:00,3267.4527777777776
2020-05-30 04:00:00,3594.016666666667
2020-05-30 05:00:00,4483.531666666667
2020-05-30 06:00:00,4681.65
2020-05-30 07:00:00,7626.7555555555555
2020-05-30 08:00:00,8488.95388888889
2020-05-30 09:00:00,8583.93611111111
2020-05-30 10:00:00,8821.842222222222
2020-05-30 11:00:00,8696.709444444445
2020-05-30 12:00:00,8864.42
2020-05-30 13:00:00,8859.504444444445
2020-05-30 14:00:00,8861.576666666666
2020-05-30 15:00:00,8869.452222222222
2020-05-30 16:00:00,8692.556666666667
2020-05-30 17:00:00,8187.478888888889
2020-05-30 18:00:00,5122.918888888889
2020-05-30 19:00:00,3770.1805555555557
2020-05-30 20:00:00,3413.6855555555558
2020-05-30 21:00:00,3130.987222222222
2020-05-30 22:00:00,3128.8333333333335
2020-05-30 23:00:00,3148.1477777777777
2020-05-31 00:00:00,3100.6755555555555
2020-05-31 01:00:00,3136.8983333333335
2020-05-31 02:00:00,3055.8919444444446
2020-05-31 03:00:00,3050.7805555555556
2020-05-31 04:00:00,3385.1983333333333
2020-05-31 05:00:00,3473.3902777777776
2020-05-31 06:00:00,4217.586666666667
2020-05-31 07:00:00,7368.324444444444
2020-05-31 08:00:00,8362.148888888889
2020-05-31 09:00:00,8617.465
2020-05-31 10:00:00,8849.761111111111
2020-05-31 11:00:00,8835.954444444444
2020-05-31 12:00:00,8817.295555555556
2020-05-31 13:00:00,8794.202222222222
2020-05-31 14:00:00,8815.641666666666
2020-05-31 15:00:00,8837.148888888889
2020-05-31 16:00:00,8853.653333333334
2020-05-31 17:00:00,8582.537222222221
2020-05-31 18:00:00,8099.695555555556
2020-05-31 19:00:00,5025.026111111111
2020-05-31 20:00:00,3914.736388888889
2020-05-31 21:00:00,3343.1002777777776
2020-05-31 22:00:00,3144.981111111111
2020-05-31 23:00:00,2973.7691666666665
2020-06-01 00:00:00,2852.2955555555554
2020-06-01 01:00:00,2741.9055555555556
2020-06-01 02:00:00,2610.2344444444443
2020-06-01 03:00:00,2616.4719444444445
2020-06-01 04:00:00,3006.3133333333335
2020-06-01 05:00:00,4029.8625
2020-06-01 06:00:00,5301.738333333334
2020-06-01 07:00:00,8035.883333333333
2020-06-01 08:00:00,8788.058333333332
2020-06-01 09:00:00,8884.868333333334
2020-06-01 10:00:00,8840.995555555555
2020-06-01 11:00:00,8826.154444444444
2020-06-01 12:00:00,8803.248055555556
2020-06-01 13:00:00,8787.656111111111
2020-06-01 14:00:00,8794.614444444445
2020-06-01 15:00:00,8806.835
2020-06-01 16:00:00,8826.263333333334
2020-06-01 17:00:00,8868.896111111111
2020-06-01 18:00:00,8854.91111111111
2020-06-01 19:00:00,8013.852222222222
2020-06-01 20:00:00,4824.492222222222
2020-06-01 21:00:00,3884.5244444444443
2020-06-01 22:00:00,3577.755833333333
2020-06-01 23:00:00,3138.2205555555556
2020-06-02 00:00:00,2847.2116666666666
2020-06-02 01:00:00,2722.55
2020-06-02 02:00:00,2536.9383333333335
2020-06-02 03:00:00,2563.7522222222224
2020-06-02 04:00:00,2687.617777777778
2020-06-02 05:00:00,3938.1794444444445
2020-06-02 06:00:00,6585.232222222222
2020-06-02 07:00:00,8552.976666666667
2020-06-02 08:00:00,8849.055
2020-06-02 09:00:00,8810.816111111111
2020-06-02 10:00:00,8776.755555555555
2020-06-02 11:00:00,8741.478888888889
2020-06-02 12:00:00,8727.631111111112
2020-06-02 13:00:00,8719.618888888888
2020-06-02 14:00:00,8721.496666666666
2020-06-02 15:00:00,8733.695
2020-06-02 16:00:00,8758.25888888889
2020-06-02 17:00:00,8776.665
2020-06-02 18:00:00,8793.90888888889
2020-06-02 19:00:00,8726.238333333333
2020-06-02 20:00:00,7940.248333333333
2020-06-02 21:00:00,5706.644444444444
2020-06-02 22:00:00,4480.736111111111
2020-06-02 23:00:00,4069.7141666666666
2020-06-03 00:00:00,3688.463888888889
2020-06-03 01:00:00,3308.8366666666666
2020-06-03 02:00:00,3026.7455555555557
2020-06-03 03:00:00,2978.69
2020-06-03 04:00:00,3133.2183333333332
2020-06-03 05:00:00,3680.7655555555557
2020-06-03 06:00:00,3744.77
2020-06-03 07:00:00,7000.1577777777775
2020-06-03 08:00:00,8752.711666666666
2020-06-03 09:00:00,8798.208888888888
2020-06-03 10:00:00,8762.834444444445
2020-06-03 11:00:00,8728.395555555555
2020-06-03 12:00:00,8722.531111111111
2020-06-03 13:00:00,8697.00111111111
2020-06-03 14:00:00,8698.41888888889
2020-06-03 15:00:00,8718.876666666667
2020-06-03 16:00:00,8737.482222222223
2020-06-03 17:00:00,8769.041111111112
2020-06-03 18:00:00,8236.397222222222
2020-06-03 19:00:00,5462.972777777778
2020-06-03 20:00:00,4496.605833333333
2020-06-03 21:00:00,3835.717777777778
2020-06-03 22:00:00,3448.7108333333335
2020-06-03 23:00:00,3269.715
2020-06-04 00:00:00,3027.8077777777776
2020-06-04 01:00:00,3012.6944444444443
2020-06-04 02:00:00,2926.866666666667
2020-06-04 03:00:00,2912.633333333333
2020-06-04 04:00:00,2954.5616666666665
2020-06-04 05:00:00,3361.411666666667
2020-06-04 06:00:00,3436.656111111111
2020-06-04 07:00:00,4961.456111111111
2020-06-04 08:00:00,7797.553333333333
2020-06-04 09:00:00,8459.42888888889
2020-06-04 10:00:00,8744.512777777778
2020-06-04 11:00:00,8702.945
2020-06-04 12:00:00,8698.231666666667
2020-06-04 13:00:00,8679.259444444444
2020-06-04 14:00:00,8684.443333333333
2020-06-04 15:00:00,8717.465555555556
2020-06-04 16:00:00,8558.33
2020-06-04 17:00:00,8106.672222222222
2020-06-04 18:00:00,7098.3261111111115
2020-06-04 19:00:00,5628.813888888889
2020-06-04 20:00:00,5606.875555555555
2020-06-04 21:00:00,5709.426666666666
2020-06-04 22:00:00,4767.467777777778
2020-06-04 23:00:00,4205.980555555556
2020-06-05 00:00:00,4222.417777777778
2020-06-05 01:00:00,3864.4066666666668
2020-06-05 02:00:00,3393.2327777777778
2020-06-05 03:00:00,3381.2555555555555
2020-06-05 04:00:00,3071.5383333333334
2020-06-05 05:00:00,2736.318888888889
2020-06-05 06:00:00,3687.483888888889
2020-06-05 07:00:00,4000.818888888889
2020-06-05 08:00:00,4313.51
2020-06-05 09:00:00,5143.202777777778
2020-06-05 10:00:00,6191.692777777777
2020-06-05 11:00:00,7350.585555555555
2020-06-05 12:00:00,7197.457222222222
2020-06-05 13:00:00,7259.954444444445
2020-06-05 14:00:00,7412.58
2020-06-05 15:00:00,7367.4944444444445
2020-06-05 16:00:00,7192.608888888889
2020-06-05 17:00:00,7186.108888888889
2020-06-05 18:00:00,6514.368333333333
2020-06-05 19:00:00,5043.136666666666
2020-06-05 20:00:00,3878.0955555555556
2020-06-05 21:00:00,4504.7825
2020-06-05 22:00:00,3874.2472222222223
2020-06-05 23:00:00,3014.7527777777777
2020-06-06 00:00:00,2515.4011111111113
2020-06-06 01:00:00,2126.068888888889
2020-06-06 02:00:00,1902.7618055555556
2020-06-06 03:00:00,1896.5548611111112
2020-06-06 04:00:00,2018.3433333333332
2020-06-06 05:00:00,2062.886388888889
2020-06-06 06:00:00,2222.3143055555556
2020-06-06 07:00:00,2666.605
2020-06-06 08:00:00,3912.58
2020-06-06 09:00:00,4812.99
2020-06-06 10:00:00,5429.365555555555
2020-06-06 11:00:00,6629.452777777778
2020-06-06 12:00:00,6984.731666666667
2020-06-06 13:00:00,7482.23
2020-06-06 14:00:00,7389.694444444444
2020-06-06 15:00:00,6899.395555555556
2020-06-06 16:00:00,7070.321666666667
2020-06-06 17:00:00,6765.456111111111
2020-06-06 18:00:00,6398.544444444445
2020-06-06 19:00:00,5182.788888888889
2020-06-06 20:00:00,3619.6255555555554
2020-06-06 21:00:00,3059.3083333333334
2020-06-06 22:00:00,3048.8088888888888
2020-06-06 23:00:00,2745.713888888889
2020-06-07 00:00:00,2597.3077777777776
2020-06-07 01:00:00,2612.4416666666666
2020-06-07 02:00:00,2556.346666666667
2020-06-07 03:00:00,2562.697777777778
2020-06-07 04:00:00,3003.3305555555557
2020-06-07 05:00:00,3144.163888888889
2020-06-07 06:00:00,3324.663888888889
2020-06-07 07:00:00,5163.147777777778
2020-06-07 08:00:00,6584.616666666667
2020-06-07 09:00:00,7546.545
2020-06-07 10:00:00,7518.897777777778
2020-06-07 11:00:00,7517.3422222222225
2020-06-07 12:00:00,7525.415555555555
2020-06-07 13:00:00,7520.206666666667
2020-06-07 14:00:00,7530.446666666667
2020-06-07 15:00:00,7552.83
2020-06-07 16:00:00,7570.02
2020-06-07 17:00:00,7584.5633333333335
2020-06-07 18:00:00,7583.891111111111
2020-06-07 19:00:00,6873.756111111111
2020-06-07 20:00:00,6176.393333333333
2020-06-07 21:00:00,5052.433333333333
2020-06-07 22:00:00,3427.383333333333
2020-06-07 23:00:00,2765.005
2020-06-08 00:00:00,2513.6922222222224
2020-06-08 01:00:00,2175.920833333333
2020-06-08 02:00:00,2041.527638888889
2020-06-08 03:00:00,2043.9680555555556
2020-06-08 04:00:00,3090.026388888889
2020-06-08 05:00:00,4349.002222222222
2020-06-08 06:00:00,5524.361111111111
2020-06-08 07:00:00,7205.7538888888885
2020-06-08 08:00:00,7676.187777777778
2020-06-08 09:00:00,7634.066111111111
2020-06-08 10:00:00,7623.196111111111
2020-06-08 11:00:00,7636.628333333333
2020-06-08 12:00:00,7626.616666666667
2020-06-08 13:00:00,7655.282222222222
2020-06-08 14:00:00,7648.893333333333
2020-06-08 15:00:00,7647.591111111111
2020-06-08 16:00:00,7657.598333333333
2020-06-08 17:00:00,7663.294444444445
2020-06-08 18:00:00,7619.076666666667
2020-06-08 19:00:00,6873.267777777778
2020-06-08 20:00:00,6338.859444444444
2020-06-08 21:00:00,5192.111111111111
2020-06-08 22:00:00,3807.611388888889
2020-06-08 23:00:00,3321.521111111111
2020-06-09 00:00:00,2917.097777777778
2020-06-09 01:00:00,2585.433611111111
2020-06-09 02:00:00,2335.206111111111
2020-06-09 03:00:00,2216.4744444444445
2020-06-09 04:00:00,3075.101111111111
2020-06-09 05:00:00,5113.2155555555555
2020-06-09 06:00:00,6283.9
2020-06-09 07:00:00,7360.482222222222
2020-06-09 08:00:00,7664.574444444444
2020-06-09 09:00:00,7643.735555555556
2020-06-09 10:00:00,7622.658333333334
2020-06-09 11:00:00,7621.722222222223
2020-06-09 12:00:00,7613.555
2020-06-09 13:00:00,7600.053888888889
2020-06-09 14:00:00,7601.716111111111
2020-06-09 15:00:00,7625.329444444445
2020-06-09 16:00:00,7618.751111111111
2020-06-09 17:00:00,7628.783888888889
2020-06-09 18:00:00,7636.568333333334
2020-06-09 19:00:00,7482.434444444444
2020-06-09 20:00:00,6647.206111111111
2020-06-09 21:00:00,6439.956666666667
2020-06-09 22:00:00,5633.762222222223
2020-06-09 23:00:00,4240.129166666667
2020-06-10 00:00:00,3751.501111111111
2020-06-10 01:00:00,3288.743611111111
2020-06-10 02:00:00,3308.525
2020-06-10 03:00:00,3347.405
2020-06-10 04:00:00,5291.392222222222
2020-06-10 05:00:00,6121.1194444444445
2020-06-10 06:00:00,6533.623888888889
2020-06-10 07:00:00,6597.285555555555
2020-06-10 08:00:00,7432.456111111111
2020-06-10 09:00:00,7593.6611111111115
2020-06-10 10:00:00,7615.262222222223
2020-06-10 11:00:00,7588.448888888889
2020-06-10 12:00:00,7585.533333333334
2020-06-10 13:00:00,7586.643888888889
2020-06-10 14:00:00,7604.388888888889
2020-06-10 15:00:00,7618.783333333334
2020-06-10 16:00:00,7603.024444444444
2020-06-10 17:00:00,7586.2716666666665
2020-06-10 18:00:00,7571.433333333333
2020-06-10 19:00:00,7222.712222222222
2020-06-10 20:00:00,6667.930555555556
2020-06-10 21:00:00,6716.685555555556
2020-06-10 22:00:00,6674.4111111111115
2020-06-10 23:00:00,6553.321666666667
2020-06-11 00:00:00,6497.758888888889
2020-06-11 01:00:00,6437.544444444445
2020-06-11 02:00:00,6342.775555555556
2020-06-11 03:00:00,6356.796666666667
2020-06-11 04:00:00,6279.3822222222225
2020-06-11 05:00:00,6220.0
2020-06-11 06:00:00,5456.133333333333
2020-06-11 07:00:00,5271.648888888889
2020-06-11 08:00:00,5300.294444444445
2020-06-11 09:00:00,5464.4077777777775
2020-06-11 10:00:00,5545.288333333333
2020-06-11 11:00:00,5538.174444444445
2020-06-11 12:00:00,5294.717777777778
2020-06-11 13:00:00,5741.13
2020-06-11 14:00:00,5675.054444444444
2020-06-11 15:00:00,5484.961111111111
2020-06-11 16:00:00,5411.933333333333
2020-06-11 17:00:00,5456.736666666667
2020-06-11 18:00:00,5447.721111111111
2020-06-11 19:00:00,5088.412222222222
2020-06-11 20:00:00,5056.465
2020-06-11 21:00:00,5126.011111111111
2020-06-11 22:00:00,5034.202222222222
2020-06-11 23:00:00,5018.421111111111
2020-06-12 00:00:00,5050.057777777778
2020-06-12 01:00:00,4967.51
2020-06-12 02:00:00,4926.666666666667
2020-06-12 03:00:00,5010.205555555555
2020-06-12 04:00:00,5078.581111111111
2020-06-12 05:00:00,5050.537777777778
2020-06-12 06:00:00,5006.133333333333
2020-06-12 07:00:00,5171.7266666666665
2020-06-12 08:00:00,5625.22
2020-06-12 09:00:00,6085.305555555556
2020-06-12 10:00:00,6046.766666666666
2020-06-12 11:00:00,5308.132777777778
2020-06-12 12:00:00,5345.456111111111
2020-06-12 13:00:00,5315.260555555556
2020-06-12 14:00:00,5306.403333333334
2020-06-12 15:00:00,5099.291111111111
2020-06-12 16:00:00,5223.877777777778
2020-06-12 17:00:00,4730.438888888889
2020-06-12 18:00:00,4637.932777777778
2020-06-12 19:00:00,4207.276944444445
2020-06-12 20:00:00,4194.76
2020-06-12 21:00:00,4178.223333333333
2020-06-12 22:00:00,4102.015833333333
2020-06-12 23:00:00,3991.2580555555555
2020-06-13 00:00:00,4006.346666666667
2020-06-13 01:00:00,3946.4283333333333
2020-06-13 02:00:00,3927.9769444444446
2020-06-13 03:00:00,3831.7136111111113
2020-06-13 04:00:00,3758.456388888889
2020-06-13 05:00:00,3722.280277777778
2020-06-13 06:00:00,4159.318333333334
2020-06-13 07:00:00,4671.996666666667
2020-06-13 08:00:00,5131.444444444444
2020-06-13 09:00:00,5159.001111111111
2020-06-13 10:00:00,5132.9944444444445
2020-06-13 11:00:00,5093.593333333333
2020-06-13 12:00:00,5019.011111111111
2020-06-13 13:00:00,5027.421111111111
2020-06-13 14:00:00,5052.3
2020-06-13 15:00:00,5079.28
2020-06-13 16:00:00,5122.236666666667
2020-06-13 17:00:00,5162.027777777777
2020-06-13 18:00:00,5019.229444444444
2020-06-13 19:00:00,4249.8516666666665
2020-06-13 20:00:00,4355.066666666667
2020-06-13 21:00:00,4176.635
2020-06-13 22:00:00,4073.6216666666664
2020-06-13 23:00:00,3935.3033333333333
2020-06-14 00:00:00,3878.3494444444445
2020-06-14 01:00:00,3803.159166666667
2020-06-14 02:00:00,3780.741666666667
2020-06-14 03:00:00,3662.9066666666668
2020-06-14 04:00:00,3987.3805555555555
2020-06-14 05:00:00,3925.5594444444446
2020-06-14 06:00:00,4585.065833333333
2020-06-14 07:00:00,4960.845555555556
2020-06-14 08:00:00,5147.311111111111
2020-06-14 09:00:00,5152.900555555556
2020-06-14 10:00:00,5149.221111111111
2020-06-14 11:00:00,5107.931111111111
2020-06-14 12:00:00,5067.295
2020-06-14 13:00:00,5064.573333333334
2020-06-14 14:00:00,5079.35
2020-06-14 15:00:00,5093.36
2020-06-14 16:00:00,5100.9111111111115
2020-06-14 17:00:00,5113.358333333334
2020-06-14 18:00:00,5127.727777777778
2020-06-14 19:00:00,4708.237777777777
2020-06-14 20:00:00,3900.08
2020-06-14 21:00:00,3628.8830555555555
2020-06-14 22:00:00,3419.258888888889
2020-06-14 23:00:00,3012.599722222222
2020-06-15 00:00:00,2820.5055555555555
2020-06-15 01:00:00,2732.3577777777778
2020-06-15 02:00:00,2626.1858333333334
2020-06-15 03:00:00,2484.5716666666667
2020-06-15 04:00:00,2766.1427777777776
2020-06-15 05:00:00,3729.661666666667
2020-06-15 06:00:00,3982.99
2020-06-15 07:00:00,4909.774444444444
2020-06-15 08:00:00,5193.396111111111
2020-06-15 09:00:00,5177.282222222222
2020-06-15 10:00:00,5164.425555555556
2020-06-15 11:00:00,5107.504444444445
2020-06-15 12:00:00,5087.397222222222
2020-06-15 13:00:00,5080.830555555555
2020-06-15 14:00:00,5087.3966666666665
2020-06-15 15:00:00,5105.502777777778
2020-06-15 16:00:00,5106.647777777778
2020-06-15 17:00:00,5118.372777777778
2020-06-15 18:00:00,5101.802222222223
2020-06-15 19:00:00,5116.757777777778
2020-06-15 20:00:00,4584.9030555555555
2020-06-15 21:00:00,3848.430277777778
2020-06-15 22:00:00,3634.406388888889
2020-06-15 23:00:00,3267.1241666666665
2020-06-16 00:00:00,2812.0227777777777
2020-06-16 01:00:00,2449.5894444444443
2020-06-16 02:00:00,2097.1466666666665
2020-06-16 03:00:00,2024.7852777777778
2020-06-16 04:00:00,2635.3716666666664
2020-06-16 05:00:00,3485.5427777777777
2020-06-16 06:00:00,4396.777222222222
2020-06-16 07:00:00,5200.098888888889
2020-06-16 08:00:00,5185.032222222222
2020-06-16 09:00:00,5153.028888888889
2020-06-16 10:00:00,5090.094444444445
2020-06-16 11:00:00,5073.276666666667
2020-06-16 12:00:00,5067.068888888889
2020-06-16 13:00:00,5055.102222222222
2020-06-16 14:00:00,5067.89
2020-06-16 15:00:00,5070.928888888889
2020-06-16 16:00:00,5075.935
2020-06-16 17:00:00,5087.233888888889
2020-06-16 18:00:00,5086.096111111111
2020-06-16 19:00:00,5109.952222222222
2020-06-16 20:00:00,5127.211111111111
2020-06-16 21:00:00,4328.888333333333
2020-06-16 22:00:00,3891.222777777778
2020-06-16 23:00:00,3711.3630555555555
2020-06-17 00:00:00,3171.722777777778
2020-06-17 01:00:00,2779.438888888889
2020-06-17 02:00:00,2586.6652777777776
2020-06-17 03:00:00,2475.403888888889
2020-06-17 04:00:00,2754.992222222222
2020-06-17 05:00:00,2500.2638888888887
2020-06-17 06:00:00,2834.3411111111113
2020-06-17 07:00:00,2850.1994444444445
2020-06-17 08:00:00,2831.4411111111112
2020-06-17 09:00:00,2834.8972222222224
2020-06-17 10:00:00,2766.6175
2020-06-17 11:00:00,2750.3322222222223
2020-06-17 12:00:00,2740.407222222222
2020-06-17 13:00:00,2732.9019444444443
2020-06-17 14:00:00,2741.5666666666666
2020-06-17 15:00:00,2748.396111111111
2020-06-17 16:00:00,2745.159166666667
2020-06-17 17:00:00,2759.5916666666667
2020-06-17 18:00:00,2783.817777777778
2020-06-17 19:00:00,2824.1111111111113
2020-06-17 20:00:00,2842.508888888889
2020-06-17 21:00:00,2715.849722222222
2020-06-17 22:00:00,2422.9880555555555
2020-06-17 23:00:00,2461.48
2020-06-18 00:00:00,2276.258611111111
2020-06-18 01:00:00,2143.6483333333335
2020-06-18 02:00:00,2113.045
2020-06-18 03:00:00,2195.313611111111
2020-06-18 04:00:00,2454.791388888889
2020-06-18 05:00:00,2473.946111111111
2020-06-18 06:00:00,2780.8080555555557
2020-06-18 07:00:00,2788.546388888889
2020-06-18 08:00:00,2780.286111111111
2020-06-18 09:00:00,2772.9933333333333
2020-06-18 10:00:00,2785.8269444444445
2020-06-18 11:00:00,2772.2322222222224
2020-06-18 12:00:00,2768.5569444444445
2020-06-18 13:00:00,2779.8088888888888
2020-06-18 14:00:00,2783.528888888889
2020-06-18 15:00:00,2785.8566666666666
2020-06-18 16:00:00,2779.6911111111112
2020-06-18 17:00:00,2790.7166666666667
2020-06-18 18:00:00,2786.975
2020-06-18 19:00:00,2667.2433333333333
2020-06-18 20:00:00,2416.432222222222
2020-06-18 21:00:00,2452.7156944444446
2020-06-18 22:00:00,2471.4883333333332
2020-06-18 23:00:00,2487.1872222222223
2020-06-19 00:00:00,2402.975
2020-06-19 01:00:00,2364.583888888889
2020-06-19 02:00:00,2326.09375
2020-06-19 03:00:00,2466.928888888889
2020-06-19 04:00:00,2737.0155555555557
2020-06-19 05:00:00,2559.3866666666668
2020-06-19 06:00:00,2478.0266666666666
2020-06-19 07:00:00,2467.4211111111113
2020-06-19 08:00:00,2532.641111111111
2020-06-19 09:00:00,2653.5516666666667
2020-06-19 10:00:00,2675.0433333333335
2020-06-19 11:00:00,2669.2497222222223
2020-06-19 12:00:00,2665.3688888888887
2020-06-19 13:00:00,2670.5833333333335
2020-06-19 14:00:00,2669.681666666667
2020-06-19 15:00:00,2675.0216666666665
2020-06-19 16:00:00,2677.161111111111
2020-06-19 17:00:00,2674.4469444444444
2020-06-19 18:00:00,2661.6980555555556
2020-06-19 19:00:00,2663.8391666666666
2020-06-19 20:00:00,2671.85
2020-06-19 21:00:00,2671.9708333333333
2020-06-19 22:00:00,2671.7455555555557
2020-06-19 23:00:00,2674.6480555555554
2020-06-20 00:00:00,2677.635
2020-06-20 01:00:00,2672.137222222222
2020-06-20 02:00:00,2665.3905555555557
2020-06-20 03:00:00,2518.148611111111
2020-06-20 04:00:00,2549.7533333333336
2020-06-20 05:00:00,2330.9591666666665
2020-06-20 06:00:00,2543.7544444444443
2020-06-20 07:00:00,2350.5402777777776
2020-06-20 08:00:00,2368.1872222222223
2020-06-20 09:00:00,2355.2922222222223
2020-06-20 10:00:00,2364.2066666666665
2020-06-20 11:00:00,2629.5602777777776
2020-06-20 12:00:00,2343.7863888888887
2020-06-20 13:00:00,2512.6388888888887
2020-06-20 14:00:00,2529.2616666666668
2020-06-20 15:00:00,2631.4152777777776
2020-06-20 16:00:00,2525.342777777778
2020-06-20 17:00:00,2446.346666666667
2020-06-20 18:00:00,2578.6594444444445
2020-06-20 19:00:00,2207.7694444444446
2020-06-20 20:00:00,2249.635277777778
2020-06-20 21:00:00,2208.08625
2020-06-20 22:00:00,2323.4393055555556
2020-06-20 23:00:00,2246.0743055555554
2020-06-21 00:00:00,2183.2252777777776
2020-06-21 01:00:00,2187.177222222222
2020-06-21 02:00:00,2113.1244444444446
2020-06-21 03:00:00,2102.2722222222224
2020-06-21 04:00:00,2338.8841666666667
2020-06-21 05:00:00,2343.041388888889
2020-06-21 06:00:00,2305.317361111111
2020-06-21 07:00:00,2603.9425
2020-06-21 08:00:00,2642.5830555555553
2020-06-21 09:00:00,2635.8605555555555
2020-06-21 10:00:00,2627.4547222222222
2020-06-21 11:00:00,2614.2966666666666
2020-06-21 12:00:00,2612.548333333333
2020-06-21 13:00:00,2585.285
2020-06-21 14:00:00,2547.3083333333334
2020-06-21 15:00:00,2542.4030555555555
2020-06-21 16:00:00,2538.9411111111112
2020-06-21 17:00:00,2537.108333333333
2020-06-21 18:00:00,2532.2455555555557
2020-06-21 19:00:00,2537.5802777777776
2020-06-21 20:00:00,2559.181666666667
2020-06-21 21:00:00,2563.597777777778
2020-06-21 22:00:00,2568.0036111111112
2020-06-21 23:00:00,2308.9534722222224
2020-06-22 00:00:00,2207.708888888889
2020-06-22 01:00:00,1973.0
2020-06-22 02:00:00,1912.2047222222222
2020-06-22 03:00:00,2048.979861111111
2020-06-22 04:00:00,2412.7722222222224
2020-06-22 05:00:00,2671.3694444444445
2020-06-22 06:00:00,2709.1355555555556
2020-06-22 07:00:00,2707.927222222222
2020-06-22 08:00:00,2673.8705555555557
2020-06-22 09:00:00,2624.0444444444443
2020-06-22 10:00:00,2590.3777777777777
2020-06-22 11:00:00,2537.54
2020-06-22 12:00:00,2580.135
2020-06-22 13:00:00,2546.1
2020-06-22 14:00:00,2538.4194444444443
2020-06-22 15:00:00,2538.8444444444444
2020-06-22 16:00:00,2541.412222222222
2020-06-22 17:00:00,2546.137222222222
2020-06-22 18:00:00,2537.316388888889
2020-06-22 19:00:00,2547.286666666667
2020-06-22 20:00:00,2564.0319444444444
2020-06-22 21:00:00,2569.8972222222224
2020-06-22 22:00:00,2362.5472222222224
2020-06-22 23:00:00,2120.3465277777777
2020-06-23 00:00:00,2061.8319444444446
2020-06-23 01:00:00,1885.9769444444444
2020-06-23 02:00:00,1872.7808333333332
2020-06-23 03:00:00,1900.6972222222223
2020-06-23 04:00:00,2477.84
2020-06-23 05:00:00,2642.6033333333335
2020-06-23 06:00:00,2732.5036111111112
2020-06-23 07:00:00,2648.1883333333335
2020-06-23 08:00:00,2615.045
2020-06-23 09:00:00,2673.393611111111
2020-06-23 10:00:00,2761.556666666667
2020-06-23 11:00:00,2661.321388888889
2020-06-23 12:00:00,2697.7877777777776
2020-06-23 13:00:00,2710.8102777777776
2020-06-23 14:00:00,2682.905
2020-06-23 15:00:00,2710.71
2020-06-23 16:00:00,2764.3725
2020-06-23 17:00:00,2821.9583333333335
2020-06-23 18:00:00,2795.1944444444443
2020-06-23 19:00:00,2736.3455555555556
2020-06-23 20:00:00,2712.970277777778
2020-06-23 21:00:00,2712.8005555555555
2020-06-23 22:00:00,2574.7855555555557
2020-06-23 23:00:00,2139.652222222222
2020-06-24 00:00:00,2116.3302777777776
2020-06-24 01:00:00,2021.193888888889
2020-06-24 02:00:00,2013.7369444444444
2020-06-24 03:00:00,1972.5516666666667
2020-06-24 04:00:00,2109.5363888888887
2020-06-24 05:00:00,2781.7294444444447
2020-06-24 06:00:00,2930.148611111111
2020-06-24 07:00:00,2961.2591666666667
2020-06-24 08:00:00,3011.4466666666667
2020-06-24 09:00:00,3136.8805555555555
2020-06-24 10:00:00,3405.52
2020-06-24 11:00:00,3606.880277777778
2020-06-24 12:00:00,3757.481111111111
2020-06-24 13:00:00,3980.7319444444443
2020-06-24 14:00:00,3829.822222222222
2020-06-24 15:00:00,4083.407222222222
2020-06-24 16:00:00,3857.4106944444443
2020-06-24 17:00:00,3248.5975
2020-06-24 18:00:00,3087.5855555555554
2020-06-24 19:00:00,3001.401388888889
2020-06-24 20:00:00,2997.2794444444444
2020-06-24 21:00:00,2984.5963888888887
2020-06-24 22:00:00,2978.8830555555555
2020-06-24 23:00:00,2975.353888888889
2020-06-25 00:00:00,2958.155
2020-06-25 01:00:00,2944.7919444444447
2020-06-25 02:00:00,2931.603888888889
2020-06-25 03:00:00,2944.5425
2020-06-25 04:00:00,2978.362222222222
2020-06-25 05:00:00,3056.7455555555557
2020-06-25 06:00:00,3024.2455555555557
2020-06-25 07:00:00,3068.369166666667
2020-06-25 08:00:00,3184.1483333333335
2020-06-25 09:00:00,3408.813888888889
2020-06-25 10:00:00,3898.0447222222224
2020-06-25 11:00:00,4166.887222222223
2020-06-25 12:00:00,4635.660833333333
2020-06-25 13:00:00,5283.812222222222
2020-06-25 14:00:00,4353.997222222222
2020-06-25 15:00:00,4940.0233333333335
2020-06-25 16:00:00,6963.584444444445
2020-06-25 17:00:00,6346.942777777777
2020-06-25 18:00:00,5013.922222222222
2020-06-25 19:00:00,4576.334444444445
2020-06-25 20:00:00,4349.597222222223
2020-06-25 21:00:00,4118.373333333333
2020-06-25 22:00:00,3963.918888888889
2020-06-25 23:00:00,3828.6280555555554
2020-06-26 00:00:00,3806.7961111111113
2020-06-26 01:00:00,3693.883888888889
2020-06-26 02:00:00,3648.6472222222224
2020-06-26 03:00:00,3599.927222222222
2020-06-26 04:00:00,3260.962777777778
2020-06-26 05:00:00,3482.6647222222223
2020-06-26 06:00:00,3849.0605555555558
2020-06-26 07:00:00,4361.166388888889
2020-06-26 08:00:00,4824.592777777778
2020-06-26 09:00:00,6885.045
2020-06-26 10:00:00,8636.694444444445
2020-06-26 11:00:00,8720.292777777779
2020-06-26 12:00:00,8684.403888888888
2020-06-26 13:00:00,8064.666666666667
2020-06-26 14:00:00,5727.8405555555555
2020-06-26 15:00:00,4987.702777777778
2020-06-26 16:00:00,4511.11
2020-06-26 17:00:00,4563.686388888889
2020-06-26 18:00:00,4298.1194444444445
2020-06-26 19:00:00,4122.981111111111
2020-06-26 20:00:00,4074.1625
2020-06-26 21:00:00,4016.891666666667
2020-06-26 22:00:00,3916.471111111111
2020-06-26 23:00:00,3868.4866666666667
2020-06-27 00:00:00,3899.0172222222222
2020-06-27 01:00:00,3789.0758333333333
2020-06-27 02:00:00,3707.4552777777776
2020-06-27 03:00:00,3663.301388888889
2020-06-27 04:00:00,3629.6755555555555
2020-06-27 05:00:00,3578.7519444444442
2020-06-27 06:00:00,3921.2233333333334
2020-06-27 07:00:00,4305.415555555555
2020-06-27 08:00:00,4649.265
2020-06-27 09:00:00,5607.466111111111
2020-06-27 10:00:00,7544.807777777778
2020-06-27 11:00:00,8298.577777777778
2020-06-27 12:00:00,8404.170555555556
2020-06-27 13:00:00,8378.221111111112
2020-06-27 14:00:00,8373.211666666666
2020-06-27 15:00:00,8384.584444444445
2020-06-27 16:00:00,8398.934444444445
2020-06-27 17:00:00,8354.976111111111
2020-06-27 18:00:00,6494.3405555555555
2020-06-27 19:00:00,5408.748888888889
2020-06-27 20:00:00,4989.614444444444
2020-06-27 21:00:00,4594.558333333333
2020-06-27 22:00:00,4334.940555555556
2020-06-27 23:00:00,4243.566111111111
2020-06-28 00:00:00,4026.1675
2020-06-28 01:00:00,3904.8958333333335
2020-06-28 02:00:00,3889.6444444444446
2020-06-28 03:00:00,3862.6583333333333
2020-06-28 04:00:00,3725.766666666667
2020-06-28 05:00:00,3821.741388888889
2020-06-28 06:00:00,4195.5038888888885
2020-06-28 07:00:00,4389.546666666667
2020-06-28 08:00:00,4295.4719444444445
2020-06-28 09:00:00,5017.1033333333335
2020-06-28 10:00:00,7144.785
2020-06-28 11:00:00,7655.567222222222
2020-06-28 12:00:00,6108.848888888889
2020-06-28 13:00:00,4582.588055555556
2020-06-28 14:00:00,4515.931111111111
2020-06-28 15:00:00,4337.172777777778
2020-06-28 16:00:00,3999.0105555555556
2020-06-28 17:00:00,3929.431666666667
2020-06-28 18:00:00,3899.6441666666665
2020-06-28 19:00:00,3739.4966666666664
2020-06-28 20:00:00,3772.1675
2020-06-28 21:00:00,3696.561388888889
2020-06-28 22:00:00,3581.4822222222224
2020-06-28 23:00:00,3482.4025
2020-06-29 00:00:00,3416.2308333333335
2020-06-29 01:00:00,3151.8091666666664
2020-06-29 02:00:00,2904.773888888889
2020-06-29 03:00:00,2862.2272222222223
2020-06-29 04:00:00,3254.44
2020-06-29 05:00:00,3420.3766666666666
2020-06-29 06:00:00,3481.8441666666668
2020-06-29 07:00:00,3708.601111111111
2020-06-29 08:00:00,3814.648611111111
2020-06-29 09:00:00,4675.384444444445
2020-06-29 10:00:00,5497.719444444445
2020-06-29 11:00:00,4835.567222222222
2020-06-29 12:00:00,5019.066666666667
2020-06-29 13:00:00,5178.843333333333
2020-06-29 14:00:00,6391.964444444445
2020-06-29 15:00:00,5759.4944444444445
2020-06-29 16:00:00,4651.062777777778
2020-06-29 17:00:00,4306.162222222222
2020-06-29 18:00:00,3994.22
2020-06-29 19:00:00,3727.1922222222224
2020-06-29 20:00:00,3734.7719444444447
2020-06-29 21:00:00,3602.2066666666665
2020-06-29 22:00:00,3573.1472222222224
2020-06-29 23:00:00,3481.9827777777778
2020-06-30 00:00:00,3429.635277777778
2020-06-30 01:00:00,3355.654722222222
2020-06-30 02:00:00,3013.8233333333333
2020-06-30 03:00:00,2932.3566666666666
2020-06-30 04:00:00,2972.7944444444443
2020-06-30 05:00:00,3049.1016666666665
2020-06-30 06:00:00,3051.6694444444443
2020-06-30 07:00:00,3170.4547222222222
2020-06-30 08:00:00,3278.0155555555557
2020-06-30 09:00:00,3555.2038888888887
2020-06-30 10:00:00,3705.177222222222
2020-06-30 11:00:00,3627.9334027777777
2020-06-30 12:00:00,3432.0116666666668
2020-06-30 13:00:00,3490.0775
2020-06-30 14:00:00,3417.478611111111
2020-06-30 15:00:00,3407.8527777777776
2020-06-30 16:00:00,3430.7305555555554
2020-06-30 17:00:00,3428.9797222222223
2020-06-30 18:00:00,3413.625
2020-06-30 19:00:00,3272.391111111111
2020-06-30 20:00:00,2583.2855555555557
2020-06-30 21:00:00,2473.7233333333334
2020-06-30 22:00:00,3294.8155555555554
2020-06-30 23:00:00,3252.7094444444447
2020-07-01 00:00:00,3352.9333333333334
2020-07-01 01:00:00,3311.398888888889
2020-07-01 02:00:00,3369.0125
2020-07-01 03:00:00,3400.291111111111
2020-07-01 04:00:00,3020.5230555555554
2020-07-01 05:00:00,3547.722777777778
2020-07-01 06:00:00,3495.0691666666667
2020-07-01 07:00:00,3583.1344444444444
2020-07-01 08:00:00,3689.5733333333333
2020-07-01 09:00:00,3720.6580555555556
2020-07-01 10:00:00,4088.1277777777777
2020-07-01 11:00:00,4721.571666666667
2020-07-01 12:00:00,4651.291666666667
2020-07-01 13:00:00,4677.6
2020-07-01 14:00:00,4710.72
2020-07-01 15:00:00,4716.089444444445
2020-07-01 16:00:00,4829.2733333333335
2020-07-01 17:00:00,4569.547222222222
2020-07-01 18:00:00,4444.953333333333
2020-07-01 19:00:00,4002.008611111111
2020-07-01 20:00:00,3956.95
2020-07-01 21:00:00,3832.8258333333333
2020-07-01 22:00:00,3784.8688888888887
2020-07-01 23:00:00,3723.286666666667
2020-07-02 00:00:00,3697.6233333333334
2020-07-02 01:00:00,3539.6244444444446
2020-07-02 02:00:00,3222.5575
2020-07-02 03:00:00,3244.764722222222
2020-07-02 04:00:00,3404.0383333333334
2020-07-02 05:00:00,3571.9430555555555
2020-07-02 06:00:00,3537.6175
2020-07-02 07:00:00,3702.5033333333336
2020-07-02 08:00:00,3824.1291666666666
2020-07-02 09:00:00,3869.9205555555554
2020-07-02 10:00:00,4160.440555555556
2020-07-02 11:00:00,4338.162777777778
2020-07-02 12:00:00,4379.156111111111
2020-07-02 13:00:00,4440.041388888889
2020-07-02 14:00:00,4736.607777777778
2020-07-02 15:00:00,5117.4766666666665
2020-07-02 16:00:00,4687.598333333333
2020-07-02 17:00:00,4459.790555555555
2020-07-02 18:00:00,4221.641388888889
2020-07-02 19:00:00,3964.6677777777777
2020-07-02 20:00:00,3904.4180555555554
2020-07-02 21:00:00,3874.7027777777776
2020-07-02 22:00:00,3766.0661111111112
2020-07-02 23:00:00,3724.2741666666666
2020-07-03 00:00:00,3683.72
2020-07-03 01:00:00,3687.043611111111
2020-07-03 02:00:00,3689.5583333333334
2020-07-03 03:00:00,3680.012777777778
2020-07-03 04:00:00,3708.858333333333
2020-07-03 05:00:00,3731.8966666666665
2020-07-03 06:00:00,3725.398888888889
2020-07-03 07:00:00,3955.016111111111
2020-07-03 08:00:00,3977.54
2020-07-03 09:00:00,3961.6316666666667
2020-07-03 10:00:00,4034.077222222222
2020-07-03 11:00:00,4073.0191666666665
2020-07-03 12:00:00,3997.1505555555555
2020-07-03 13:00:00,4436.814444444444
2020-07-03 14:00:00,4865.944444444444
2020-07-03 15:00:00,5108.695555555556
2020-07-03 16:00:00,4894.552222222223
2020-07-03 17:00:00,4623.736111111111
2020-07-03 18:00:00,4330.196111111111
2020-07-03 19:00:00,3971.186111111111
2020-07-03 20:00:00,3914.9305555555557
2020-07-03 21:00:00,3910.8091666666664
2020-07-03 22:00:00,3778.455
2020-07-03 23:00:00,3735.98
2020-07-04 00:00:00,3712.6566666666668
2020-07-04 01:00:00,3657.7644444444445
2020-07-04 02:00:00,3670.776388888889
2020-07-04 03:00:00,3713.7444444444445
2020-07-04 04:00:00,3424.9255555555555
2020-07-04 05:00:00,3648.686111111111
2020-07-04 06:00:00,3692.6133333333332
2020-07-04 07:00:00,3851.3280555555557
2020-07-04 08:00:00,4021.623611111111
2020-07-04 09:00:00,4020.7119444444443
2020-07-04 10:00:00,4170.749444444445
2020-07-04 11:00:00,4190.206666666667
2020-07-04 12:00:00,4085.277777777778
2020-07-04 13:00:00,4312.721666666666
2020-07-04 14:00:00,4307.974444444444
2020-07-04 15:00:00,4396.517222222222
2020-07-04 16:00:00,4333.221111111111
2020-07-04 17:00:00,4397.804444444444
2020-07-04 18:00:00,4273.2538888888885
2020-07-04 19:00:00,3903.463333333333
2020-07-04 20:00:00,3995.4755555555557
2020-07-04 21:00:00,4011.386388888889
2020-07-04 22:00:00,4100.357222222222
2020-07-04 23:00:00,4110.506666666667
2020-07-05 00:00:00,4095.97
2020-07-05 01:00:00,4089.2141666666666
2020-07-05 02:00:00,3992.163888888889
2020-07-05 03:00:00,4092.9236111111113
2020-07-05 04:00:00,3864.8866666666668
2020-07-05 05:00:00,4153.685
2020-07-05 06:00:00,4235.1594444444445
2020-07-05 07:00:00,4445.875555555555
2020-07-05 08:00:00,4686.418888888889
2020-07-05 09:00:00,4533.482222222222
2020-07-05 10:00:00,4539.668611111111
2020-07-05 11:00:00,4574.348055555555
2020-07-05 12:00:00,4648.6025
2020-07-05 13:00:00,4697.282222222222
2020-07-05 14:00:00,4722.142222222222
2020-07-05 15:00:00,4912.123333333333
2020-07-05 16:00:00,5357.080555555555
2020-07-05 17:00:00,5853.503333333333
2020-07-05 18:00:00,5042.012222222223
2020-07-05 19:00:00,4284.956388888889
2020-07-05 20:00:00,4185.4783333333335
2020-07-05 21:00:00,3995.7019444444445
2020-07-05 22:00:00,3837.0475
2020-07-05 23:00:00,3593.525
2020-07-06 00:00:00,3183.2347222222224
2020-07-06 01:00:00,3141.965
2020-07-06 02:00:00,2995.043888888889
2020-07-06 03:00:00,3099.7533333333336
2020-07-06 04:00:00,2796.527222222222
2020-07-06 05:00:00,3328.375
2020-07-06 06:00:00,3098.089722222222
2020-07-06 07:00:00,3505.8811111111113
2020-07-06 08:00:00,3592.0441666666666
2020-07-06 09:00:00,3829.5825
2020-07-06 10:00:00,4037.4369444444446
2020-07-06 11:00:00,3848.6983333333333
2020-07-06 12:00:00,3708.7691666666665
2020-07-06 13:00:00,4103.488055555556
2020-07-06 14:00:00,4130.27
2020-07-06 15:00:00,4171.3425
2020-07-06 16:00:00,4103.355
2020-07-06 17:00:00,4041.1483333333335
2020-07-06 18:00:00,3845.4211111111113
2020-07-06 19:00:00,3422.6877777777777
2020-07-06 20:00:00,2939.571111111111
2020-07-06 21:00:00,2805.0911111111113
2020-07-06 22:00:00,2628.027222222222
2020-07-06 23:00:00,2288.666527777778
2020-07-07 00:00:00,1946.3329166666667
2020-07-07 01:00:00,1748.8018055555556
2020-07-07 02:00:00,1610.4373611111112
2020-07-07 03:00:00,1412.5931944444444
2020-07-07 04:00:00,970.0297222222222
2020-07-07 05:00:00,1017.7527777777777
2020-07-07 06:00:00,974.9939583333334
2020-07-07 07:00:00,1038.9816666666666
2020-07-07 08:00:00,1135.0943055555556
2020-07-07 09:00:00,1220.85
2020-07-07 10:00:00,1743.9406944444445
2020-07-07 11:00:00,2062.625
2020-07-07 12:00:00,1994.0672222222222
2020-07-07 13:00:00,2569.3783333333336
2020-07-07 14:00:00,2179.91875
2020-07-07 15:00:00,1905.145
2020-07-07 16:00:00,1741.2745833333333
2020-07-07 17:00:00,1628.5147222222222
2020-07-07 18:00:00,1379.2713888888889
2020-07-07 19:00:00,1100.6636805555556
2020-07-07 20:00:00,1150.2394444444444
2020-07-07 21:00:00,1170.4933333333333
2020-07-07 22:00:00,1170.7134722222222
2020-07-07 23:00:00,1103.5281944444444
2020-07-08 00:00:00,1062.8730555555555
2020-07-08 01:00:00,1032.4590277777777
2020-07-08 02:00:00,994.5802777777777
2020-07-08 03:00:00,1014.6422916666667
2020-07-08 04:00:00,1184.7601388888888
2020-07-08 05:00:00,1152.0423611111112
2020-07-08 06:00:00,1187.6304166666666
2020-07-08 07:00:00,1329.994861111111
2020-07-08 08:00:00,1419.6480555555556
2020-07-08 09:00:00,1426.5077777777778
2020-07-08 10:00:00,1536.5375
2020-07-08 11:00:00,1630.5315277777777
2020-07-08 12:00:00,1653.3634722222223
2020-07-08 13:00:00,2018.3058333333333
2020-07-08 14:00:00,2235.936111111111
2020-07-08 15:00:00,2030.6795833333333
2020-07-08 16:00:00,1775.7354166666667
2020-07-08 17:00:00,1707.4505555555556
2020-07-08 18:00:00,1555.638888888889
2020-07-08 19:00:00,1255.6147222222223
2020-07-08 20:00:00,1231.1691666666666
2020-07-08 21:00:00,1249.3213888888888
2020-07-08 22:00:00,1243.1847222222223
2020-07-08 23:00:00,1151.2511111111112
2020-07-09 00:00:00,1085.2884027777777
2020-07-09 01:00:00,1039.785138888889
2020-07-09 02:00:00,1030.84375
2020-07-09 03:00:00,1045.8459722222221
2020-07-09 04:00:00,1098.465
2020-07-09 05:00:00,1117.3074305555556
2020-07-09 06:00:00,1235.1679166666668
2020-07-09 07:00:00,1453.421111111111
2020-07-09 08:00:00,1417.661111111111
2020-07-09 09:00:00,1510.7995833333334
2020-07-09 10:00:00,1615.1383333333333
2020-07-09 11:00:00,1540.461388888889
2020-07-09 12:00:00,1479.5447222222222
2020-07-09 13:00:00,1546.068611111111
2020-07-09 14:00:00,1619.8013888888888
2020-07-09 15:00:00,1624.8327777777777
2020-07-09 16:00:00,1639.0141666666666
2020-07-09 17:00:00,1653.1334722222223
2020-07-09 18:00:00,1499.577638888889
2020-07-09 19:00:00,1198.7644444444445
2020-07-09 20:00:00,1235.7280555555556
2020-07-09 21:00:00,1304.79625
2020-07-09 22:00:00,1352.6238888888888
2020-07-09 23:00:00,1321.4619444444445
2020-07-10 00:00:00,1322.0844444444444
2020-07-10 01:00:00,1287.1147222222223
2020-07-10 02:00:00,1259.9483333333333
2020-07-10 03:00:00,1298.5145833333333
2020-07-10 04:00:00,1326.8497222222222
2020-07-10 05:00:00,1371.9218055555555
2020-07-10 06:00:00,1372.97
2020-07-10 07:00:00,1510.8119444444444
2020-07-10 08:00:00,1587.0683333333334
2020-07-10 09:00:00,1680.995138888889
2020-07-10 10:00:00,1976.1558333333332
2020-07-10 11:00:00,2292.648611111111
2020-07-10 12:00:00,2167.080972222222
2020-07-10 13:00:00,1734.2245833333334
2020-07-10 14:00:00,1588.2572222222223
2020-07-10 15:00:00,1369.1295833333334
2020-07-10 16:00:00,1344.3083333333334
2020-07-10 17:00:00,1381.0841666666668
2020-07-10 18:00:00,1332.995138888889
2020-07-10 19:00:00,1074.1979166666667
2020-07-10 20:00:00,1111.3234722222223
2020-07-10 21:00:00,1141.7158333333334
2020-07-10 22:00:00,1122.33375
2020-07-10 23:00:00,1129.4128472222221
2020-07-11 00:00:00,1067.7054166666667
2020-07-11 01:00:00,998.4772222222222
2020-07-11 02:00:00,944.1552777777778
2020-07-11 03:00:00,997.9073611111111
2020-07-11 04:00:00,1024.4447222222223
2020-07-11 05:00:00,1083.3865972222222
2020-07-11 06:00:00,1113.7575
2020-07-11 07:00:00,1309.337638888889
2020-07-11 08:00:00,1466.8141666666668
2020-07-11 09:00:00,1549.2472222222223
2020-07-11 10:00:00,1749.4430555555555
2020-07-11 11:00:00,2063.119027777778
2020-07-11 12:00:00,2184.48375
2020-07-11 13:00:00,2220.255833333333
2020-07-11 14:00:00,2283.042638888889
2020-07-11 15:00:00,2168.6945833333334
2020-07-11 16:00:00,2270.6422222222222
2020-07-11 17:00:00,2246.913611111111
2020-07-11 18:00:00,1937.3848611111111
2020-07-11 19:00:00,1584.5831944444444
2020-07-11 20:00:00,1642.9141666666667
2020-07-11 21:00:00,1520.111388888889
2020-07-11 22:00:00,1396.7877777777778
2020-07-11 23:00:00,1321.6190277777778
2020-07-12 00:00:00,1241.2878819444445
2020-07-12 01:00:00,1128.0353472222223
2020-07-12 02:00:00,1052.11625
2020-07-12 03:00:00,1081.6575
2020-07-12 04:00:00,1125.6859722222223
2020-07-12 05:00:00,1254.5697222222223
2020-07-12 06:00:00,1414.4134722222223
2020-07-12 07:00:00,1651.0530555555556
2020-07-12 08:00:00,1683.5919444444444
2020-07-12 09:00:00,1981.9888888888888
2020-07-12 10:00:00,2351.902222222222
2020-07-12 11:00:00,2130.5394444444446
2020-07-12 12:00:00,2267.1168055555554
2020-07-12 13:00:00,2553.4822222222224
2020-07-12 14:00:00,2261.571388888889
2020-07-12 15:00:00,2237.7608333333333
2020-07-12 16:00:00,2162.9805555555554
2020-07-12 17:00:00,2177.2805555555556
2020-07-12 18:00:00,1981.8480555555554
2020-07-12 19:00:00,1648.9380555555556
2020-07-12 20:00:00,1682.191111111111
2020-07-12 21:00:00,1570.4027777777778
2020-07-12 22:00:00,1493.465
2020-07-12 23:00:00,1457.7430555555557
2020-07-13 00:00:00,1352.6866666666667
2020-07-13 01:00:00,1283.405
2020-07-13 02:00:00,1196.3144444444445
2020-07-13 03:00:00,1223.835
2020-07-13 04:00:00,1683.079861111111
2020-07-13 05:00:00,1750.725138888889
2020-07-13 06:00:00,1996.223888888889
2020-07-13 07:00:00,2179.923888888889
2020-07-13 08:00:00,2487.181111111111
2020-07-13 09:00:00,4030.2155555555555
2020-07-13 10:00:00,4795.611666666667
2020-07-13 11:00:00,4896.9944444444445
2020-07-13 12:00:00,5196.296111111111
2020-07-13 13:00:00,5385.748888888889
2020-07-13 14:00:00,5813.091111111111
2020-07-13 15:00:00,5978.988333333334
2020-07-13 16:00:00,5352.022222222222
2020-07-13 17:00:00,5180.085
2020-07-13 18:00:00,3724.5544444444445
2020-07-13 19:00:00,2552.545
2020-07-13 20:00:00,2337.2344444444443
2020-07-13 21:00:00,2155.708888888889
2020-07-13 22:00:00,2071.926111111111
2020-07-13 23:00:00,2033.547361111111
2020-07-14 00:00:00,1931.62125
2020-07-14 01:00:00,1847.4602777777777
2020-07-14 02:00:00,1801.3031944444444
2020-07-14 03:00:00,1784.8016666666667
2020-07-14 04:00:00,1848.3397222222222
2020-07-14 05:00:00,1870.8205555555555
2020-07-14 06:00:00,2234.7091666666665
2020-07-14 07:00:00,2607.793611111111
2020-07-14 08:00:00,3883.656388888889
2020-07-14 09:00:00,6077.336111111111
2020-07-14 10:00:00,6447.931666666666
2020-07-14 11:00:00,6412.56
2020-07-14 12:00:00,6385.857777777778
2020-07-14 13:00:00,6383.199444444444
2020-07-14 14:00:00,6409.718888888889
2020-07-14 15:00:00,5612.975555555556
2020-07-14 16:00:00,4500.123333333333
2020-07-14 17:00:00,3436.7766666666666
2020-07-14 18:00:00,3164.0916666666667
2020-07-14 19:00:00,2665.204166666667
2020-07-14 20:00:00,2682.115
2020-07-14 21:00:00,2606.3433333333332
2020-07-14 22:00:00,2545.403333333333
2020-07-14 23:00:00,2522.9397222222224
2020-07-15 00:00:00,2421.5944444444444
2020-07-15 01:00:00,2318.514722222222
2020-07-15 02:00:00,2217.6402777777776
2020-07-15 03:00:00,2187.511388888889
2020-07-15 04:00:00,2177.862222222222
2020-07-15 05:00:00,2141.0558333333333
2020-07-15 06:00:00,2165.5740277777777
2020-07-15 07:00:00,2339.06
2020-07-15 08:00:00,2350.306666666667
2020-07-15 09:00:00,2509.541111111111
2020-07-15 10:00:00,2580.1844444444446
2020-07-15 11:00:00,2663.353888888889
2020-07-15 12:00:00,2542.1872222222223
2020-07-15 13:00:00,2539.1922222222224
2020-07-15 14:00:00,2640.8594444444443
2020-07-15 15:00:00,2807.4083333333333
2020-07-15 16:00:00,2725.7191666666668
2020-07-15 17:00:00,2420.5625
2020-07-15 18:00:00,2275.255277777778
2020-07-15 19:00:00,1996.2423611111112
2020-07-15 20:00:00,1959.2980555555555
2020-07-15 21:00:00,1975.5330555555556
2020-07-15 22:00:00,2045.2097222222221
2020-07-15 23:00:00,1963.4630555555555
2020-07-16 00:00:00,1926.4722222222222
2020-07-16 01:00:00,1841.0008333333333
2020-07-16 02:00:00,1795.1533333333334
2020-07-16 03:00:00,1792.04125
2020-07-16 04:00:00,1886.8052777777777
2020-07-16 05:00:00,1951.5780555555555
2020-07-16 06:00:00,2231.929861111111
2020-07-16 07:00:00,2576.5008333333335
2020-07-16 08:00:00,2527.0788888888887
2020-07-16 09:00:00,2570.8444444444444
2020-07-16 10:00:00,2651.3016666666667
2020-07-16 11:00:00,2869.018888888889
2020-07-16 12:00:00,2921.0508333333332
2020-07-16 13:00:00,3994.6033333333335
2020-07-16 14:00:00,3930.1519444444443
2020-07-16 15:00:00,3108.119722222222
2020-07-16 16:00:00,2892.717222222222
2020-07-16 17:00:00,2915.9555555555557
2020-07-16 18:00:00,2895.7305555555554
2020-07-16 19:00:00,2385.9105555555557
2020-07-16 20:00:00,2269.358888888889
2020-07-16 21:00:00,2138.6779166666665
2020-07-16 22:00:00,2118.0983333333334
2020-07-16 23:00:00,1964.1345833333332
2020-07-17 00:00:00,1868.0666666666666
2020-07-17 01:00:00,1808.7093055555556
2020-07-17 02:00:00,1785.2718055555556
2020-07-17 03:00:00,1901.3316666666667
2020-07-17 04:00:00,1990.7430555555557
2020-07-17 05:00:00,2357.5044444444443
2020-07-17 06:00:00,2313.775
2020-07-17 07:00:00,2644.968888888889
2020-07-17 08:00:00,3022.4011111111113
2020-07-17 09:00:00,3169.1033333333335
2020-07-17 10:00:00,4006.7775
2020-07-17 11:00:00,5394.734444444444
2020-07-17 12:00:00,6828.598888888889
2020-07-17 13:00:00,7451.462777777778
2020-07-17 14:00:00,7612.124444444445
2020-07-17 15:00:00,7306.138888888889
2020-07-17 16:00:00,6101.905555555555
2020-07-17 17:00:00,5862.793333333333
2020-07-17 18:00:00,5212.111111111111
2020-07-17 19:00:00,3414.3152083333334
2020-07-17 20:00:00,3008.5380555555557
2020-07-17 21:00:00,2651.8577777777778
2020-07-17 22:00:00,2435.7775
2020-07-17 23:00:00,2279.1754166666665
2020-07-18 00:00:00,2096.934027777778
2020-07-18 01:00:00,1956.4818055555556
2020-07-18 02:00:00,1861.1508333333334
2020-07-18 03:00:00,1787.3533333333332
2020-07-18 04:00:00,2039.4788888888888
2020-07-18 05:00:00,2256.441388888889
2020-07-18 06:00:00,2649.549722222222
2020-07-18 07:00:00,3227.0305555555556
2020-07-18 08:00:00,5539.889444444444
2020-07-18 09:00:00,8372.953333333333
2020-07-18 10:00:00,8695.49
2020-07-18 11:00:00,8684.443333333333
2020-07-18 12:00:00,8672.891111111112
2020-07-18 13:00:00,8666.813333333334
2020-07-18 14:00:00,8666.200555555555
2020-07-18 15:00:00,8668.22388888889
2020-07-18 16:00:00,8675.466666666667
2020-07-18 17:00:00,8674.177777777777
2020-07-18 18:00:00,8606.131111111112
2020-07-18 19:00:00,6390.314444444444
2020-07-18 20:00:00,4552.924166666667
2020-07-18 21:00:00,3805.387777777778
2020-07-18 22:00:00,3528.593888888889
2020-07-18 23:00:00,3265.396111111111
2020-07-19 00:00:00,3090.568888888889
2020-07-19 01:00:00,2888.986388888889
2020-07-19 02:00:00,2616.133611111111
2020-07-19 03:00:00,2528.326666666667
2020-07-19 04:00:00,2593.9713888888887
2020-07-19 05:00:00,3230.3722222222223
2020-07-19 06:00:00,4111.373888888889
2020-07-19 07:00:00,5652.968888888889
2020-07-19 08:00:00,7893.687777777778
2020-07-19 09:00:00,8581.222222222223
2020-07-19 10:00:00,8197.441111111111
2020-07-19 11:00:00,8539.191111111111
2020-07-19 12:00:00,8527.974444444444
2020-07-19 13:00:00,8517.912222222221
2020-07-19 14:00:00,8515.075
2020-07-19 15:00:00,8530.114444444445
2020-07-19 16:00:00,8543.055555555555
2020-07-19 17:00:00,8556.71611111111
2020-07-19 18:00:00,8550.593333333334
2020-07-19 19:00:00,8508.271111111111
2020-07-19 20:00:00,7462.520555555556
2020-07-19 21:00:00,6617.1866666666665
2020-07-19 22:00:00,5879.837777777778
2020-07-19 23:00:00,5442.83
2020-07-20 00:00:00,4723.435555555556
2020-07-20 01:00:00,4118.1594444444445
2020-07-20 02:00:00,3628.487777777778
2020-07-20 03:00:00,3234.462777777778
2020-07-20 04:00:00,3522.212777777778
2020-07-20 05:00:00,3564.255
2020-07-20 06:00:00,3609.2316666666666
2020-07-20 07:00:00,3610.5183333333334
2020-07-20 08:00:00,4086.420833333333
2020-07-20 09:00:00,3446.1736111111113
2020-07-20 10:00:00,3238.0055555555555
2020-07-20 11:00:00,3300.363888888889
2020-07-20 12:00:00,3142.0183333333334
2020-07-20 13:00:00,3109.9538888888887
2020-07-20 14:00:00,3004.8322222222223
2020-07-20 15:00:00,4753.0216666666665
2020-07-20 16:00:00,5087.43
2020-07-20 17:00:00,4208.012777777778
2020-07-20 18:00:00,3243.3572222222224
2020-07-20 19:00:00,2511.418888888889
2020-07-20 20:00:00,2519.755833333333
2020-07-20 21:00:00,2321.9119444444445
2020-07-20 22:00:00,2182.0168055555555
2020-07-20 23:00:00,2041.5577777777778
2020-07-21 00:00:00,1873.0040277777778
2020-07-21 01:00:00,1733.3368055555557
2020-07-21 02:00:00,1634.2408333333333
2020-07-21 03:00:00,1576.3802777777778
2020-07-21 04:00:00,1693.9177777777777
2020-07-21 05:00:00,1964.8425
2020-07-21 06:00:00,2227.5
2020-07-21 07:00:00,2502.337777777778
2020-07-21 08:00:00,2677.456388888889
2020-07-21 09:00:00,3803.1227777777776
2020-07-21 10:00:00,5066.97
2020-07-21 11:00:00,5871.225555555556
2020-07-21 12:00:00,3502.1247222222223
2020-07-21 13:00:00,3790.661111111111
2020-07-21 14:00:00,3755.5363888888887
2020-07-21 15:00:00,3526.322222222222
2020-07-21 16:00:00,3065.3425
2020-07-21 17:00:00,2892.248888888889
2020-07-21 18:00:00,2857.5027777777777
2020-07-21 19:00:00,2209.3166666666666
2020-07-21 20:00:00,2245.6183333333333
2020-07-21 21:00:00,2188.8094444444446
2020-07-21 22:00:00,2102.275277777778
2020-07-21 23:00:00,2046.6041666666667
2020-07-22 00:00:00,1869.203611111111
2020-07-22 01:00:00,1699.298888888889
2020-07-22 02:00:00,1592.768611111111
2020-07-22 03:00:00,1559.1491666666666
2020-07-22 04:00:00,1555.2533333333333
2020-07-22 05:00:00,1937.1686111111112
2020-07-22 06:00:00,2215.6744444444444
2020-07-22 07:00:00,2538.226111111111
2020-07-22 08:00:00,2513.2825
2020-07-22 09:00:00,2833.2194444444444
2020-07-22 10:00:00,3360.6466666666665
2020-07-22 11:00:00,3817.145
2020-07-22 12:00:00,3519.0627777777777
2020-07-22 13:00:00,3955.8994444444443
2020-07-22 14:00:00,4057.6827777777776
2020-07-22 15:00:00,4352.442222222222
2020-07-22 16:00:00,4415.838333333333
2020-07-22 17:00:00,3498.0
2020-07-22 18:00:00,3004.098611111111
2020-07-22 19:00:00,2499.89
2020-07-22 20:00:00,2298.1647222222223
2020-07-22 21:00:00,2180.4880555555555
2020-07-22 22:00:00,2111.4963888888888
2020-07-22 23:00:00,2043.5222222222221
2020-07-23 00:00:00,2034.3822222222223
2020-07-23 01:00:00,1963.6038888888888
2020-07-23 02:00:00,1908.7905555555556
2020-07-23 03:00:00,1970.1327777777778
2020-07-23 04:00:00,1966.2533333333333
2020-07-23 05:00:00,2169.7786111111113
2020-07-23 06:00:00,2472.421388888889
2020-07-23 07:00:00,2692.1044444444447
2020-07-23 08:00:00,2991.2955555555554
2020-07-23 09:00:00,5701.384444444445
2020-07-23 10:00:00,7364.454444444445
2020-07-23 11:00:00,7638.634444444445
2020-07-23 12:00:00,7830.686111111111
2020-07-23 13:00:00,8141.716666666666
2020-07-23 14:00:00,8389.393333333333
2020-07-23 15:00:00,8525.007222222222
2020-07-23 16:00:00,8371.067777777778
2020-07-23 17:00:00,7448.025555555556
2020-07-23 18:00:00,5378.363333333334
2020-07-23 19:00:00,4106.456666666667
2020-07-23 20:00:00,3723.1269444444442
2020-07-23 21:00:00,3253.5625
2020-07-23 22:00:00,3138.968888888889
2020-07-23 23:00:00,2957.6027777777776
2020-07-24 00:00:00,2919.8355555555554
2020-07-24 01:00:00,2638.126388888889
2020-07-24 02:00:00,2655.976111111111
2020-07-24 03:00:00,2818.0333333333333
2020-07-24 04:00:00,2895.488611111111
2020-07-24 05:00:00,2965.246111111111
2020-07-24 06:00:00,3600.051111111111
2020-07-24 07:00:00,5288.960555555555
2020-07-24 08:00:00,6204.4655555555555
2020-07-24 09:00:00,6617.031666666667
2020-07-24 10:00:00,7681.062222222222
2020-07-24 11:00:00,7046.788888888889
2020-07-24 12:00:00,7812.8261111111115
2020-07-24 13:00:00,8189.672222222222
2020-07-24 14:00:00,7903.712222222222
2020-07-24 15:00:00,8258.051111111112
2020-07-24 16:00:00,8495.085555555555
2020-07-24 17:00:00,8471.325555555555
2020-07-24 18:00:00,6860.554444444444
2020-07-24 19:00:00,4250.8475
2020-07-24 20:00:00,3594.586111111111
2020-07-24 21:00:00,3198.7122222222224
2020-07-24 22:00:00,2945.668611111111
2020-07-24 23:00:00,2648.136111111111
2020-07-25 00:00:00,2485.2638888888887
2020-07-25 01:00:00,2354.242777777778
2020-07-25 02:00:00,2260.6619444444445
2020-07-25 03:00:00,2257.2381944444446
2020-07-25 04:00:00,2387.012222222222
2020-07-25 05:00:00,2728.985
2020-07-25 06:00:00,2834.7455555555557
2020-07-25 07:00:00,3000.1741666666667
2020-07-25 08:00:00,3496.5108333333333
2020-07-25 09:00:00,4196.062222222222
2020-07-25 10:00:00,7659.931111111111
2020-07-25 11:00:00,7948.79
2020-07-25 12:00:00,7878.078888888889
2020-07-25 13:00:00,7881.673333333333
2020-07-25 14:00:00,8486.953333333333
2020-07-25 15:00:00,8527.397777777778
2020-07-25 16:00:00,8534.556666666667
2020-07-25 17:00:00,8534.352777777778
2020-07-25 18:00:00,8410.087777777779
2020-07-25 19:00:00,6418.645
2020-07-25 20:00:00,6191.609444444444
2020-07-25 21:00:00,5825.081666666667
2020-07-25 22:00:00,5667.29
2020-07-25 23:00:00,5238.455
2020-07-26 00:00:00,4800.382777777778
2020-07-26 01:00:00,4428.176666666666
2020-07-26 02:00:00,4216.783888888889
2020-07-26 03:00:00,4329.648888888889
2020-07-26 04:00:00,4346.796666666667
2020-07-26 05:00:00,4415.477777777778
2020-07-26 06:00:00,4446.9927777777775
2020-07-26 07:00:00,5729.221111111111
2020-07-26 08:00:00,6738.290555555555
2020-07-26 09:00:00,6770.137777777778
2020-07-26 10:00:00,6784.934444444444
2020-07-26 11:00:00,6490.582777777778
2020-07-26 12:00:00,6229.279444444444
2020-07-26 13:00:00,6200.581666666667
2020-07-26 14:00:00,7701.925555555556
2020-07-26 15:00:00,8527.557222222222
2020-07-26 16:00:00,8529.957777777778
2020-07-26 17:00:00,8301.766666666666
2020-07-26 18:00:00,7261.248333333333
2020-07-26 19:00:00,5203.679444444444
2020-07-26 20:00:00,4062.9972222222223
2020-07-26 21:00:00,3479.67
2020-07-26 22:00:00,3086.5933333333332
2020-07-26 23:00:00,2822.0827777777777
2020-07-27 00:00:00,2785.3444444444444
2020-07-27 01:00:00,2615.8116666666665
2020-07-27 02:00:00,2334.1405555555557
2020-07-27 03:00:00,2249.9266666666667
2020-07-27 04:00:00,2368.516666666667
2020-07-27 05:00:00,2943.4641666666666
2020-07-27 06:00:00,3618.905
2020-07-27 07:00:00,4024.935
2020-07-27 08:00:00,4691.434444444444
2020-07-27 09:00:00,7873.6211111111115
2020-07-27 10:00:00,8569.992222222223
2020-07-27 11:00:00,8558.472222222223
2020-07-27 12:00:00,8548.220555555556
2020-07-27 13:00:00,8532.914444444445
2020-07-27 14:00:00,8547.298333333334
2020-07-27 15:00:00,8551.812222222223
2020-07-27 16:00:00,8399.485
2020-07-27 17:00:00,5888.690555555556
2020-07-27 18:00:00,5043.623333333333
2020-07-27 19:00:00,4251.328333333333
2020-07-27 20:00:00,4163.925555555556
2020-07-27 21:00:00,4328.348333333333
2020-07-27 22:00:00,4158.732777777778
2020-07-27 23:00:00,3937.865
2020-07-28 00:00:00,4000.1469444444447
2020-07-28 01:00:00,3744.6294444444443
2020-07-28 02:00:00,3505.8219444444444
2020-07-28 03:00:00,3399.9127777777776
2020-07-28 04:00:00,3412.6827777777776
2020-07-28 05:00:00,3737.5180555555557
2020-07-28 06:00:00,4211.430555555556
2020-07-28 07:00:00,5277.96
2020-07-28 08:00:00,7380.377777777778
2020-07-28 09:00:00,8487.55
2020-07-28 10:00:00,8489.837777777779
2020-07-28 11:00:00,8480.080555555556
2020-07-28 12:00:00,8472.641111111112
2020-07-28 13:00:00,8299.665555555555
2020-07-28 14:00:00,7868.1033333333335
2020-07-28 15:00:00,8230.278888888888
2020-07-28 16:00:00,8436.112777777778
2020-07-28 17:00:00,8534.042777777779
2020-07-28 18:00:00,7973.573333333334
2020-07-28 19:00:00,5256.427777777778
2020-07-28 20:00:00,3803.052777777778
2020-07-28 21:00:00,3530.3127777777777
2020-07-28 22:00:00,3335.943333333333
2020-07-28 23:00:00,3230.903888888889
2020-07-29 00:00:00,3183.733333333333
2020-07-29 01:00:00,2880.1855555555558
2020-07-29 02:00:00,2674.98
2020-07-29 03:00:00,2551.258888888889
2020-07-29 04:00:00,2468.1641666666665
2020-07-29 05:00:00,2729.7594444444444
2020-07-29 06:00:00,2864.6916666666666
2020-07-29 07:00:00,3698.0891666666666
2020-07-29 08:00:00,5368.533333333334
2020-07-29 09:00:00,5767.816944444445
2020-07-29 10:00:00,5912.2155555555555
2020-07-29 11:00:00,6670.8694444444445
2020-07-29 12:00:00,7210.736666666667
2020-07-29 13:00:00,8009.51
2020-07-29 14:00:00,7918.678888888889
2020-07-29 15:00:00,7951.491111111111
2020-07-29 16:00:00,7936.813888888889
2020-07-29 17:00:00,6340.457222222222
2020-07-29 18:00:00,4643.584444444445
2020-07-29 19:00:00,3534.39
2020-07-29 20:00:00,3395.7452777777776
2020-07-29 21:00:00,3245.385277777778
2020-07-29 22:00:00,3231.1258333333335
2020-07-29 23:00:00,2932.07
2020-07-30 00:00:00,2628.2705555555553
2020-07-30 01:00:00,2539.5805555555557
2020-07-30 02:00:00,2403.226111111111
2020-07-30 03:00:00,2323.9152777777776
2020-07-30 04:00:00,2386.0219444444447
2020-07-30 05:00:00,2691.5019444444442
2020-07-30 06:00:00,2925.0155555555557
2020-07-30 07:00:00,3402.3441666666668
2020-07-30 08:00:00,5301.223333333333
2020-07-30 09:00:00,7236.962777777778
2020-07-30 10:00:00,7612.206666666667
2020-07-30 11:00:00,7799.732222222222
2020-07-30 12:00:00,8124.04
2020-07-30 13:00:00,8371.184444444445
2020-07-30 14:00:00,8520.206666666667
2020-07-30 15:00:00,7990.502777777778
2020-07-30 16:00:00,7939.923333333333
2020-07-30 17:00:00,7370.140555555556
2020-07-30 18:00:00,5902.026111111111
2020-07-30 19:00:00,3855.806111111111
2020-07-30 20:00:00,3420.975
2020-07-30 21:00:00,2936.9305555555557
2020-07-30 22:00:00,2815.918611111111
2020-07-30 23:00:00,2690.0655555555554
2020-07-31 00:00:00,2607.7194444444444
2020-07-31 01:00:00,2508.128888888889
2020-07-31 02:00:00,2488.0205555555553
2020-07-31 03:00:00,2513.056111111111
2020-07-31 04:00:00,2349.9166666666665
2020-07-31 05:00:00,3007.968888888889
2020-07-31 06:00:00,3507.301111111111
2020-07-31 07:00:00,3817.682222222222
2020-07-31 08:00:00,4995.985555555556
2020-07-31 09:00:00,7390.040555555555
2020-07-31 10:00:00,8502.593888888889
2020-07-31 11:00:00,8561.341666666667
2020-07-31 12:00:00,8535.322777777777
2020-07-31 13:00:00,8543.245
2020-07-31 14:00:00,8554.777777777777
2020-07-31 15:00:00,8559.657222222222
2020-07-31 16:00:00,8561.529444444444
2020-07-31 17:00:00,8577.366666666667
2020-07-31 18:00:00,8512.505555555555
2020-07-31 19:00:00,5962.4944444444445
2020-07-31 20:00:00,4414.177777777778
2020-07-31 21:00:00,3878.573888888889
2020-07-31 22:00:00,3670.8552777777777
2020-07-31 23:00:00,3293.6922222222224
2020-08-01 00:00:00,3076.3594444444443
2020-08-01 01:00:00,2822.340833333333
2020-08-01 02:00:00,2629.2361111111113
2020-08-01 03:00:00,2535.7033333333334
2020-08-01 04:00:00,2644.6033333333335
2020-08-01 05:00:00,3335.9669444444444
2020-08-01 06:00:00,3727.5255555555555
2020-08-01 07:00:00,4555.4511111111115
2020-08-01 08:00:00,5520.965
2020-08-01 09:00:00,8183.4655555555555
2020-08-01 10:00:00,8506.123333333333
2020-08-01 11:00:00,8469.109444444444
2020-08-01 12:00:00,8445.392777777777
2020-08-01 13:00:00,8433.193333333333
2020-08-01 14:00:00,8436.987777777778
2020-08-01 15:00:00,8447.063333333334
2020-08-01 16:00:00,8440.92111111111
2020-08-01 17:00:00,8460.927777777777
2020-08-01 18:00:00,8467.944444444445
2020-08-01 19:00:00,8474.245
2020-08-01 20:00:00,8392.783333333333
2020-08-01 21:00:00,8079.180555555556
2020-08-01 22:00:00,7755.856111111111
2020-08-01 23:00:00,7185.421111111111
2020-08-02 00:00:00,7142.686111111111
2020-08-02 01:00:00,7243.079444444445
2020-08-02 02:00:00,7004.913333333333
2020-08-02 03:00:00,6402.44
2020-08-02 04:00:00,6293.134444444445
2020-08-02 05:00:00,6122.456666666667
2020-08-02 06:00:00,7114.127777777778
2020-08-02 07:00:00,7300.011666666666
2020-08-02 08:00:00,7955.145555555556
2020-08-02 09:00:00,7659.456666666667
2020-08-02 10:00:00,7752.732777777778
2020-08-02 11:00:00,7283.673333333333
2020-08-02 12:00:00,7219.487777777777
2020-08-02 13:00:00,7319.553333333333
2020-08-02 14:00:00,7464.082222222222
2020-08-02 15:00:00,7572.17
2020-08-02 16:00:00,8065.088333333333
2020-08-02 17:00:00,8354.282222222222
2020-08-02 18:00:00,8167.424444444445
2020-08-02 19:00:00,7013.023888888889
2020-08-02 20:00:00,6321.913333333333
2020-08-02 21:00:00,5593.598333333333
2020-08-02 22:00:00,6099.213333333333
2020-08-02 23:00:00,5532.4094444444445
2020-08-03 00:00:00,5011.918888888889
2020-08-03 01:00:00,4691.029444444444
2020-08-03 02:00:00,4028.010277777778
2020-08-03 03:00:00,3873.7605555555556
2020-08-03 04:00:00,3432.6669444444447
2020-08-03 05:00:00,3897.172777777778
2020-08-03 06:00:00,4090.5905555555555
2020-08-03 07:00:00,4432.980833333333
2020-08-03 08:00:00,4879.675
2020-08-03 09:00:00,5693.558333333333
2020-08-03 10:00:00,7964.252222222222
2020-08-03 11:00:00,8536.0
2020-08-03 12:00:00,8527.164444444445
2020-08-03 13:00:00,8519.88
2020-08-03 14:00:00,8534.355555555556
2020-08-03 15:00:00,8544.833333333334
2020-08-03 16:00:00,8541.56
2020-08-03 17:00:00,8519.55
2020-08-03 18:00:00,7375.217777777778
2020-08-03 19:00:00,4739.9077777777775
2020-08-03 20:00:00,3789.423333333333
2020-08-03 21:00:00,3417.597222222222
2020-08-03 22:00:00,3138.413888888889
2020-08-03 23:00:00,3069.307222222222
2020-08-04 00:00:00,2932.362777777778
2020-08-04 01:00:00,2693.043888888889
2020-08-04 02:00:00,2596.2766666666666
2020-08-04 03:00:00,2566.528888888889
2020-08-04 04:00:00,2460.0069444444443
2020-08-04 05:00:00,2860.3625
2020-08-04 06:00:00,4093.471666666667
2020-08-04 07:00:00,4686.557222222223
2020-08-04 08:00:00,5964.706666666667
2020-08-04 09:00:00,7826.7444444444445
2020-08-04 10:00:00,8687.773888888889
2020-08-04 11:00:00,8863.953333333333
2020-08-04 12:00:00,8851.560555555556
2020-08-04 13:00:00,8864.322222222223
2020-08-04 14:00:00,8874.049444444445
2020-08-04 15:00:00,8885.85
2020-08-04 16:00:00,8892.507777777777
2020-08-04 17:00:00,8843.433333333332
2020-08-04 18:00:00,6928.305555555556
2020-08-04 19:00:00,4118.035833333333
2020-08-04 20:00:00,3313.871111111111
2020-08-04 21:00:00,2899.198611111111
2020-08-04 22:00:00,2798.889166666667
2020-08-04 23:00:00,2513.3444444444444
2020-08-05 00:00:00,2399.495
2020-08-05 01:00:00,2279.089861111111
2020-08-05 02:00:00,2214.905
2020-08-05 03:00:00,2240.1879166666668
2020-08-05 04:00:00,2296.1422222222222
2020-08-05 05:00:00,3046.84
2020-08-05 06:00:00,3312.119166666667
2020-08-05 07:00:00,4504.9158333333335
2020-08-05 08:00:00,8604.708888888888
2020-08-05 09:00:00,8882.141111111112
2020-08-05 10:00:00,8857.716666666667
2020-08-05 11:00:00,8826.436666666666
2020-08-05 12:00:00,8804.184444444445
2020-08-05 13:00:00,8793.61
2020-08-05 14:00:00,8801.812222222223
2020-08-05 15:00:00,8807.358888888888
2020-08-05 16:00:00,8825.222222222223
2020-08-05 17:00:00,8843.897777777778
2020-08-05 18:00:00,8843.400555555556
2020-08-05 19:00:00,8881.366666666667
2020-08-05 20:00:00,8627.696666666667
2020-08-05 21:00:00,6995.568333333334
2020-08-05 22:00:00,6043.418888888889
2020-08-05 23:00:00,4914.561111111111
2020-08-06 00:00:00,4424.691111111111
2020-08-06 01:00:00,4004.826666666667
2020-08-06 02:00:00,3483.9202777777778
2020-08-06 03:00:00,3684.8888888888887
2020-08-06 04:00:00,3953.6072222222224
2020-08-06 05:00:00,5892.329444444445
2020-08-06 06:00:00,8511.274444444445
2020-08-06 07:00:00,8927.672777777778
2020-08-06 08:00:00,8887.538333333334
2020-08-06 09:00:00,8851.318333333333
2020-08-06 10:00:00,8824.255555555555
2020-08-06 11:00:00,8793.717777777778
2020-08-06 12:00:00,8771.853333333333
2020-08-06 13:00:00,8755.597777777777
2020-08-06 14:00:00,8770.302222222223
2020-08-06 15:00:00,8777.882222222222
2020-08-06 16:00:00,8795.594444444445
2020-08-06 17:00:00,8822.265555555556
2020-08-06 18:00:00,8837.367777777778
2020-08-06 19:00:00,8881.210555555555
2020-08-06 20:00:00,8919.060555555556
2020-08-06 21:00:00,8771.755555555555
2020-08-06 22:00:00,8137.823333333334
2020-08-06 23:00:00,7423.943333333334
2020-08-07 00:00:00,6509.352222222222
2020-08-07 01:00:00,5524.552777777778
2020-08-07 02:00:00,5052.21
2020-08-07 03:00:00,4794.733888888889
2020-08-07 04:00:00,4801.702222222222
2020-08-07 05:00:00,6341.578888888889
2020-08-07 06:00:00,8232.552777777777
2020-08-07 07:00:00,8928.892777777777
2020-08-07 08:00:00,8888.902777777777
2020-08-07 09:00:00,8846.472222222223
2020-08-07 10:00:00,8822.930555555555
2020-08-07 11:00:00,8788.07111111111
2020-08-07 12:00:00,8759.806666666667
2020-08-07 13:00:00,8739.387777777778
2020-08-07 14:00:00,8745.113888888889
2020-08-07 15:00:00,8745.413333333334
2020-08-07 16:00:00,8764.267777777777
2020-08-07 17:00:00,8795.183333333332
2020-08-07 18:00:00,8812.321666666667
2020-08-07 19:00:00,8844.702222222222
2020-08-07 20:00:00,8901.792222222222
2020-08-07 21:00:00,8902.62388888889
2020-08-07 22:00:00,8917.577777777778
2020-08-07 23:00:00,8920.666666666666
2020-08-08 00:00:00,8804.287777777778
2020-08-08 01:00:00,8732.825555555555
2020-08-08 02:00:00,8286.826666666666
2020-08-08 03:00:00,7927.490555555555
2020-08-08 04:00:00,8176.8711111111115
2020-08-08 05:00:00,8564.914444444445
2020-08-08 06:00:00,8924.32
2020-08-08 07:00:00,8924.018333333333
2020-08-08 08:00:00,8867.128333333334
2020-08-08 09:00:00,8824.972777777777
2020-08-08 10:00:00,8786.817222222222
2020-08-08 11:00:00,8742.298888888889
2020-08-08 12:00:00,8706.473333333333
2020-08-08 13:00:00,8701.237777777778
2020-08-08 14:00:00,8699.796666666667
2020-08-08 15:00:00,8729.064444444444
2020-08-08 16:00:00,8754.941111111111
2020-08-08 17:00:00,8769.83888888889
2020-08-08 18:00:00,8790.88
2020-08-08 19:00:00,8824.08
2020-08-08 20:00:00,8849.11
2020-08-08 21:00:00,8877.048333333334
2020-08-08 22:00:00,8886.01888888889
2020-08-08 23:00:00,8902.111111111111
2020-08-09 00:00:00,8906.944444444445
2020-08-09 01:00:00,8904.582222222221
2020-08-09 02:00:00,8906.147222222222
2020-08-09 03:00:00,8929.308888888889
2020-08-09 04:00:00,8915.50111111111
2020-08-09 05:00:00,8822.13388888889
2020-08-09 06:00:00,8919.937777777777
2020-08-09 07:00:00,8898.037777777778
2020-08-09 08:00:00,8848.209444444445
2020-08-09 09:00:00,8823.032222222222
2020-08-09 10:00:00,8792.05
2020-08-09 11:00:00,8766.906111111111
2020-08-09 12:00:00,8735.753888888888
2020-08-09 13:00:00,8722.882777777777
2020-08-09 14:00:00,8729.075
2020-08-09 15:00:00,8740.982222222223
2020-08-09 16:00:00,8752.771111111111
2020-08-09 17:00:00,8784.983888888888
2020-08-09 18:00:00,8795.025
2020-08-09 19:00:00,8822.076666666666
2020-08-09 20:00:00,8859.530555555555
2020-08-09 21:00:00,8890.66
2020-08-09 22:00:00,8909.974444444444
2020-08-09 23:00:00,8919.376944444444
2020-08-10 00:00:00,8931.734444444444
2020-08-10 01:00:00,8933.312222222223
2020-08-10 02:00:00,8935.232222222223
2020-08-10 03:00:00,8939.986111111111
2020-08-10 04:00:00,8674.975
2020-08-10 05:00:00,8867.468888888889
2020-08-10 06:00:00,8917.046666666667
2020-08-10 07:00:00,8910.82
2020-08-10 08:00:00,8889.709444444445
2020-08-10 09:00:00,8833.57
2020-08-10 10:00:00,8789.61
2020-08-10 11:00:00,8751.277222222223
2020-08-10 12:00:00,8717.868888888888
2020-08-10 13:00:00,8712.025
2020-08-10 14:00:00,8715.128888888888
2020-08-10 15:00:00,8727.232222222223
2020-08-10 16:00:00,8763.618333333334
2020-08-10 17:00:00,8797.27
2020-08-10 18:00:00,8811.576666666666
2020-08-10 19:00:00,8845.920555555556
2020-08-10 20:00:00,8878.140555555556
2020-08-10 21:00:00,8917.87
2020-08-10 22:00:00,8935.772222222222
2020-08-10 23:00:00,8946.962777777779
2020-08-11 00:00:00,8945.96388888889
2020-08-11 01:00:00,8944.261111111111
2020-08-11 02:00:00,8944.657777777778
2020-08-11 03:00:00,8936.681111111111
2020-08-11 04:00:00,8865.65111111111
2020-08-11 05:00:00,8949.802222222223
2020-08-11 06:00:00,8938.516111111112
2020-08-11 07:00:00,8922.934444444445
2020-08-11 08:00:00,8926.302222222223
2020-08-11 09:00:00,8884.667222222222
2020-08-11 10:00:00,8850.125555555556
2020-08-11 11:00:00,8817.735555555555
2020-08-11 12:00:00,8791.706666666667
2020-08-11 13:00:00,8781.888888888889
2020-08-11 14:00:00,8783.784444444444
2020-08-11 15:00:00,8798.542222222222
2020-08-11 16:00:00,8826.25111111111
2020-08-11 17:00:00,8859.33111111111
2020-08-11 18:00:00,8879.214444444444
2020-08-11 19:00:00,8922.795
2020-08-11 20:00:00,8936.31
2020-08-11 21:00:00,8947.393333333333
2020-08-11 22:00:00,8822.291666666666
2020-08-11 23:00:00,8482.8
2020-08-12 00:00:00,7481.815555555556
2020-08-12 01:00:00,7349.388888888889
2020-08-12 02:00:00,7088.5616666666665
2020-08-12 03:00:00,6621.456666666667
2020-08-12 04:00:00,6378.423333333333
2020-08-12 05:00:00,6894.6577777777775
2020-08-12 06:00:00,7587.601111111111
2020-08-12 07:00:00,8558.62388888889
2020-08-12 08:00:00,8950.85611111111
2020-08-12 09:00:00,8905.058333333332
2020-08-12 10:00:00,8871.945555555556
2020-08-12 11:00:00,8841.002222222221
2020-08-12 12:00:00,8810.42888888889
2020-08-12 13:00:00,8797.108333333334
2020-08-12 14:00:00,8801.046666666667
2020-08-12 15:00:00,8803.735
2020-08-12 16:00:00,8826.40888888889
2020-08-12 17:00:00,8860.739444444445
2020-08-12 18:00:00,8888.90888888889
2020-08-12 19:00:00,8926.813333333334
2020-08-12 20:00:00,8947.854444444445
2020-08-12 21:00:00,8779.897222222222
2020-08-12 22:00:00,8254.138333333334
2020-08-12 23:00:00,7567.242222222222
2020-08-13 00:00:00,7208.255
2020-08-13 01:00:00,6594.609444444444
2020-08-13 02:00:00,6196.625555555555
2020-08-13 03:00:00,6009.767777777778
2020-08-13 04:00:00,6377.110555555556
2020-08-13 05:00:00,7821.8133333333335
2020-08-13 06:00:00,8664.985555555555
2020-08-13 07:00:00,8906.824444444444
2020-08-13 08:00:00,8938.832222222221
2020-08-13 09:00:00,8885.97
2020-08-13 10:00:00,8850.220555555556
2020-08-13 11:00:00,8815.395555555555
2020-08-13 12:00:00,8774.946666666667
2020-08-13 13:00:00,8764.773888888889
2020-08-13 14:00:00,8774.277777777777
2020-08-13 15:00:00,8786.941111111111
2020-08-13 16:00:00,8813.288888888888
2020-08-13 17:00:00,8847.375555555556
2020-08-13 18:00:00,8873.792222222222
2020-08-13 19:00:00,8899.697777777777
2020-08-13 20:00:00,8891.089444444444
2020-08-13 21:00:00,8567.263888888889
2020-08-13 22:00:00,8368.393333333333
2020-08-13 23:00:00,8007.567777777777
2020-08-14 00:00:00,7636.1322222222225
2020-08-14 01:00:00,7272.514444444444
2020-08-14 02:00:00,6625.675555555556
2020-08-14 03:00:00,6380.29
2020-08-14 04:00:00,6816.8966666666665
2020-08-14 05:00:00,8084.682222222223
2020-08-14 06:00:00,8726.666111111112
2020-08-14 07:00:00,8795.187777777777
2020-08-14 08:00:00,8902.06388888889
2020-08-14 09:00:00,8880.473333333333
2020-08-14 10:00:00,8821.033333333333
2020-08-14 11:00:00,8792.715555555556
2020-08-14 12:00:00,8771.107777777777
2020-08-14 13:00:00,8747.496666666666
2020-08-14 14:00:00,8751.03
2020-08-14 15:00:00,8770.473333333333
2020-08-14 16:00:00,8780.941666666668
2020-08-14 17:00:00,8791.082222222221
2020-08-14 18:00:00,8808.673333333334
2020-08-14 19:00:00,8831.542222222222
2020-08-14 20:00:00,8867.284444444444
2020-08-14 21:00:00,8891.887777777778
2020-08-14 22:00:00,8920.877222222221
2020-08-14 23:00:00,8921.172777777778
2020-08-15 00:00:00,8711.208333333334
2020-08-15 01:00:00,8498.416666666666
2020-08-15 02:00:00,7844.558333333333
2020-08-15 03:00:00,7312.066666666667
2020-08-15 04:00:00,7121.988888888889
2020-08-15 05:00:00,7784.474444444444
2020-08-15 06:00:00,8770.40888888889
2020-08-15 07:00:00,8907.374444444444
2020-08-15 08:00:00,8868.75888888889
2020-08-15 09:00:00,8838.102222222222
2020-08-15 10:00:00,8815.656666666666
2020-08-15 11:00:00,8778.275555555556
2020-08-15 12:00:00,8749.801111111112
2020-08-15 13:00:00,8730.37388888889
2020-08-15 14:00:00,8733.436666666666
2020-08-15 15:00:00,8746.978888888889
2020-08-15 16:00:00,8753.448888888888
2020-08-15 17:00:00,8785.545555555556
2020-08-15 18:00:00,8809.48361111111
2020-08-15 19:00:00,8862.935
2020-08-15 20:00:00,8889.577777777778
2020-08-15 21:00:00,8927.635555555555
2020-08-15 22:00:00,8925.386666666667
2020-08-15 23:00:00,8921.359444444444
2020-08-16 00:00:00,8802.296666666667
2020-08-16 01:00:00,8475.846111111112
2020-08-16 02:00:00,7743.081666666667
2020-08-16 03:00:00,7492.278888888889
2020-08-16 04:00:00,7681.291111111111
2020-08-16 05:00:00,8401.093333333334
2020-08-16 06:00:00,8941.823888888888
2020-08-16 07:00:00,8896.857777777777
2020-08-16 08:00:00,8874.52611111111
2020-08-16 09:00:00,8845.99
2020-08-16 10:00:00,8808.737777777778
2020-08-16 11:00:00,8770.469444444445
2020-08-16 12:00:00,8733.529444444444
2020-08-16 13:00:00,8735.77611111111
2020-08-16 14:00:00,8747.413333333334
2020-08-16 15:00:00,8754.69
2020-08-16 16:00:00,8767.26888888889
2020-08-16 17:00:00,8779.185555555556
2020-08-16 18:00:00,8794.315555555555
2020-08-16 19:00:00,8830.53611111111
2020-08-16 20:00:00,8887.103333333333
2020-08-16 21:00:00,8906.345555555556
2020-08-16 22:00:00,8912.711111111112
2020-08-16 23:00:00,8824.20388888889
2020-08-17 00:00:00,8642.336666666666
2020-08-17 01:00:00,7996.671666666667
2020-08-17 02:00:00,7432.042777777778
2020-08-17 03:00:00,6584.0055555555555
2020-08-17 04:00:00,6662.032222222222
2020-08-17 05:00:00,7016.584444444445
2020-08-17 06:00:00,8711.057777777778
2020-08-17 07:00:00,8912.347777777777
2020-08-17 08:00:00,8866.28
2020-08-17 09:00:00,8824.445
2020-08-17 10:00:00,8793.074444444444
2020-08-17 11:00:00,8761.253333333334
2020-08-17 12:00:00,8733.172222222222
2020-08-17 13:00:00,8720.142222222223
2020-08-17 14:00:00,8727.34111111111
2020-08-17 15:00:00,8730.66111111111
2020-08-17 16:00:00,8742.766666666666
2020-08-17 17:00:00,8764.676111111112
2020-08-17 18:00:00,8778.371111111112
2020-08-17 19:00:00,8808.185
2020-08-17 20:00:00,8844.57
2020-08-17 21:00:00,8869.600555555555
2020-08-17 22:00:00,8887.43
2020-08-17 23:00:00,8896.486666666666
2020-08-18 00:00:00,8911.391111111112
2020-08-18 01:00:00,8905.836666666666
2020-08-18 02:00:00,8719.298888888889
2020-08-18 03:00:00,8572.092777777778
2020-08-18 04:00:00,8586.386666666667
2020-08-18 05:00:00,8650.44
2020-08-18 06:00:00,8919.43
2020-08-18 07:00:00,8916.641111111112
2020-08-18 08:00:00,8915.824444444444
2020-08-18 09:00:00,8916.653333333334
2020-08-18 10:00:00,8901.92888888889
2020-08-18 11:00:00,8901.344444444445
2020-08-18 12:00:00,8893.781111111111
2020-08-18 13:00:00,8892.894444444444
2020-08-18 14:00:00,8884.567777777778
2020-08-18 15:00:00,8892.34888888889
2020-08-18 16:00:00,8894.572222222223
2020-08-18 17:00:00,8910.31
2020-08-18 18:00:00,8920.213333333333
2020-08-18 19:00:00,8929.686666666666
2020-08-18 20:00:00,8945.702222222222
2020-08-18 21:00:00,8795.99
2020-08-18 22:00:00,8596.916111111112
2020-08-18 23:00:00,8493.46
2020-08-19 00:00:00,7930.030555555555
2020-08-19 01:00:00,7610.297777777778
2020-08-19 02:00:00,7672.184444444444
2020-08-19 03:00:00,7872.396111111111
2020-08-19 04:00:00,8087.207777777778
2020-08-19 05:00:00,8325.754444444445
2020-08-19 06:00:00,8671.998333333333
2020-08-19 07:00:00,8888.803333333333
2020-08-19 08:00:00,8927.73
2020-08-19 09:00:00,8906.378888888888
2020-08-19 10:00:00,8890.528888888888
2020-08-19 11:00:00,8870.398888888889
2020-08-19 12:00:00,8852.458888888888
2020-08-19 13:00:00,8834.795555555556
2020-08-19 14:00:00,8825.302777777777
2020-08-19 15:00:00,8830.371111111112
2020-08-19 16:00:00,8837.884444444444
2020-08-19 17:00:00,8851.144444444444
2020-08-19 18:00:00,8881.702222222222
2020-08-19 19:00:00,8899.472222222223
2020-08-19 20:00:00,8934.732222222223
2020-08-19 21:00:00,8938.756666666666
2020-08-19 22:00:00,8798.455
2020-08-19 23:00:00,8623.37
2020-08-20 00:00:00,8051.349444444444
2020-08-20 01:00:00,7366.742222222222
2020-08-20 02:00:00,7457.785
2020-08-20 03:00:00,7568.827777777778
2020-08-20 04:00:00,7993.0
2020-08-20 05:00:00,8298.935
2020-08-20 06:00:00,8750.895
2020-08-20 07:00:00,8868.52
2020-08-20 08:00:00,8906.968888888889
2020-08-20 09:00:00,8870.195555555556
2020-08-20 10:00:00,8825.763333333334
2020-08-20 11:00:00,8803.628888888888
2020-08-20 12:00:00,8775.044444444444
2020-08-20 13:00:00,8755.346111111112
2020-08-20 14:00:00,8766.766666666666
2020-08-20 15:00:00,8780.623333333333
2020-08-20 16:00:00,8782.25
2020-08-20 17:00:00,8792.507777777777
2020-08-20 18:00:00,8799.71611111111
2020-08-20 19:00:00,8821.021666666667
2020-08-20 20:00:00,8851.36
2020-08-20 21:00:00,8877.062222222223
2020-08-20 22:00:00,8918.357777777777
2020-08-20 23:00:00,8935.858888888888
2020-08-21 00:00:00,8948.480555555556
2020-08-21 01:00:00,8924.119444444445
2020-08-21 02:00:00,8680.568888888889
2020-08-21 03:00:00,8759.025555555556
2020-08-21 04:00:00,8680.106666666667
2020-08-21 05:00:00,8837.73
2020-08-21 06:00:00,8913.464444444444
2020-08-21 07:00:00,8888.264444444445
2020-08-21 08:00:00,8821.635
2020-08-21 09:00:00,8796.624444444444
2020-08-21 10:00:00,8775.275555555556
2020-08-21 11:00:00,8749.90888888889
2020-08-21 12:00:00,8728.667777777779
2020-08-21 13:00:00,8746.337291666667
2020-08-21 14:00:00,8780.326666666666
2020-08-21 15:00:00,8795.00888888889
2020-08-21 16:00:00,8798.955555555556
2020-08-21 17:00:00,8825.204444444444
2020-08-21 18:00:00,8845.959444444445
2020-08-21 19:00:00,8866.98111111111
2020-08-21 20:00:00,8897.398888888889
2020-08-21 21:00:00,8917.562222222223
2020-08-21 22:00:00,8937.782777777778
2020-08-21 23:00:00,8946.08888888889
2020-08-22 00:00:00,8946.670555555556
2020-08-22 01:00:00,8924.924444444445
2020-08-22 02:00:00,8943.174444444445
2020-08-22 03:00:00,8968.221111111112
2020-08-22 04:00:00,8950.05
2020-08-22 05:00:00,8814.130555555555
2020-08-22 06:00:00,8959.945555555556
2020-08-22 07:00:00,8957.92111111111
2020-08-22 08:00:00,8934.768333333333
2020-08-22 09:00:00,8935.874444444444
2020-08-22 10:00:00,8895.437777777777
2020-08-22 11:00:00,8897.931111111111
2020-08-22 12:00:00,8890.230555555556
2020-08-22 13:00:00,8846.665
2020-08-22 14:00:00,8839.901666666667
2020-08-22 15:00:00,8840.399444444445
2020-08-22 16:00:00,8853.931666666667
2020-08-22 17:00:00,8884.243333333334
2020-08-22 18:00:00,8903.752222222221
2020-08-22 19:00:00,8929.44611111111
2020-08-22 20:00:00,8954.208888888888
2020-08-22 21:00:00,8894.475
2020-08-22 22:00:00,8658.014444444445
2020-08-22 23:00:00,8640.048888888889
2020-08-23 00:00:00,8532.09111111111
2020-08-23 01:00:00,7997.274444444444
2020-08-23 02:00:00,7802.304444444444
2020-08-23 03:00:00,7439.288888888889
2020-08-23 04:00:00,7814.341666666666
2020-08-23 05:00:00,7717.121666666667
2020-08-23 06:00:00,8374.905555555555
2020-08-23 07:00:00,8666.709444444445
2020-08-23 08:00:00,8854.881666666666
2020-08-23 09:00:00,8922.358888888888
2020-08-23 10:00:00,8906.92111111111
2020-08-23 11:00:00,8917.333888888888
2020-08-23 12:00:00,8897.821666666667
2020-08-23 13:00:00,8870.871666666666
2020-08-23 14:00:00,8879.253333333334
2020-08-23 15:00:00,8904.465555555556
2020-08-23 16:00:00,8917.839444444444
2020-08-23 17:00:00,8953.982777777777
2020-08-23 18:00:00,8701.955
2020-08-23 19:00:00,8452.416666666666
2020-08-23 20:00:00,8048.275555555556
2020-08-23 21:00:00,7515.304444444444
2020-08-23 22:00:00,7371.2138888888885
2020-08-23 23:00:00,6727.711111111111
2020-08-24 00:00:00,6401.325
2020-08-24 01:00:00,6021.564444444444
2020-08-24 02:00:00,5715.057777777778
2020-08-24 03:00:00,6056.624444444445
2020-08-24 04:00:00,5926.17
2020-08-24 05:00:00,6211.892777777778
2020-08-24 06:00:00,6575.328888888889
2020-08-24 07:00:00,7351.696666666667
2020-08-24 08:00:00,7459.441666666667
2020-08-24 09:00:00,8367.475
2020-08-24 10:00:00,8931.26888888889
2020-08-24 11:00:00,8812.932777777778
2020-08-24 12:00:00,8671.945555555556
2020-08-24 13:00:00,8645.53388888889
2020-08-24 14:00:00,8446.315555555555
2020-08-24 15:00:00,8608.787777777778
2020-08-24 16:00:00,7984.958333333333
2020-08-24 17:00:00,7136.4111111111115
2020-08-24 18:00:00,6946.185
2020-08-24 19:00:00,6176.781111111111
2020-08-24 20:00:00,5631.442222222222
2020-08-24 21:00:00,5551.422777777778
2020-08-24 22:00:00,5321.453333333333
2020-08-24 23:00:00,4957.916666666667
2020-08-25 00:00:00,4904.334444444445
2020-08-25 01:00:00,4625.4638888888885
2020-08-25 02:00:00,4588.356111111111
2020-08-25 03:00:00,4815.258888888889
2020-08-25 04:00:00,5112.305555555556
2020-08-25 05:00:00,5835.615555555555
2020-08-25 06:00:00,6675.51
2020-08-25 07:00:00,6699.896111111111
2020-08-25 08:00:00,6644.653333333334
2020-08-25 09:00:00,6616.57
2020-08-25 10:00:00,8121.6033333333335
2020-08-25 11:00:00,8520.532222222222
2020-08-25 12:00:00,8676.618888888888
2020-08-25 13:00:00,8708.529444444444
2020-08-25 14:00:00,8727.470555555556
2020-08-25 15:00:00,8735.172222222222
2020-08-25 16:00:00,8734.915
2020-08-25 17:00:00,8631.16
2020-08-25 18:00:00,8280.65
2020-08-25 19:00:00,8199.689444444444
2020-08-25 20:00:00,8077.332777777778
2020-08-25 21:00:00,7895.317222222222
2020-08-25 22:00:00,7616.442222222222
2020-08-25 23:00:00,7811.331666666667
2020-08-26 00:00:00,7684.738888888889
2020-08-26 01:00:00,7902.487777777777
2020-08-26 02:00:00,7566.481111111111
2020-08-26 03:00:00,7125.856666666667
2020-08-26 04:00:00,7094.208333333333
2020-08-26 05:00:00,7067.663888888889
2020-08-26 06:00:00,7563.584444444445
2020-08-26 07:00:00,7239.212222222222
2020-08-26 08:00:00,7184.416666666667
2020-08-26 09:00:00,7175.722777777778
2020-08-26 10:00:00,7554.437222222222
2020-08-26 11:00:00,7660.547777777778
2020-08-26 12:00:00,7824.7155555555555
2020-08-26 13:00:00,7510.734444444444
2020-08-26 14:00:00,7389.606666666667
2020-08-26 15:00:00,7584.616666666667
2020-08-26 16:00:00,7652.781111111111
2020-08-26 17:00:00,7831.502777777778
2020-08-26 18:00:00,8085.947777777777
2020-08-26 19:00:00,7877.247777777778
2020-08-26 20:00:00,8116.788888888889
2020-08-26 21:00:00,8025.792222222222
2020-08-26 22:00:00,7818.512222222223
2020-08-26 23:00:00,7788.56
2020-08-27 00:00:00,7571.162222222222
2020-08-27 01:00:00,7600.627777777778
2020-08-27 02:00:00,7251.33
2020-08-27 03:00:00,6311.087777777778
2020-08-27 04:00:00,5446.086666666667
2020-08-27 05:00:00,5433.1033333333335
2020-08-27 06:00:00,5642.932777777778
2020-08-27 07:00:00,6237.23
2020-08-27 08:00:00,6552.2172222222225
2020-08-27 09:00:00,6641.296111111111
2020-08-27 10:00:00,7128.567777777777
2020-08-27 11:00:00,7726.3133333333335
2020-08-27 12:00:00,7878.572222222222
2020-08-27 13:00:00,7872.235555555556
2020-08-27 14:00:00,7736.895
2020-08-27 15:00:00,8273.454444444444
2020-08-27 16:00:00,8275.292777777779
2020-08-27 17:00:00,8097.029444444444
2020-08-27 18:00:00,7452.281666666667
2020-08-27 19:00:00,6938.435555555556
2020-08-27 20:00:00,5997.0038888888885
2020-08-27 21:00:00,5634.808888888889
2020-08-27 22:00:00,5506.099444444444
2020-08-27 23:00:00,5164.122222222222
2020-08-28 00:00:00,4544.7125
2020-08-28 01:00:00,4651.772222222222
2020-08-28 02:00:00,4600.3375
2020-08-28 03:00:00,4672.666111111111
2020-08-28 04:00:00,5199.169444444445
2020-08-28 05:00:00,5134.757777777778
2020-08-28 06:00:00,5100.463333333333
2020-08-28 07:00:00,6036.107777777778
2020-08-28 08:00:00,6628.518888888889
2020-08-28 09:00:00,7295.498333333333
2020-08-28 10:00:00,8019.197777777777
2020-08-28 11:00:00,7903.168333333333
2020-08-28 12:00:00,8035.184444444444
2020-08-28 13:00:00,7911.096666666666
2020-08-28 14:00:00,8423.943333333333
2020-08-28 15:00:00,8424.121666666666
2020-08-28 16:00:00,8488.37388888889
2020-08-28 17:00:00,8567.274444444445
2020-08-28 18:00:00,8383.165555555555
2020-08-28 19:00:00,8204.32
2020-08-28 20:00:00,7781.715
2020-08-28 21:00:00,7221.825555555555
2020-08-28 22:00:00,6615.8422222222225
2020-08-28 23:00:00,6454.865555555555
2020-08-29 00:00:00,6595.986666666667
2020-08-29 01:00:00,6296.422222222222
2020-08-29 02:00:00,6049.6322222222225
2020-08-29 03:00:00,5108.028333333334
2020-08-29 04:00:00,5438.7844444444445
2020-08-29 05:00:00,5315.253333333333
2020-08-29 06:00:00,6583.343333333333
2020-08-29 07:00:00,7269.077777777778
2020-08-29 08:00:00,7862.571111111111
2020-08-29 09:00:00,7987.607222222222
2020-08-29 10:00:00,8358.497777777779
2020-08-29 11:00:00,8605.729444444445
2020-08-29 12:00:00,8590.570555555556
2020-08-29 13:00:00,8584.516111111112
2020-08-29 14:00:00,8609.363888888889
2020-08-29 15:00:00,8628.034444444444
2020-08-29 16:00:00,8664.344444444445
2020-08-29 17:00:00,8669.784444444444
2020-08-29 18:00:00,8461.594444444445
2020-08-29 19:00:00,7754.018888888889
2020-08-29 20:00:00,6871.603888888889
2020-08-29 21:00:00,5957.466666666666
2020-08-29 22:00:00,5565.347777777778
2020-08-29 23:00:00,5167.692222222222
2020-08-30 00:00:00,4861.807222222223
2020-08-30 01:00:00,4727.908333333334
2020-08-30 02:00:00,4448.5175
2020-08-30 03:00:00,4209.081111111111
2020-08-30 04:00:00,4168.265555555556
2020-08-30 05:00:00,4622.169444444445
2020-08-30 06:00:00,6121.156666666667
2020-08-30 07:00:00,7945.062222222222
2020-08-30 08:00:00,8180.264444444444
2020-08-30 09:00:00,8271.31111111111
2020-08-30 10:00:00,8662.763333333334
2020-08-30 11:00:00,8646.083333333334
2020-08-30 12:00:00,8635.894444444444
2020-08-30 13:00:00,8634.254444444445
2020-08-30 14:00:00,8634.718333333334
2020-08-30 15:00:00,8643.27
2020-08-30 16:00:00,8669.33111111111
2020-08-30 17:00:00,8675.951666666666
2020-08-30 18:00:00,8650.783333333333
2020-08-30 19:00:00,8355.285555555556
2020-08-30 20:00:00,8119.782222222222
2020-08-30 21:00:00,7446.6883333333335
2020-08-30 22:00:00,7183.653333333334
2020-08-30 23:00:00,6969.591666666666
2020-08-31 00:00:00,6795.566666666667
2020-08-31 01:00:00,6369.133333333333
2020-08-31 02:00:00,6053.395555555556
2020-08-31 03:00:00,6133.04
2020-08-31 04:00:00,6099.095
2020-08-31 05:00:00,6099.087777777778
2020-08-31 06:00:00,7480.403888888889
2020-08-31 07:00:00,8260.261111111111
2020-08-31 08:00:00,8148.072222222222
2020-08-31 09:00:00,8114.278888888889
2020-08-31 10:00:00,8527.119444444445
2020-08-31 11:00:00,8707.854444444445
2020-08-31 12:00:00,8698.214444444444
2020-08-31 13:00:00,8689.346666666666
2020-08-31 14:00:00,8694.352222222222
2020-08-31 15:00:00,8706.652222222223
2020-08-31 16:00:00,8713.868888888888
2020-08-31 17:00:00,8716.161666666667
2020-08-31 18:00:00,8103.578888888889
2020-08-31 19:00:00,6373.663333333333
2020-08-31 20:00:00,5271.3788888888885
2020-08-31 21:00:00,4828.344444444445
2020-08-31 22:00:00,4242.879722222222
2020-08-31 23:00:00,3971.6755555555555
2020-09-01 00:00:00,3718.426388888889
2020-09-01 01:00:00,3572.0980555555557
2020-09-01 02:00:00,3337.5783333333334
2020-09-01 03:00:00,3116.045
2020-09-01 04:00:00,3139.3194444444443
2020-09-01 05:00:00,3580.9394444444442
2020-09-01 06:00:00,4460.478611111111
2020-09-01 07:00:00,6035.91
2020-09-01 08:00:00,6313.135
2020-09-01 09:00:00,7637.851111111111
2020-09-01 10:00:00,8740.912777777778
2020-09-01 11:00:00,8724.89
2020-09-01 12:00:00,8701.652222222223
2020-09-01 13:00:00,8695.705
2020-09-01 14:00:00,8697.815
2020-09-01 15:00:00,8701.882222222222
2020-09-01 16:00:00,8690.58
2020-09-01 17:00:00,8461.105
2020-09-01 18:00:00,7976.446111111111
2020-09-01 19:00:00,6925.99
2020-09-01 20:00:00,6197.441111111111
2020-09-01 21:00:00,6151.501111111111
2020-09-01 22:00:00,5970.055555555556
2020-09-01 23:00:00,6034.59
2020-09-02 00:00:00,5636.458888888889
2020-09-02 01:00:00,5578.16
2020-09-02 02:00:00,5452.987777777777
2020-09-02 03:00:00,5205.828333333333
2020-09-02 04:00:00,5218.223333333333
2020-09-02 05:00:00,5196.089444444445
2020-09-02 06:00:00,5698.481666666667
2020-09-02 07:00:00,6181.566666666667
2020-09-02 08:00:00,6814.764444444444
2020-09-02 09:00:00,7225.478888888889
2020-09-02 10:00:00,8069.902222222222
2020-09-02 11:00:00,8070.05
2020-09-02 12:00:00,8253.33
2020-09-02 13:00:00,8342.612222222222
2020-09-02 14:00:00,8386.881666666666
2020-09-02 15:00:00,8477.562222222223
2020-09-02 16:00:00,8411.47
2020-09-02 17:00:00,8380.887777777778
2020-09-02 18:00:00,7647.8533333333335
2020-09-02 19:00:00,7017.417777777778
2020-09-02 20:00:00,6674.2
2020-09-02 21:00:00,6602.058888888889
2020-09-02 22:00:00,6355.111111111111
2020-09-02 23:00:00,5689.614444444444
2020-09-03 00:00:00,5374.4
2020-09-03 01:00:00,5099.902222222222
2020-09-03 02:00:00,4855.154444444444
2020-09-03 03:00:00,4459.940555555556
2020-09-03 04:00:00,4605.041666666667
2020-09-03 05:00:00,4878.471111111111
2020-09-03 06:00:00,5514.536666666667
2020-09-03 07:00:00,7255.762222222223
2020-09-03 08:00:00,7601.913333333333
2020-09-03 09:00:00,7632.001111111111
2020-09-03 10:00:00,8037.6
2020-09-03 11:00:00,8653.245
2020-09-03 12:00:00,8744.004444444445
2020-09-03 13:00:00,8750.589444444444
2020-09-03 14:00:00,8765.29
2020-09-03 15:00:00,8779.178333333333
2020-09-03 16:00:00,8777.739444444445
2020-09-03 17:00:00,8781.711666666666
2020-09-03 18:00:00,8392.607777777777
2020-09-03 19:00:00,8334.371111111112
2020-09-03 20:00:00,8076.346111111111
2020-09-03 21:00:00,7736.05
2020-09-03 22:00:00,7322.930555555556
2020-09-03 23:00:00,7509.012777777778
2020-09-04 00:00:00,7618.504444444445
2020-09-04 01:00:00,7549.6288888888885
2020-09-04 02:00:00,7783.64
2020-09-04 03:00:00,7906.154444444444
2020-09-04 04:00:00,8058.545
2020-09-04 05:00:00,7891.057777777778
2020-09-04 06:00:00,8209.430555555555
2020-09-04 07:00:00,8306.443888888889
2020-09-04 08:00:00,8416.592222222222
2020-09-04 09:00:00,8428.957222222221
2020-09-04 10:00:00,8517.667222222222
2020-09-04 11:00:00,8754.612222222222
2020-09-04 12:00:00,8753.18
2020-09-04 13:00:00,8742.482222222223
2020-09-04 14:00:00,8744.850555555555
2020-09-04 15:00:00,8757.076666666666
2020-09-04 16:00:00,8786.097222222223
2020-09-04 17:00:00,8795.745555555555
2020-09-04 18:00:00,8805.094444444445
2020-09-04 19:00:00,8543.65888888889
2020-09-04 20:00:00,8553.883333333333
2020-09-04 21:00:00,8474.61611111111
2020-09-04 22:00:00,8461.487777777778
2020-09-04 23:00:00,8042.4655555555555
2020-09-05 00:00:00,7018.316111111111
2020-09-05 01:00:00,6169.571111111111
2020-09-05 02:00:00,6476.421111111111
2020-09-05 03:00:00,6821.502222222222
2020-09-05 04:00:00,7322.45
2020-09-05 05:00:00,7213.483888888889
2020-09-05 06:00:00,7363.037777777778
2020-09-05 07:00:00,7234.250555555555
2020-09-05 08:00:00,7652.985555555556
2020-09-05 09:00:00,7313.109444444444
2020-09-05 10:00:00,7138.185
2020-09-05 11:00:00,7227.921111111111
2020-09-05 12:00:00,8166.655555555555
2020-09-05 13:00:00,8399.871111111112
2020-09-05 14:00:00,8165.361111111111
2020-09-05 15:00:00,8366.143333333333
2020-09-05 16:00:00,8260.628888888888
2020-09-05 17:00:00,7777.184444444444
2020-09-05 18:00:00,6945.676111111111
2020-09-05 19:00:00,5788.136666666666
2020-09-05 20:00:00,5577.973888888889
2020-09-05 21:00:00,5367.415555555555
2020-09-05 22:00:00,5214.797222222222
2020-09-05 23:00:00,5024.988888888889
2020-09-06 00:00:00,5113.268888888889
2020-09-06 01:00:00,4696.478888888889
2020-09-06 02:00:00,4313.2538888888885
2020-09-06 03:00:00,3945.0061111111113
2020-09-06 04:00:00,4223.418888888889
2020-09-06 05:00:00,4383.5216666666665
2020-09-06 06:00:00,4239.166944444444
2020-09-06 07:00:00,4858.746666666667
2020-09-06 08:00:00,5316.4238888888885
2020-09-06 09:00:00,6616.791111111111
2020-09-06 10:00:00,7994.575555555555
2020-09-06 11:00:00,8404.425555555556
2020-09-06 12:00:00,8256.480555555556
2020-09-06 13:00:00,7253.67
2020-09-06 14:00:00,7509.198888888889
2020-09-06 15:00:00,8204.596666666666
2020-09-06 16:00:00,8062.5922222222225
2020-09-06 17:00:00,7293.782222222222
2020-09-06 18:00:00,5576.852777777778
2020-09-06 19:00:00,4982.103888888889
2020-09-06 20:00:00,4194.412222222222
2020-09-06 21:00:00,3865.043888888889
2020-09-06 22:00:00,3745.581111111111
2020-09-06 23:00:00,3619.6194444444445
2020-09-07 00:00:00,3698.7055555555557
2020-09-07 01:00:00,3864.6472222222224
2020-09-07 02:00:00,4016.5591666666664
2020-09-07 03:00:00,4244.801944444444
2020-09-07 04:00:00,4057.2966666666666
2020-09-07 05:00:00,4404.824444444444
2020-09-07 06:00:00,4709.524444444444
2020-09-07 07:00:00,5797.897777777778
2020-09-07 08:00:00,6741.13
2020-09-07 09:00:00,6944.641111111111
2020-09-07 10:00:00,7394.188888888889
2020-09-07 11:00:00,8361.622777777779
2020-09-07 12:00:00,8427.804444444444
2020-09-07 13:00:00,8572.636666666667
2020-09-07 14:00:00,8612.214444444444
2020-09-07 15:00:00,8443.422222222222
2020-09-07 16:00:00,8445.951666666666
2020-09-07 17:00:00,7966.4366666666665
2020-09-07 18:00:00,6685.210555555555
2020-09-07 19:00:00,5685.108888888889
2020-09-07 20:00:00,5218.115555555555
2020-09-07 21:00:00,5275.200694444445
2020-09-07 22:00:00,5379.250555555555
2020-09-07 23:00:00,5555.731666666667
2020-09-08 00:00:00,5474.145555555556
2020-09-08 01:00:00,5376.7733333333335
2020-09-08 02:00:00,5306.8711111111115
2020-09-08 03:00:00,5153.631666666667
2020-09-08 04:00:00,5782.471111111111
2020-09-08 05:00:00,5693.834444444445
2020-09-08 06:00:00,5983.946666666667
2020-09-08 07:00:00,7125.188888888889
2020-09-08 08:00:00,7858.223333333333
2020-09-08 09:00:00,8364.021111111111
2020-09-08 10:00:00,8514.21
2020-09-08 11:00:00,8545.707777777778
2020-09-08 12:00:00,8563.926666666666
2020-09-08 13:00:00,8746.74111111111
2020-09-08 14:00:00,8804.46611111111
2020-09-08 15:00:00,8815.063333333334
2020-09-08 16:00:00,8822.251666666667
2020-09-08 17:00:00,8853.657222222222
2020-09-08 18:00:00,8654.83
2020-09-08 19:00:00,8452.677777777777
2020-09-08 20:00:00,8472.233333333334
2020-09-08 21:00:00,8505.49111111111
2020-09-08 22:00:00,8482.510555555555
2020-09-08 23:00:00,8485.013888888889
2020-09-09 00:00:00,8134.963333333333
2020-09-09 01:00:00,8169.148888888889
2020-09-09 02:00:00,8266.797777777778
2020-09-09 03:00:00,8197.006666666666
2020-09-09 04:00:00,8155.762777777778
2020-09-09 05:00:00,8040.111111111111
2020-09-09 06:00:00,8391.911666666667
2020-09-09 07:00:00,8474.065
2020-09-09 08:00:00,8485.650555555556
2020-09-09 09:00:00,8523.735555555555
2020-09-09 10:00:00,8688.603888888889
2020-09-09 11:00:00,8758.817222222222
2020-09-09 12:00:00,8723.741666666667
2020-09-09 13:00:00,8720.271111111111
2020-09-09 14:00:00,8755.923333333334
2020-09-09 15:00:00,8767.112222222222
2020-09-09 16:00:00,8781.673888888889
2020-09-09 17:00:00,8777.461111111112
2020-09-09 18:00:00,8812.26888888889
2020-09-09 19:00:00,8720.333333333334
2020-09-09 20:00:00,8276.491666666667
2020-09-09 21:00:00,6922.63
2020-09-09 22:00:00,5841.582222222222
2020-09-09 23:00:00,5414.245
2020-09-10 00:00:00,5007.799444444445
2020-09-10 01:00:00,4817.749444444445
2020-09-10 02:00:00,4552.624444444445
2020-09-10 03:00:00,4360.675
2020-09-10 04:00:00,4771.241111111111
2020-09-10 05:00:00,4651.752777777778
2020-09-10 06:00:00,4752.893333333333
2020-09-10 07:00:00,5320.57
2020-09-10 08:00:00,6224.666666666667
2020-09-10 09:00:00,6506.413333333333
2020-09-10 10:00:00,7126.068888888889
2020-09-10 11:00:00,7986.54
2020-09-10 12:00:00,8126.11
2020-09-10 13:00:00,8452.55
2020-09-10 14:00:00,8608.385555555555
2020-09-10 15:00:00,8461.398888888889
2020-09-10 16:00:00,8224.652222222223
2020-09-10 17:00:00,7324.408333333334
2020-09-10 18:00:00,5636.88
2020-09-10 19:00:00,4573.294444444445
2020-09-10 20:00:00,4140.2011111111115
2020-09-10 21:00:00,4273.6275
2020-09-10 22:00:00,4355.632777777778
2020-09-10 23:00:00,4373.936111111111
2020-09-11 00:00:00,4306.237222222222
2020-09-11 01:00:00,4440.522777777778
2020-09-11 02:00:00,4221.06
2020-09-11 03:00:00,4438.095555555556
2020-09-11 04:00:00,4543.189166666667
2020-09-11 05:00:00,4838.935555555556
2020-09-11 06:00:00,5137.942222222222
2020-09-11 07:00:00,5904.65
2020-09-11 08:00:00,6525.763888888889
2020-09-11 09:00:00,7618.49
2020-09-11 10:00:00,8320.083333333334
2020-09-11 11:00:00,8510.306111111111
2020-09-11 12:00:00,8685.514444444445
2020-09-11 13:00:00,8804.075
2020-09-11 14:00:00,8815.684444444445
2020-09-11 15:00:00,8820.756666666666
2020-09-11 16:00:00,8812.15
2020-09-11 17:00:00,8482.87
2020-09-11 18:00:00,7812.221111111111
2020-09-11 19:00:00,6487.363888888889
2020-09-11 20:00:00,5354.251111111111
2020-09-11 21:00:00,4924.861111111111
2020-09-11 22:00:00,4634.830555555555
2020-09-11 23:00:00,4268.2575
2020-09-12 00:00:00,3905.726388888889
2020-09-12 01:00:00,3635.768888888889
2020-09-12 02:00:00,3590.89
2020-09-12 03:00:00,3583.325
2020-09-12 04:00:00,3533.9019444444443
2020-09-12 05:00:00,3779.8033333333333
2020-09-12 06:00:00,4606.923611111111
2020-09-12 07:00:00,5364.077777777778
2020-09-12 08:00:00,6956.764444444444
2020-09-12 09:00:00,8479.76888888889
2020-09-12 10:00:00,8754.053333333333
2020-09-12 11:00:00,8706.7
2020-09-12 12:00:00,8703.016111111112
2020-09-12 13:00:00,8703.366666666667
2020-09-12 14:00:00,8732.963333333333
2020-09-12 15:00:00,8764.557777777778
2020-09-12 16:00:00,8799.353333333333
2020-09-12 17:00:00,8703.222777777777
2020-09-12 18:00:00,8543.74111111111
2020-09-12 19:00:00,8310.74111111111
2020-09-12 20:00:00,7708.401666666667
2020-09-12 21:00:00,6998.014444444444
2020-09-12 22:00:00,6130.683888888889
2020-09-12 23:00:00,5790.1
2020-09-13 00:00:00,5481.3822222222225
2020-09-13 01:00:00,5317.864444444444
2020-09-13 02:00:00,4880.071666666667
2020-09-13 03:00:00,4774.990555555555
2020-09-13 04:00:00,4934.21
2020-09-13 05:00:00,5101.08
2020-09-13 06:00:00,5594.42
2020-09-13 07:00:00,6104.9655555555555
2020-09-13 08:00:00,6694.452777777778
2020-09-13 09:00:00,7814.873333333333
2020-09-13 10:00:00,8630.935555555556
2020-09-13 11:00:00,8784.813333333334
2020-09-13 12:00:00,8753.088333333333
2020-09-13 13:00:00,8756.111111111111
2020-09-13 14:00:00,8775.948888888888
2020-09-13 15:00:00,8783.618333333334
2020-09-13 16:00:00,8803.221944444444
2020-09-13 17:00:00,8840.354444444445
2020-09-13 18:00:00,8845.018333333333
2020-09-13 19:00:00,8762.615555555556
2020-09-13 20:00:00,8585.737222222222
2020-09-13 21:00:00,8505.728888888889
2020-09-13 22:00:00,8317.358888888888
2020-09-13 23:00:00,8169.912222222222
2020-09-14 00:00:00,7919.247777777778
2020-09-14 01:00:00,7402.612222222222
2020-09-14 02:00:00,7046.834444444445
2020-09-14 03:00:00,6831.640555555556
2020-09-14 04:00:00,6437.413888888889
2020-09-14 05:00:00,6845.823888888889
2020-09-14 06:00:00,7730.948888888889
2020-09-14 07:00:00,8443.221111111112
2020-09-14 08:00:00,8895.408333333333
2020-09-14 09:00:00,8939.171666666667
2020-09-14 10:00:00,8899.719444444445
2020-09-14 11:00:00,8877.09111111111
2020-09-14 12:00:00,8844.379444444445
2020-09-14 13:00:00,8821.707777777778
2020-09-14 14:00:00,8820.767777777777
2020-09-14 15:00:00,8831.691111111111
2020-09-14 16:00:00,8849.653888888888
2020-09-14 17:00:00,8892.857777777777
2020-09-14 18:00:00,8914.691111111111
2020-09-14 19:00:00,8937.470555555556
2020-09-14 20:00:00,8977.804444444444
2020-09-14 21:00:00,8800.567222222222
2020-09-14 22:00:00,8603.458888888888
2020-09-14 23:00:00,8318.473333333333
2020-09-15 00:00:00,8079.353888888889
2020-09-15 01:00:00,7575.152222222222
2020-09-15 02:00:00,7320.210555555555
2020-09-15 03:00:00,7121.173333333333
2020-09-15 04:00:00,7326.516666666666
2020-09-15 05:00:00,7236.988888888889
2020-09-15 06:00:00,8380.222222222223
2020-09-15 07:00:00,8969.057222222222
2020-09-15 08:00:00,9008.60611111111
2020-09-15 09:00:00,8954.764444444445
2020-09-15 10:00:00,8896.955555555556
2020-09-15 11:00:00,8853.503888888888
2020-09-15 12:00:00,8811.16888888889
2020-09-15 13:00:00,8781.461666666666
2020-09-15 14:00:00,8788.242777777778
2020-09-15 15:00:00,8805.047777777778
2020-09-15 16:00:00,8828.345555555556
2020-09-15 17:00:00,8861.172222222222
2020-09-15 18:00:00,8879.68888888889
2020-09-15 19:00:00,8905.181666666667
2020-09-15 20:00:00,8934.894444444444
2020-09-15 21:00:00,8960.92888888889
2020-09-15 22:00:00,8989.763888888889
2020-09-15 23:00:00,9000.826666666666
2020-09-16 00:00:00,8771.177777777777
2020-09-16 01:00:00,8705.863333333333
2020-09-16 02:00:00,8650.791111111112
2020-09-16 03:00:00,8386.717777777778
2020-09-16 04:00:00,8291.62388888889
2020-09-16 05:00:00,8203.374444444444
2020-09-16 06:00:00,8642.145
2020-09-16 07:00:00,8886.50888888889
2020-09-16 08:00:00,8973.871111111112
2020-09-16 09:00:00,8935.015555555556
2020-09-16 10:00:00,8885.832222222221
2020-09-16 11:00:00,8846.338333333333
2020-09-16 12:00:00,8830.272777777778
2020-09-16 13:00:00,8829.933333333332
2020-09-16 14:00:00,8866.447222222223
2020-09-16 15:00:00,8893.104444444445
2020-09-16 16:00:00,8933.609444444444
2020-09-16 17:00:00,8981.08
2020-09-16 18:00:00,8980.766111111112
2020-09-16 19:00:00,8351.572222222223
2020-09-16 20:00:00,7722.566666666667
2020-09-16 21:00:00,7000.400555555556
2020-09-16 22:00:00,6266.7555555555555
2020-09-16 23:00:00,5770.153888888889
2020-09-17 00:00:00,5064.793333333333
2020-09-17 01:00:00,4778.722777777778
2020-09-17 02:00:00,4119.905
2020-09-17 03:00:00,3718.491666666667
2020-09-17 04:00:00,3921.0
2020-09-17 05:00:00,3824.018611111111
2020-09-17 06:00:00,3795.428888888889
2020-09-17 07:00:00,4891.536666666667
2020-09-17 08:00:00,6412.72
2020-09-17 09:00:00,7288.426666666666
2020-09-17 10:00:00,8168.254444444445
2020-09-17 11:00:00,8299.611666666666
2020-09-17 12:00:00,8426.964444444444
2020-09-17 13:00:00,8668.810555555556
2020-09-17 14:00:00,8690.938333333334
2020-09-17 15:00:00,8633.784444444444
2020-09-17 16:00:00,7446.237777777777
2020-09-17 17:00:00,5400.613333333334
2020-09-17 18:00:00,4710.357222222222
2020-09-17 19:00:00,3873.706388888889
2020-09-17 20:00:00,3081.2266666666665
2020-09-17 21:00:00,2915.123888888889
2020-09-17 22:00:00,2909.4744444444445
2020-09-17 23:00:00,2860.016666666667
2020-09-18 00:00:00,2676.7255555555557
2020-09-18 01:00:00,2566.469722222222
2020-09-18 02:00:00,2388.3355555555554
2020-09-18 03:00:00,2311.7341666666666
2020-09-18 04:00:00,2316.4979166666667
2020-09-18 05:00:00,2652.041111111111
2020-09-18 06:00:00,2896.995
2020-09-18 07:00:00,3889.516111111111
2020-09-18 08:00:00,5328.258888888889
2020-09-18 09:00:00,6233.137777777778
2020-09-18 10:00:00,7064.76
2020-09-18 11:00:00,8507.222777777777
2020-09-18 12:00:00,8702.637777777778
2020-09-18 13:00:00,8796.58888888889
2020-09-18 14:00:00,8806.309444444445
2020-09-18 15:00:00,8804.532222222222
2020-09-18 16:00:00,8752.17
2020-09-18 17:00:00,7668.148888888889
2020-09-18 18:00:00,5923.017222222222
2020-09-18 19:00:00,4945.708333333333
2020-09-18 20:00:00,3896.995
2020-09-18 21:00:00,3637.6744444444444
2020-09-18 22:00:00,3435.587777777778
2020-09-18 23:00:00,3153.4738888888887
2020-09-19 00:00:00,2997.6872222222223
2020-09-19 01:00:00,2743.5591666666664
2020-09-19 02:00:00,2670.9955555555557
2020-09-19 03:00:00,2665.085
2020-09-19 04:00:00,2660.3855555555556
2020-09-19 05:00:00,2578.4730555555557
2020-09-19 06:00:00,2934.866666666667
2020-09-19 07:00:00,3915.213333333333
2020-09-19 08:00:00,5487.629444444445
2020-09-19 09:00:00,5656.01
2020-09-19 10:00:00,7875.23
2020-09-19 11:00:00,8810.28638888889
2020-09-19 12:00:00,8786.086666666666
2020-09-19 13:00:00,8780.63388888889
2020-09-19 14:00:00,8783.304444444444
2020-09-19 15:00:00,8765.589444444444
2020-09-19 16:00:00,8306.925
2020-09-19 17:00:00,7145.698333333334
2020-09-19 18:00:00,5902.786666666667
2020-09-19 19:00:00,5152.065
2020-09-19 20:00:00,4123.245
2020-09-19 21:00:00,3646.1005555555557
2020-09-19 22:00:00,3523.8997222222224
2020-09-19 23:00:00,3750.4908333333333
2020-09-20 00:00:00,3815.278333333333
2020-09-20 01:00:00,3504.6833333333334
2020-09-20 02:00:00,3281.878888888889
2020-09-20 03:00:00,3322.6983333333333
2020-09-20 04:00:00,3298.916388888889
2020-09-20 05:00:00,3153.8172222222224
2020-09-20 06:00:00,3136.7361111111113
2020-09-20 07:00:00,4516.53
2020-09-20 08:00:00,5635.568888888889
2020-09-20 09:00:00,6559.5344444444445
2020-09-20 10:00:00,7867.537777777778
2020-09-20 11:00:00,8777.473333333333
2020-09-20 12:00:00,8750.755555555555
2020-09-20 13:00:00,8738.493888888888
2020-09-20 14:00:00,8740.227222222222
2020-09-20 15:00:00,8745.448333333334
2020-09-20 16:00:00,8752.125
2020-09-20 17:00:00,8545.771666666667
2020-09-20 18:00:00,7436.462222222222
2020-09-20 19:00:00,6106.03
2020-09-20 20:00:00,5045.986666666667
2020-09-20 21:00:00,4724.979444444444
2020-09-20 22:00:00,4288.2275
2020-09-20 23:00:00,3739.3913888888887
2020-09-21 00:00:00,3540.369166666667
2020-09-21 01:00:00,3234.0788888888887
2020-09-21 02:00:00,2903.8944444444446
2020-09-21 03:00:00,3032.9125
2020-09-21 04:00:00,3448.3816666666667
2020-09-21 05:00:00,3673.722777777778
2020-09-21 06:00:00,3371.696388888889
2020-09-21 07:00:00,4154.727222222222
2020-09-21 08:00:00,5987.8422222222225
2020-09-21 09:00:00,7439.045555555555
2020-09-21 10:00:00,7830.04
2020-09-21 11:00:00,8475.530555555555
2020-09-21 12:00:00,8729.085555555555
2020-09-21 13:00:00,8712.25111111111
2020-09-21 14:00:00,8714.972222222223
2020-09-21 15:00:00,8719.977777777778
2020-09-21 16:00:00,8725.364444444445
2020-09-21 17:00:00,8731.603333333333
2020-09-21 18:00:00,8180.359444444444
2020-09-21 19:00:00,7047.6866666666665
2020-09-21 20:00:00,5599.75
2020-09-21 21:00:00,5020.828888888889
2020-09-21 22:00:00,4791.140555555556
2020-09-21 23:00:00,4513.737222222222
2020-09-22 00:00:00,4422.872222222222
2020-09-22 01:00:00,4107.072222222222
2020-09-22 02:00:00,4156.894722222222
2020-09-22 03:00:00,3987.733333333333
2020-09-22 04:00:00,4053.8330555555553
2020-09-22 05:00:00,4266.6466666666665
2020-09-22 06:00:00,4118.587222222222
2020-09-22 07:00:00,5826.642777777778
2020-09-22 08:00:00,7539.927777777778
2020-09-22 09:00:00,8526.308333333332
2020-09-22 10:00:00,8703.18888888889
2020-09-22 11:00:00,8662.24
2020-09-22 12:00:00,8625.892777777777
2020-09-22 13:00:00,8613.306666666667
2020-09-22 14:00:00,8621.881111111112
2020-09-22 15:00:00,8633.616666666667
2020-09-22 16:00:00,8649.92111111111
2020-09-22 17:00:00,8672.646666666667
2020-09-22 18:00:00,8671.25888888889
2020-09-22 19:00:00,8488.697777777777
2020-09-22 20:00:00,8241.491666666667
2020-09-22 21:00:00,7823.91
2020-09-22 22:00:00,7494.88
2020-09-22 23:00:00,6736.4366666666665
2020-09-23 00:00:00,5982.651666666667
2020-09-23 01:00:00,5648.745555555555
2020-09-23 02:00:00,5380.428888888889
2020-09-23 03:00:00,5092.3677777777775
2020-09-23 04:00:00,5034.3405555555555
2020-09-23 05:00:00,4936.267222222222
2020-09-23 06:00:00,5344.312777777778
2020-09-23 07:00:00,7156.742222222222
2020-09-23 08:00:00,8113.551111111111
2020-09-23 09:00:00,8347.971111111112
2020-09-23 10:00:00,8634.583333333334
2020-09-23 11:00:00,8613.859444444444
2020-09-23 12:00:00,8598.82111111111
2020-09-23 13:00:00,8601.006111111112
2020-09-23 14:00:00,8595.808333333332
2020-09-23 15:00:00,8613.673888888889
2020-09-23 16:00:00,8627.91888888889
2020-09-23 17:00:00,8662.521111111111
2020-09-23 18:00:00,8626.783333333333
2020-09-23 19:00:00,8242.915555555555
2020-09-23 20:00:00,7463.727222222222
2020-09-23 21:00:00,7002.985555555556
2020-09-23 22:00:00,6908.704444444445
2020-09-23 23:00:00,6811.652222222222
2020-09-24 00:00:00,6869.977777777778
2020-09-24 01:00:00,6931.796666666667
2020-09-24 02:00:00,6852.915
2020-09-24 03:00:00,6808.9238888888885
2020-09-24 04:00:00,7263.504444444445
2020-09-24 05:00:00,6964.608888888889
2020-09-24 06:00:00,8037.052222222223
2020-09-24 07:00:00,8312.550555555556
2020-09-24 08:00:00,8611.437222222223
2020-09-24 09:00:00,8618.97
2020-09-24 10:00:00,8620.439444444444
2020-09-24 11:00:00,8623.694444444445
2020-09-24 12:00:00,8621.15111111111
2020-09-24 13:00:00,8624.526666666667
2020-09-24 14:00:00,8654.505555555555
2020-09-24 15:00:00,8685.548333333334
2020-09-24 16:00:00,8661.37
2020-09-24 17:00:00,8066.738888888889
2020-09-24 18:00:00,6645.258888888889
2020-09-24 19:00:00,5557.307777777778
2020-09-24 20:00:00,4841.311111111111
2020-09-24 21:00:00,4693.638888888889
2020-09-24 22:00:00,4451.265555555556
2020-09-24 23:00:00,4053.4675
2020-09-25 00:00:00,4146.857777777778
2020-09-25 01:00:00,4269.602777777778
2020-09-25 02:00:00,4537.699444444444
2020-09-25 03:00:00,5124.677777777778
2020-09-25 04:00:00,6102.790555555555
2020-09-25 05:00:00,5836.0922222222225
2020-09-25 06:00:00,5506.343055555555
2020-09-25 07:00:00,5761.29
2020-09-25 08:00:00,6104.2444444444445
2020-09-25 09:00:00,6475.112222222222
2020-09-25 10:00:00,7076.256666666667
2020-09-25 11:00:00,7487.925555555556
2020-09-25 12:00:00,7196.947777777777
2020-09-25 13:00:00,6720.700555555555
2020-09-25 14:00:00,6412.365555555555
2020-09-25 15:00:00,6138.495
2020-09-25 16:00:00,5785.151111111111
2020-09-25 17:00:00,5105.083333333333
2020-09-25 18:00:00,4760.289444444445
2020-09-25 19:00:00,4742.2844444444445
2020-09-25 20:00:00,3944.1569444444444
2020-09-25 21:00:00,3707.1544444444444
2020-09-25 22:00:00,3534.8794444444443
2020-09-25 23:00:00,3382.4055555555556
2020-09-26 00:00:00,3169.7683333333334
2020-09-26 01:00:00,3090.0933333333332
2020-09-26 02:00:00,3126.6477777777777
2020-09-26 03:00:00,3058.8344444444447
2020-09-26 04:00:00,3534.346111111111
2020-09-26 05:00:00,3673.6583333333333
2020-09-26 06:00:00,3406.7161111111113
2020-09-26 07:00:00,3886.775277777778
2020-09-26 08:00:00,4578.969444444445
2020-09-26 09:00:00,5708.785555555555
2020-09-26 10:00:00,5966.815555555556
2020-09-26 11:00:00,5625.167777777778
2020-09-26 12:00:00,5538.211111111111
2020-09-26 13:00:00,5420.656666666667
2020-09-26 14:00:00,5631.984444444444
2020-09-26 15:00:00,5968.82
2020-09-26 16:00:00,6624.871666666667
2020-09-26 17:00:00,7999.505
2020-09-26 18:00:00,8364.968888888889
2020-09-26 19:00:00,7455.916666666667
2020-09-26 20:00:00,5994.49
2020-09-26 21:00:00,5184.6866666666665
2020-09-26 22:00:00,5106.882777777778
2020-09-26 23:00:00,4913.15
2020-09-27 00:00:00,4881.332222222222
2020-09-27 01:00:00,4533.185555555556
2020-09-27 02:00:00,4220.8694444444445
2020-09-27 03:00:00,4404.2538888888885
2020-09-27 04:00:00,4260.176388888889
2020-09-27 05:00:00,4290.562222222222
2020-09-27 06:00:00,3857.782777777778
2020-09-27 07:00:00,4322.051388888889
2020-09-27 08:00:00,4821.732777777778
2020-09-27 09:00:00,5070.518333333333
2020-09-27 10:00:00,4989.732777777778
2020-09-27 11:00:00,4741.616666666667
2020-09-27 12:00:00,4696.677777777778
2020-09-27 13:00:00,4229.743611111111
2020-09-27 14:00:00,4575.277222222222
2020-09-27 15:00:00,4650.568333333334
2020-09-27 16:00:00,4456.776944444445
2020-09-27 17:00:00,4253.627222222222
2020-09-27 18:00:00,4447.453888888889
2020-09-27 19:00:00,4685.388888888889
2020-09-27 20:00:00,4206.077777777778
2020-09-27 21:00:00,4412.844444444445
2020-09-27 22:00:00,4537.23
2020-09-27 23:00:00,4426.224444444444
2020-09-28 00:00:00,4416.247222222222
2020-09-28 01:00:00,4443.718055555555
2020-09-28 02:00:00,4446.574444444444
2020-09-28 03:00:00,4533.470555555556
2020-09-28 04:00:00,4547.215
2020-09-28 05:00:00,4614.053888888889
2020-09-28 06:00:00,4445.770833333333
2020-09-28 07:00:00,5077.142222222222
2020-09-28 08:00:00,6034.883333333333
2020-09-28 09:00:00,6578.031111111111
2020-09-28 10:00:00,6975.806666666666
2020-09-28 11:00:00,6967.741111111111
2020-09-28 12:00:00,7266.044444444445
2020-09-28 13:00:00,7974.6211111111115
2020-09-28 14:00:00,8444.761111111111
2020-09-28 15:00:00,8458.191111111111
2020-09-28 16:00:00,8205.972777777777
2020-09-28 17:00:00,6825.782222222222
2020-09-28 18:00:00,5781.175
2020-09-28 19:00:00,5466.261111111111
2020-09-28 20:00:00,5095.4094444444445
2020-09-28 21:00:00,4487.176388888889
2020-09-28 22:00:00,4022.657222222222
2020-09-28 23:00:00,3706.9044444444444
2020-09-29 00:00:00,3617.9294444444445
2020-09-29 01:00:00,3565.3394444444443
2020-09-29 02:00:00,3285.0380555555557
2020-09-29 03:00:00,3156.097777777778
2020-09-29 04:00:00,3615.581111111111
2020-09-29 05:00:00,3080.724166666667
2020-09-29 06:00:00,3677.0191666666665
2020-09-29 07:00:00,4627.874444444445
2020-09-29 08:00:00,5774.931111111111
2020-09-29 09:00:00,7051.105555555556
2020-09-29 10:00:00,7808.156666666667
2020-09-29 11:00:00,8221.760555555555
2020-09-29 12:00:00,8096.6577777777775
2020-09-29 13:00:00,8631.314444444444
2020-09-29 14:00:00,8721.484444444444
2020-09-29 15:00:00,8715.81111111111
2020-09-29 16:00:00,8623.458333333334
2020-09-29 17:00:00,7970.818888888889
2020-09-29 18:00:00,6579.193333333334
2020-09-29 19:00:00,5984.673333333333
2020-09-29 20:00:00,5118.537222222222
2020-09-29 21:00:00,5039.801111111111
2020-09-29 22:00:00,4983.1577777777775
2020-09-29 23:00:00,4566.783333333334
2020-09-30 00:00:00,4239.106944444445
2020-09-30 01:00:00,3960.411666666667
2020-09-30 02:00:00,3530.425
2020-09-30 03:00:00,3509.9905555555556
2020-09-30 04:00:00,3606.327222222222
2020-09-30 05:00:00,3654.717777777778
2020-09-30 06:00:00,3441.8372222222224
2020-09-30 07:00:00,4561.211111111111
2020-09-30 08:00:00,6612.452222222222
2020-09-30 09:00:00,7783.985555555556
2020-09-30 10:00:00,8250.387222222222
2020-09-30 11:00:00,8340.493333333334
2020-09-30 12:00:00,8225.546666666667
2020-09-30 13:00:00,8603.177222222223
2020-09-30 14:00:00,8696.08
2020-09-30 15:00:00,8704.415555555555
2020-09-30 16:00:00,8689.57888888889
2020-09-30 17:00:00,8402.304444444444
2020-09-30 18:00:00,7943.524444444444
2020-09-30 19:00:00,7122.043333333333
2020-09-30 20:00:00,6746.015555555556
2020-09-30 21:00:00,6137.213333333333
2020-09-30 22:00:00,6276.395555555556
2020-09-30 23:00:00,6058.998888888889
2020-10-01 00:00:00,5988.18
2020-10-01 01:00:00,6403.593611111111
2020-10-01 02:00:00,6076.042222222222
2020-10-01 03:00:00,5510.857777777778
2020-10-01 04:00:00,5492.553333333333
2020-10-01 05:00:00,4931.721111111111
2020-10-01 06:00:00,4500.5136111111115
2020-10-01 07:00:00,5640.657222222222
2020-10-01 08:00:00,7343.225555555556
2020-10-01 09:00:00,7909.118888888889
2020-10-01 10:00:00,7934.551111111111
2020-10-01 11:00:00,8346.201666666666
2020-10-01 12:00:00,8295.871111111112
2020-10-01 13:00:00,8289.24111111111
2020-10-01 14:00:00,8152.351111111111
2020-10-01 15:00:00,8224.744444444445
2020-10-01 16:00:00,8077.855555555556
2020-10-01 17:00:00,7868.781111111111
2020-10-01 18:00:00,7783.741111111111
2020-10-01 19:00:00,7541.247777777778
2020-10-01 20:00:00,7055.003333333333
2020-10-01 21:00:00,6838.417222222222
2020-10-01 22:00:00,6926.144444444444
2020-10-01 23:00:00,6831.054444444444
2020-10-02 00:00:00,6926.04
2020-10-02 01:00:00,6677.87
2020-10-02 02:00:00,6553.135555555556
2020-10-02 03:00:00,6633.8677777777775
2020-10-02 04:00:00,6800.211111111111
2020-10-02 05:00:00,6548.772222222222
2020-10-02 06:00:00,6436.879444444445
2020-10-02 07:00:00,6700.074444444444
2020-10-02 08:00:00,7116.829444444445
2020-10-02 09:00:00,7333.878333333333
2020-10-02 10:00:00,7869.925555555556
2020-10-02 11:00:00,7904.972777777778
2020-10-02 12:00:00,7568.465
2020-10-02 13:00:00,7505.192222222222
2020-10-02 14:00:00,7796.838333333333
2020-10-02 15:00:00,8197.00888888889
2020-10-02 16:00:00,7753.0055555555555
2020-10-02 17:00:00,7381.877777777778
2020-10-02 18:00:00,7334.670555555555
2020-10-02 19:00:00,6887.694444444444
2020-10-02 20:00:00,6940.535555555555
2020-10-02 21:00:00,6516.345
2020-10-02 22:00:00,6444.110555555556
2020-10-02 23:00:00,6498.955
2020-10-03 00:00:00,6399.751666666667
2020-10-03 01:00:00,6335.847777777778
2020-10-03 02:00:00,6280.772777777778
2020-10-03 03:00:00,6226.965
2020-10-03 04:00:00,6697.868888888889
2020-10-03 05:00:00,6330.253333333333
2020-10-03 06:00:00,6282.104444444444
2020-10-03 07:00:00,6747.851111111111
2020-10-03 08:00:00,7583.057777777778
2020-10-03 09:00:00,8113.811111111111
2020-10-03 10:00:00,8467.737777777778
2020-10-03 11:00:00,8529.785555555556
2020-10-03 12:00:00,8516.227777777778
2020-10-03 13:00:00,8522.813333333334
2020-10-03 14:00:00,8532.072777777777
2020-10-03 15:00:00,8562.65888888889
2020-10-03 16:00:00,8561.287777777778
2020-10-03 17:00:00,8444.0
2020-10-03 18:00:00,8441.423333333334
2020-10-03 19:00:00,8213.152222222223
2020-10-03 20:00:00,8136.812222222222
2020-10-03 21:00:00,7796.835
2020-10-03 22:00:00,7563.824444444444
2020-10-03 23:00:00,7630.7861111111115
2020-10-04 00:00:00,7630.736666666667
2020-10-04 01:00:00,7165.562222222222
2020-10-04 02:00:00,6313.945555555556
2020-10-04 03:00:00,5851.142222222222
2020-10-04 04:00:00,5735.2844444444445
2020-10-04 05:00:00,5898.818888888889
2020-10-04 06:00:00,5741.598333333333
2020-10-04 07:00:00,5468.8788888888885
2020-10-04 08:00:00,5967.587222222222
2020-10-04 09:00:00,7012.895555555556
2020-10-04 10:00:00,7748.461111111111
2020-10-04 11:00:00,8448.747777777779
2020-10-04 12:00:00,8477.604444444445
2020-10-04 13:00:00,8551.85
2020-10-04 14:00:00,8576.082222222221
2020-10-04 15:00:00,8447.807777777778
2020-10-04 16:00:00,7972.719444444445
2020-10-04 17:00:00,6981.584444444445
2020-10-04 18:00:00,5963.92
2020-10-04 19:00:00,5835.913333333333
2020-10-04 20:00:00,4847.272222222222
2020-10-04 21:00:00,4480.503333333333
2020-10-04 22:00:00,4108.420833333334
2020-10-04 23:00:00,3988.4369444444446
2020-10-05 00:00:00,3885.4555555555557
2020-10-05 01:00:00,3702.3263888888887
2020-10-05 02:00:00,3833.6852777777776
2020-10-05 03:00:00,3614.4780555555553
2020-10-05 04:00:00,3558.4108333333334
2020-10-05 05:00:00,3466.0627777777777
2020-10-05 06:00:00,3913.495
2020-10-05 07:00:00,3981.7180555555556
2020-10-05 08:00:00,5279.108333333334
2020-10-05 09:00:00,6596.9366666666665
2020-10-05 10:00:00,7210.975555555556
2020-10-05 11:00:00,8046.227777777778
2020-10-05 12:00:00,8168.560555555556
2020-10-05 13:00:00,8349.685555555556
2020-10-05 14:00:00,8362.49888888889
2020-10-05 15:00:00,8399.15111111111
2020-10-05 16:00:00,8082.087777777778
2020-10-05 17:00:00,6973.968333333333
2020-10-05 18:00:00,6545.929444444444
2020-10-05 19:00:00,6233.611111111111
2020-10-05 20:00:00,5242.103888888889
2020-10-05 21:00:00,4758.477777777778
2020-10-05 22:00:00,4445.086944444444
2020-10-05 23:00:00,4326.484722222222
2020-10-06 00:00:00,4124.904166666666
2020-10-06 01:00:00,3840.5155555555557
2020-10-06 02:00:00,3754.6077777777778
2020-10-06 03:00:00,3725.5633333333335
2020-10-06 04:00:00,3811.5205555555553
2020-10-06 05:00:00,3857.474166666667
2020-10-06 06:00:00,4177.345
2020-10-06 07:00:00,4261.341666666666
2020-10-06 08:00:00,5196.274444444444
2020-10-06 09:00:00,5876.4238888888885
2020-10-06 10:00:00,6317.021111111111
2020-10-06 11:00:00,6431.425
2020-10-06 12:00:00,7000.218333333333
2020-10-06 13:00:00,6873.141111111111
2020-10-06 14:00:00,6628.466666666666
2020-10-06 15:00:00,6676.71
2020-10-06 16:00:00,6447.731666666667
2020-10-06 17:00:00,5957.537777777778
2020-10-06 18:00:00,5904.570555555556
2020-10-06 19:00:00,6077.332222222222
2020-10-06 20:00:00,5165.138194444445
2020-10-06 21:00:00,5235.72
2020-10-06 22:00:00,5049.966666666666
2020-10-06 23:00:00,5121.26
2020-10-07 00:00:00,4939.615555555555
2020-10-07 01:00:00,4865.565555555556
2020-10-07 02:00:00,4856.354444444444
2020-10-07 03:00:00,4578.5361111111115
2020-10-07 04:00:00,4688.195555555556
2020-10-07 05:00:00,4615.543888888889
2020-10-07 06:00:00,4242.5616666666665
2020-10-07 07:00:00,5014.888888888889
2020-10-07 08:00:00,5878.246666666667
2020-10-07 09:00:00,6300.803333333333
2020-10-07 10:00:00,6641.352222222222
2020-10-07 11:00:00,7220.096666666666
2020-10-07 12:00:00,7473.736111111111
2020-10-07 13:00:00,7726.106666666667
2020-10-07 14:00:00,7855.349444444444
2020-10-07 15:00:00,7523.841666666666
2020-10-07 16:00:00,6731.235555555556
2020-10-07 17:00:00,5935.853888888889
2020-10-07 18:00:00,6370.386666666666
2020-10-07 19:00:00,5538.65
2020-10-07 20:00:00,4808.818888888889
2020-10-07 21:00:00,4600.964722222222
2020-10-07 22:00:00,4881.886666666666
2020-10-07 23:00:00,4828.497777777778
2020-10-08 00:00:00,4888.2538888888885
2020-10-08 01:00:00,4595.965
2020-10-08 02:00:00,4456.961666666667
2020-10-08 03:00:00,4092.6630555555557
2020-10-08 04:00:00,4363.646111111111
2020-10-08 05:00:00,4161.757777777778
2020-10-08 06:00:00,3844.918888888889
2020-10-08 07:00:00,4381.997777777778
2020-10-08 08:00:00,4938.067777777777
2020-10-08 09:00:00,5303.18
2020-10-08 10:00:00,5790.394444444444
2020-10-08 11:00:00,6448.093333333333
2020-10-08 12:00:00,5873.957777777778
2020-10-08 13:00:00,5593.595555555556
2020-10-08 14:00:00,4586.7988888888885
2020-10-08 15:00:00,4811.453333333333
2020-10-08 16:00:00,5183.278888888889
2020-10-08 17:00:00,5580.173333333333
2020-10-08 18:00:00,6068.385555555556
2020-10-08 19:00:00,6545.22
2020-10-08 20:00:00,6333.445
2020-10-08 21:00:00,6368.845555555556
2020-10-08 22:00:00,6529.08
2020-10-08 23:00:00,6700.008888888889
2020-10-09 00:00:00,6400.675555555556
2020-10-09 01:00:00,5102.926666666666
2020-10-09 02:00:00,4336.926111111111
2020-10-09 03:00:00,4240.083333333333
2020-10-09 04:00:00,3996.3455555555556
2020-10-09 05:00:00,3903.8816666666667
2020-10-09 06:00:00,4134.224166666667
2020-10-09 07:00:00,4367.602777777778
2020-10-09 08:00:00,5735.2155555555555
2020-10-09 09:00:00,6339.853888888889
2020-10-09 10:00:00,6380.766666666666
2020-10-09 11:00:00,6663.258888888889
2020-10-09 12:00:00,7145.961666666667
2020-10-09 13:00:00,6971.2988888888885
2020-10-09 14:00:00,7058.685555555556
2020-10-09 15:00:00,6697.59
2020-10-09 16:00:00,5932.33
2020-10-09 17:00:00,5788.176111111111
2020-10-09 18:00:00,5643.702222222222
2020-10-09 19:00:00,5543.581111111111
2020-10-09 20:00:00,4408.489722222223
2020-10-09 21:00:00,4217.6016666666665
2020-10-09 22:00:00,4133.9094444444445
2020-10-09 23:00:00,4261.868333333333
2020-10-10 00:00:00,4288.208611111111
2020-10-10 01:00:00,4277.851944444445
2020-10-10 02:00:00,4144.7
2020-10-10 03:00:00,4127.735
2020-10-10 04:00:00,4407.303888888889
2020-10-10 05:00:00,4332.868333333333
2020-10-10 06:00:00,3771.950277777778
2020-10-10 07:00:00,4143.073333333334
2020-10-10 08:00:00,4444.555833333333
2020-10-10 09:00:00,4859.192222222222
2020-10-10 10:00:00,4791.908888888889
2020-10-10 11:00:00,4967.981111111111
2020-10-10 12:00:00,4995.75
2020-10-10 13:00:00,5535.666666666667
2020-10-10 14:00:00,5325.262222222223
2020-10-10 15:00:00,4167.980277777778
2020-10-10 16:00:00,3924.967222222222
2020-10-10 17:00:00,3604.458888888889
2020-10-10 18:00:00,3556.6233333333334
2020-10-10 19:00:00,3668.2
2020-10-10 20:00:00,2967.824722222222
2020-10-10 21:00:00,3035.465
2020-10-10 22:00:00,3018.766111111111
2020-10-10 23:00:00,2855.7525
2020-10-11 00:00:00,2800.5330555555556
2020-10-11 01:00:00,2760.086388888889
2020-10-11 02:00:00,2716.5305555555556
2020-10-11 03:00:00,2730.0627777777777
2020-10-11 04:00:00,2757.7733333333335
2020-10-11 05:00:00,2783.175
2020-10-11 06:00:00,3001.198888888889
2020-10-11 07:00:00,2876.179722222222
2020-10-11 08:00:00,3589.731111111111
2020-10-11 09:00:00,4874.8966666666665
2020-10-11 10:00:00,5274.795555555555
2020-10-11 11:00:00,5579.221111111111
2020-10-11 12:00:00,5826.301111111111
2020-10-11 13:00:00,5541.085555555555
2020-10-11 14:00:00,4827.87
2020-10-11 15:00:00,4141.568611111111
2020-10-11 16:00:00,3695.4441666666667
2020-10-11 17:00:00,3725.278888888889
2020-10-11 18:00:00,3810.488611111111
2020-10-11 19:00:00,3659.3633333333332
2020-10-11 20:00:00,3338.4269444444444
2020-10-11 21:00:00,3080.9333333333334
2020-10-11 22:00:00,3020.581111111111
2020-10-11 23:00:00,3073.193888888889
2020-10-12 00:00:00,3133.7933333333335
2020-10-12 01:00:00,3090.2708333333335
2020-10-12 02:00:00,3140.7208333333333
2020-10-12 03:00:00,3197.7283333333335
2020-10-12 04:00:00,3642.0602777777776
2020-10-12 05:00:00,3257.7444444444445
2020-10-12 06:00:00,3587.1705555555554
2020-10-12 07:00:00,3833.748888888889
2020-10-12 08:00:00,4099.3677777777775
2020-10-12 09:00:00,4358.983888888889
2020-10-12 10:00:00,4854.136666666666
2020-10-12 11:00:00,4881.7716666666665
2020-10-12 12:00:00,4974.4766666666665
2020-10-12 13:00:00,4414.650555555556
2020-10-12 14:00:00,4330.156111111111
2020-10-12 15:00:00,3909.073888888889
2020-10-12 16:00:00,3515.840833333333
2020-10-12 17:00:00,3181.7716666666665
2020-10-12 18:00:00,3148.71
2020-10-12 19:00:00,3572.4738888888887
2020-10-12 20:00:00,3054.8522222222223
2020-10-12 21:00:00,3132.222777777778
2020-10-12 22:00:00,3171.1044444444447
2020-10-12 23:00:00,2993.811111111111
2020-10-13 00:00:00,2766.6175
2020-10-13 01:00:00,2636.5358333333334
2020-10-13 02:00:00,2551.0402777777776
2020-10-13 03:00:00,2575.612777777778
2020-10-13 04:00:00,2585.9880555555555
2020-10-13 05:00:00,2735.4455555555555
2020-10-13 06:00:00,2579.478888888889
2020-10-13 07:00:00,2826.4791666666665
2020-10-13 08:00:00,3637.855
2020-10-13 09:00:00,4364.4672222222225
2020-10-13 10:00:00,5417.624444444445
2020-10-13 11:00:00,6147.496666666667
2020-10-13 12:00:00,6008.982222222222
2020-10-13 13:00:00,4777.696666666667
2020-10-13 14:00:00,4500.7861111111115
2020-10-13 15:00:00,4068.7769444444443
2020-10-13 16:00:00,3609.0261111111113
2020-10-13 17:00:00,4133.235555555556
2020-10-13 18:00:00,3827.6355555555556
2020-10-13 19:00:00,3781.17
2020-10-13 20:00:00,3753.3966666666665
2020-10-13 21:00:00,3587.9683333333332
2020-10-13 22:00:00,3564.803888888889
2020-10-13 23:00:00,3476.612222222222
2020-10-14 00:00:00,3329.893611111111
2020-10-14 01:00:00,3377.855
2020-10-14 02:00:00,3394.391666666667
2020-10-14 03:00:00,3488.277777777778
2020-10-14 04:00:00,3400.6455555555553
2020-10-14 05:00:00,3833.8233333333333
2020-10-14 06:00:00,3473.4244444444444
2020-10-14 07:00:00,3446.9619444444443
2020-10-14 08:00:00,3890.593888888889
2020-10-14 09:00:00,4271.367222222222
2020-10-14 10:00:00,4028.791111111111
2020-10-14 11:00:00,4519.9766666666665
2020-10-14 12:00:00,4444.187777777778
2020-10-14 13:00:00,4174.283611111111
2020-10-14 14:00:00,4259.44
2020-10-14 15:00:00,4005.643888888889
2020-10-14 16:00:00,3807.2097222222224
2020-10-14 17:00:00,3662.5044444444443
2020-10-14 18:00:00,4068.967777777778
2020-10-14 19:00:00,3606.2255555555557
2020-10-14 20:00:00,3571.7516666666666
2020-10-14 21:00:00,3756.4655555555555
2020-10-14 22:00:00,3795.301388888889
2020-10-14 23:00:00,3800.985
2020-10-15 00:00:00,3554.8575
2020-10-15 01:00:00,3380.9577777777777
2020-10-15 02:00:00,3359.0205555555553
2020-10-15 03:00:00,3968.981111111111
2020-10-15 04:00:00,3020.8155555555554
2020-10-15 05:00:00,3143.951666666667
2020-10-15 06:00:00,2886.0133333333333
2020-10-15 07:00:00,3215.8494444444445
2020-10-15 08:00:00,3486.1580555555556
2020-10-15 09:00:00,3626.196111111111
2020-10-15 10:00:00,3761.896111111111
2020-10-15 11:00:00,4178.230555555556
2020-10-15 12:00:00,3983.72
2020-10-15 13:00:00,3988.885
2020-10-15 14:00:00,3967.452222222222
2020-10-15 15:00:00,3698.6227777777776
2020-10-15 16:00:00,3599.8255555555556
2020-10-15 17:00:00,3764.4805555555554
2020-10-15 18:00:00,4085.6588888888887
2020-10-15 19:00:00,3543.8969444444447
2020-10-15 20:00:00,3548.28
2020-10-15 21:00:00,3473.9666666666667
2020-10-15 22:00:00,3451.2366666666667
2020-10-15 23:00:00,3378.3733333333334
2020-10-16 00:00:00,3447.8219444444444
2020-10-16 01:00:00,3381.4930555555557
2020-10-16 02:00:00,3442.1272222222224
2020-10-16 03:00:00,3342.005277777778
2020-10-16 04:00:00,3639.145
2020-10-16 05:00:00,3260.851111111111
2020-10-16 06:00:00,3488.008333333333
2020-10-16 07:00:00,3491.7316666666666
2020-10-16 08:00:00,3810.5525
2020-10-16 09:00:00,4043.1033333333335
2020-10-16 10:00:00,4145.048055555556
2020-10-16 11:00:00,4467.373611111111
2020-10-16 12:00:00,5075.485555555556
2020-10-16 13:00:00,4753.041111111111
2020-10-16 14:00:00,4970.958888888889
2020-10-16 15:00:00,4023.0061111111113
2020-10-16 16:00:00,3732.015
2020-10-16 17:00:00,3551.6955555555555
2020-10-16 18:00:00,3985.823888888889
2020-10-16 19:00:00,3426.7775
2020-10-16 20:00:00,3280.2561111111113
2020-10-16 21:00:00,3510.943888888889
2020-10-16 22:00:00,3534.974166666667
2020-10-16 23:00:00,3494.8102777777776
2020-10-17 00:00:00,3188.1222222222223
2020-10-17 01:00:00,2888.413888888889
2020-10-17 02:00:00,2961.5716666666667
2020-10-17 03:00:00,3186.2555555555555
2020-10-17 04:00:00,3267.4944444444445
2020-10-17 05:00:00,3092.7266666666665
2020-10-17 06:00:00,2990.801388888889
2020-10-17 07:00:00,3287.4308333333333
2020-10-17 08:00:00,3869.561111111111
2020-10-17 09:00:00,4361.732222222222
2020-10-17 10:00:00,5046.140555555556
2020-10-17 11:00:00,5465.131111111111
2020-10-17 12:00:00,4859.071111111111
2020-10-17 13:00:00,4849.23
2020-10-17 14:00:00,4912.902222222222
2020-10-17 15:00:00,4459.430555555556
2020-10-17 16:00:00,3936.38
2020-10-17 17:00:00,3539.1766666666667
2020-10-17 18:00:00,3890.4305555555557
2020-10-17 19:00:00,3319.8997222222224
2020-10-17 20:00:00,3172.4855555555555
2020-10-17 21:00:00,2973.9041666666667
2020-10-17 22:00:00,3047.8069444444445
2020-10-17 23:00:00,2948.755833333333
2020-10-18 00:00:00,3013.0194444444446
2020-10-18 01:00:00,3001.7166666666667
2020-10-18 02:00:00,2978.3263888888887
2020-10-18 03:00:00,3054.0175
2020-10-18 04:00:00,3437.8555555555554
2020-10-18 05:00:00,3477.7833333333333
2020-10-18 06:00:00,3221.7719444444447
2020-10-18 07:00:00,3791.0125
2020-10-18 08:00:00,3841.8930555555557
2020-10-18 09:00:00,4030.6016666666665
2020-10-18 10:00:00,4402.190555555556
2020-10-18 11:00:00,4641.619722222223
2020-10-18 12:00:00,3972.7669444444446
2020-10-18 13:00:00,4242.674166666667
2020-10-18 14:00:00,4327.5761111111115
2020-10-18 15:00:00,3571.8455555555556
2020-10-18 16:00:00,3084.983888888889
2020-10-18 17:00:00,2985.508888888889
2020-10-18 18:00:00,3082.37
2020-10-18 19:00:00,2661.5333333333333
2020-10-18 20:00:00,2498.2327777777778
2020-10-18 21:00:00,2514.4127777777776
2020-10-18 22:00:00,2571.273888888889
2020-10-18 23:00:00,2558.5022222222224
2020-10-19 00:00:00,2527.7880555555557
2020-10-19 01:00:00,2463.556666666667
2020-10-19 02:00:00,2459.2594444444444
2020-10-19 03:00:00,2358.673888888889
2020-10-19 04:00:00,2403.291111111111
2020-10-19 05:00:00,2569.5627777777777
2020-10-19 06:00:00,2495.7305555555554
2020-10-19 07:00:00,2712.6105555555555
2020-10-19 08:00:00,3585.1905555555554
2020-10-19 09:00:00,4223.707222222222
2020-10-19 10:00:00,4767.482222222222
2020-10-19 11:00:00,4703.422222222222
2020-10-19 12:00:00,4133.456388888889
2020-10-19 13:00:00,4426.926111111111
2020-10-19 14:00:00,4348.022777777778
2020-10-19 15:00:00,3853.2044444444446
2020-10-19 16:00:00,3393.4088888888887
2020-10-19 17:00:00,3078.157222222222
2020-10-19 18:00:00,3363.072222222222
2020-10-19 19:00:00,3060.8155555555554
2020-10-19 20:00:00,3026.758333333333
2020-10-19 21:00:00,3018.233333333333
2020-10-19 22:00:00,2806.146388888889
2020-10-19 23:00:00,2845.8133333333335
2020-10-20 00:00:00,2706.025277777778
2020-10-20 01:00:00,2673.0505555555555
2020-10-20 02:00:00,2671.7669444444446
2020-10-20 03:00:00,2636.827222222222
2020-10-20 04:00:00,2498.6516666666666
2020-10-20 05:00:00,2589.3130555555554
2020-10-20 06:00:00,2484.056666666667
2020-10-20 07:00:00,2761.02
2020-10-20 08:00:00,3194.99
2020-10-20 09:00:00,3309.228611111111
2020-10-20 10:00:00,3524.8597222222224
2020-10-20 11:00:00,3588.5627777777777
2020-10-20 12:00:00,3489.902777777778
2020-10-20 13:00:00,3751.095
2020-10-20 14:00:00,3566.722222222222
2020-10-20 15:00:00,3659.6072222222224
2020-10-20 16:00:00,3539.121111111111
2020-10-20 17:00:00,3738.3844444444444
2020-10-20 18:00:00,4485.067777777777
2020-10-20 19:00:00,3604.9994444444446
2020-10-20 20:00:00,3900.8797222222224
2020-10-20 21:00:00,4066.7633333333333
2020-10-20 22:00:00,4228.5125
2020-10-20 23:00:00,4292.7675
2020-10-21 00:00:00,4545.655555555555
2020-10-21 01:00:00,4824.46
2020-10-21 02:00:00,4749.293333333333
2020-10-21 03:00:00,5030.1577777777775
2020-10-21 04:00:00,5684.681111111111
2020-10-21 05:00:00,5473.233333333334
2020-10-21 06:00:00,4622.711666666667
2020-10-21 07:00:00,5060.165
2020-10-21 08:00:00,5335.783333333334
2020-10-21 09:00:00,5259.97
2020-10-21 10:00:00,5906.858888888889
2020-10-21 11:00:00,6009.35
2020-10-21 12:00:00,5860.087777777778
2020-10-21 13:00:00,5406.148888888889
2020-10-21 14:00:00,5058.197777777777
2020-10-21 15:00:00,4617.715
2020-10-21 16:00:00,4434.671666666667
2020-10-21 17:00:00,4352.160555555555
2020-10-21 18:00:00,5074.504444444445
2020-10-21 19:00:00,4406.601388888889
2020-10-21 20:00:00,4124.048611111111
2020-10-21 21:00:00,4485.6819444444445
2020-10-21 22:00:00,5392.926666666666
2020-10-21 23:00:00,6503.0055555555555
2020-10-22 00:00:00,7039.808333333333
2020-10-22 01:00:00,6922.295
2020-10-22 02:00:00,7351.043888888889
2020-10-22 03:00:00,7546.138888888889
2020-10-22 04:00:00,7820.173333333333
2020-10-22 05:00:00,7210.3711111111115
2020-10-22 06:00:00,6619.292777777778
2020-10-22 07:00:00,6541.850555555556
2020-10-22 08:00:00,7273.1322222222225
2020-10-22 09:00:00,8065.992222222222
2020-10-22 10:00:00,8315.917222222222
2020-10-22 11:00:00,8373.431111111111
2020-10-22 12:00:00,8336.322777777777
2020-10-22 13:00:00,7304.537222222222
2020-10-22 14:00:00,7100.06
2020-10-22 15:00:00,7006.376666666667
2020-10-22 16:00:00,6555.043333333333
2020-10-22 17:00:00,6579.905555555555
2020-10-22 18:00:00,6586.725555555556
2020-10-22 19:00:00,6092.801111111111
2020-10-22 20:00:00,5410.925555555556
2020-10-22 21:00:00,4825.011666666666
2020-10-22 22:00:00,4785.2
2020-10-22 23:00:00,4464.306666666666
2020-10-23 00:00:00,4268.663333333333
2020-10-23 01:00:00,4044.172777777778
2020-10-23 02:00:00,3782.282222222222
2020-10-23 03:00:00,3798.9644444444443
2020-10-23 04:00:00,3763.0869444444443
2020-10-23 05:00:00,3430.176111111111
2020-10-23 06:00:00,3470.958888888889
2020-10-23 07:00:00,3611.9480555555556
2020-10-23 08:00:00,4215.193611111111
2020-10-23 09:00:00,4188.567777777777
2020-10-23 10:00:00,4968.4655555555555
2020-10-23 11:00:00,5168.245
2020-10-23 12:00:00,4604.385
2020-10-23 13:00:00,4803.652777777777
2020-10-23 14:00:00,4899.598888888889
2020-10-23 15:00:00,4434.3405555555555
2020-10-23 16:00:00,4177.0905555555555
2020-10-23 17:00:00,4095.317777777778
2020-10-23 18:00:00,4325.4638888888885
2020-10-23 19:00:00,3642.4338888888888
2020-10-23 20:00:00,3231.1519444444443
2020-10-23 21:00:00,3288.701111111111
2020-10-23 22:00:00,3171.1194444444445
2020-10-23 23:00:00,3169.5686111111113
2020-10-24 00:00:00,3263.0177777777776
2020-10-24 01:00:00,3478.7561111111113
2020-10-24 02:00:00,3657.9113888888887
2020-10-24 03:00:00,3701.9466666666667
2020-10-24 04:00:00,4261.2633680555555
2020-10-24 05:00:00,3869.157777777778
2020-10-24 06:00:00,3628.7327777777778
2020-10-24 07:00:00,4010.3611111111113
2020-10-24 08:00:00,4184.143888888889
2020-10-24 09:00:00,4461.14
2020-10-24 10:00:00,4905.904444444444
2020-10-24 11:00:00,4911.154444444444
2020-10-24 12:00:00,4457.9961111111115
2020-10-24 13:00:00,4334.388333333333
2020-10-24 14:00:00,4364.655555555555
2020-10-24 15:00:00,4512.607222222222
2020-10-24 16:00:00,4538.785
2020-10-24 17:00:00,4556.5072222222225
2020-10-24 18:00:00,4889.995555555555
2020-10-24 19:00:00,4452.199444444444
2020-10-24 20:00:00,4143.1525
2020-10-24 21:00:00,4114.973333333333
2020-10-24 22:00:00,4102.940555555556
2020-10-24 23:00:00,3969.1744444444444
2020-10-25 00:00:00,3962.731111111111
2020-10-25 01:00:00,3944.3119444444446
2020-10-25 02:00:00,3878.9280555555556
2020-10-25 03:00:00,3802.4355555555558
2020-10-25 04:00:00,4119.127777777778
2020-10-25 05:00:00,3543.7702777777777
2020-10-25 06:00:00,3314.005833333333
2020-10-25 07:00:00,3694.264166666667
2020-10-25 08:00:00,4091.3283333333334
2020-10-25 09:00:00,4328.689166666667
2020-10-25 10:00:00,5023.714444444445
2020-10-25 11:00:00,5337.408888888889
2020-10-25 12:00:00,5157.788888888889
2020-10-25 13:00:00,5164.263333333333
2020-10-25 14:00:00,4857.955555555555
2020-10-25 15:00:00,4762.146111111111
2020-10-25 16:00:00,4684.968333333333
2020-10-25 17:00:00,4672.285555555555
2020-10-25 18:00:00,4930.358888888889
2020-10-25 19:00:00,4483.274444444444
2020-10-25 20:00:00,4369.011944444444
2020-10-25 21:00:00,4454.028888888889
2020-10-25 22:00:00,4439.1194444444445
2020-10-25 23:00:00,4339.898888888889
2020-10-26 00:00:00,4045.139722222222
2020-10-26 01:00:00,3359.6325
2020-10-26 02:00:00,3416.983888888889
2020-10-26 03:00:00,3271.2891666666665
2020-10-26 04:00:00,3575.0941666666668
2020-10-26 05:00:00,3684.8344444444447
2020-10-26 06:00:00,3599.731111111111
2020-10-26 07:00:00,3329.2277777777776
2020-10-26 08:00:00,3453.402222222222
2020-10-26 09:00:00,4099.761111111111
2020-10-26 10:00:00,4310.5425
2020-10-26 11:00:00,4336.814166666667
2020-10-26 12:00:00,4647.1322222222225
2020-10-26 13:00:00,4132.801944444444
2020-10-26 14:00:00,3724.2408333333333
2020-10-26 15:00:00,3663.259722222222
2020-10-26 16:00:00,3644.5427777777777
2020-10-26 17:00:00,3454.52
2020-10-26 18:00:00,3645.900833333333
2020-10-26 19:00:00,3276.4405555555554
2020-10-26 20:00:00,3094.2072222222223
2020-10-26 21:00:00,2772.608333333333
2020-10-26 22:00:00,2730.882222222222
2020-10-26 23:00:00,2546.9855555555555
2020-10-27 00:00:00,2449.637222222222
2020-10-27 01:00:00,2368.6069444444443
2020-10-27 02:00:00,2305.3033333333333
2020-10-27 03:00:00,2349.1077777777778
2020-10-27 04:00:00,2358.927222222222
2020-10-27 05:00:00,2255.455972222222
2020-10-27 06:00:00,2235.8923611111113
2020-10-27 07:00:00,2184.9219444444443
2020-10-27 08:00:00,2447.53
2020-10-27 09:00:00,2829.1394444444445
2020-10-27 10:00:00,2967.617777777778
2020-10-27 11:00:00,3688.5394444444446
2020-10-27 12:00:00,3777.3277777777776
2020-10-27 13:00:00,3084.782222222222
2020-10-27 14:00:00,2845.61
2020-10-27 15:00:00,2826.081111111111
2020-10-27 16:00:00,2644.3283333333334
2020-10-27 17:00:00,2654.34
2020-10-27 18:00:00,2785.4011111111113
2020-10-27 19:00:00,2834.9616666666666
2020-10-27 20:00:00,2527.3216666666667
2020-10-27 21:00:00,2390.7322222222224
2020-10-27 22:00:00,2323.8698611111113
2020-10-27 23:00:00,2259.467777777778
2020-10-28 00:00:00,2285.0319444444444
2020-10-28 01:00:00,2193.8905555555557
2020-10-28 02:00:00,2193.618611111111
2020-10-28 03:00:00,2221.303611111111
2020-10-28 04:00:00,2385.5219444444447
2020-10-28 05:00:00,2695.6838888888888
2020-10-28 06:00:00,2486.552222222222
2020-10-28 07:00:00,2606.677777777778
2020-10-28 08:00:00,2861.152777777778
2020-10-28 09:00:00,3414.3905555555557
2020-10-28 10:00:00,4217.086111111111
2020-10-28 11:00:00,4719.914444444445
2020-10-28 12:00:00,5069.417777777778
2020-10-28 13:00:00,4758.512777777778
2020-10-28 14:00:00,4480.895555555556
2020-10-28 15:00:00,3713.991666666667
2020-10-28 16:00:00,3130.2169444444444
2020-10-28 17:00:00,2992.6455555555553
2020-10-28 18:00:00,3084.257777777778
2020-10-28 19:00:00,3351.402777777778
2020-10-28 20:00:00,2750.277222222222
2020-10-28 21:00:00,2494.7097222222224
2020-10-28 22:00:00,2583.9338888888888
2020-10-28 23:00:00,2701.8355555555554
2020-10-29 00:00:00,2735.9005555555555
2020-10-29 01:00:00,2655.2883333333334
2020-10-29 02:00:00,2650.639166666667
2020-10-29 03:00:00,2588.4358333333334
2020-10-29 04:00:00,2982.2430555555557
2020-10-29 05:00:00,3116.5816666666665
2020-10-29 06:00:00,2792.1505555555555
2020-10-29 07:00:00,2587.8194444444443
2020-10-29 08:00:00,2926.418611111111
2020-10-29 09:00:00,3126.0133333333333
2020-10-29 10:00:00,3003.5036111111112
2020-10-29 11:00:00,3386.3425
2020-10-29 12:00:00,3681.537222222222
2020-10-29 13:00:00,3098.2433333333333
2020-10-29 14:00:00,3246.3569444444443
2020-10-29 15:00:00,2910.0033333333336
2020-10-29 16:00:00,2791.412222222222
2020-10-29 17:00:00,2699.0955555555556
2020-10-29 18:00:00,2908.2625
2020-10-29 19:00:00,3010.2561111111113
2020-10-29 20:00:00,2805.1936111111113
2020-10-29 21:00:00,2548.3080555555557
2020-10-29 22:00:00,2447.463333333333
2020-10-29 23:00:00,2365.56
2020-10-30 00:00:00,2316.7531944444445
2020-10-30 01:00:00,2384.4225
2020-10-30 02:00:00,2402.342777777778
2020-10-30 03:00:00,2469.0805555555557
2020-10-30 04:00:00,2584.13
2020-10-30 05:00:00,2700.956111111111
2020-10-30 06:00:00,2959.7691666666665
2020-10-30 07:00:00,2635.7805555555556
2020-10-30 08:00:00,2890.7455555555557
2020-10-30 09:00:00,3276.945277777778
2020-10-30 10:00:00,3581.1383333333333
2020-10-30 11:00:00,4797.788333333333
2020-10-30 12:00:00,5179.764444444444
2020-10-30 13:00:00,4970.316111111111
2020-10-30 14:00:00,4917.682777777778
2020-10-30 15:00:00,4951.415555555555
2020-10-30 16:00:00,4630.783888888889
2020-10-30 17:00:00,4703.633888888889
2020-10-30 18:00:00,5185.3405555555555
2020-10-30 19:00:00,5403.49
2020-10-30 20:00:00,4740.042222222222
2020-10-30 21:00:00,4679.215
2020-10-30 22:00:00,4767.942222222222
2020-10-30 23:00:00,4783.416666666667
2020-10-31 00:00:00,4835.770555555556
2020-10-31 01:00:00,4814.408888888889
2020-10-31 02:00:00,4742.316666666667
2020-10-31 03:00:00,4765.273888888889
2020-10-31 04:00:00,4896.25
2020-10-31 05:00:00,5745.3
2020-10-31 06:00:00,5129.408888888889
2020-10-31 07:00:00,5080.816666666667
2020-10-31 08:00:00,5400.698888888889
2020-10-31 09:00:00,6211.166666666667
2020-10-31 10:00:00,6442.445555555556
2020-10-31 11:00:00,6783.0361111111115
2020-10-31 12:00:00,6241.766666666666
2020-10-31 13:00:00,6126.843333333333
2020-10-31 14:00:00,5653.5055555555555
2020-10-31 15:00:00,5036.741111111111
2020-10-31 16:00:00,4642.395833333333
2020-10-31 17:00:00,4516.205833333333
2020-10-31 18:00:00,5156.7716666666665
2020-10-31 19:00:00,5157.585555555555
2020-10-31 20:00:00,4639.0008333333335
2020-10-31 21:00:00,4484.827222222222
2020-10-31 22:00:00,4577.264444444444
2020-10-31 23:00:00,4264.211111111111
2020-11-01 00:00:00,3804.8441666666668
2020-11-01 01:00:00,3583.3519444444446
2020-11-01 02:00:00,3640.778333333333
2020-11-01 03:00:00,3662.3977777777777
2020-11-01 04:00:00,3821.8644444444444
2020-11-01 05:00:00,4447.7266666666665
2020-11-01 06:00:00,4135.5055555555555
2020-11-01 07:00:00,3954.639722222222
2020-11-01 08:00:00,4422.413611111111
2020-11-01 09:00:00,4745.781111111111
2020-11-01 10:00:00,4898.04
2020-11-01 11:00:00,5610.708888888889
2020-11-01 12:00:00,5339.077777777778
2020-11-01 13:00:00,4948.376666666667
2020-11-01 14:00:00,4928.456111111111
2020-11-01 15:00:00,4587.535
2020-11-01 16:00:00,4222.7427777777775
2020-11-01 17:00:00,4154.0680555555555
2020-11-01 18:00:00,4842.687777777778
2020-11-01 19:00:00,4952.372222222222
2020-11-01 20:00:00,4488.5663888888885
2020-11-01 21:00:00,4428.878333333333
2020-11-01 22:00:00,4765.314444444444
2020-11-01 23:00:00,5050.91
2020-11-02 00:00:00,5197.575555555555
2020-11-02 01:00:00,5320.263888888889
2020-11-02 02:00:00,5564.134444444445
2020-11-02 03:00:00,5697.178333333333
2020-11-02 04:00:00,5978.807777777778
2020-11-02 05:00:00,6709.866666666667
2020-11-02 06:00:00,5716.021111111111
2020-11-02 07:00:00,5900.22
2020-11-02 08:00:00,5269.968333333333
2020-11-02 09:00:00,5398.268333333333
2020-11-02 10:00:00,5793.730555555556
2020-11-02 11:00:00,5929.152222222222
2020-11-02 12:00:00,5917.057222222223
2020-11-02 13:00:00,5988.835555555555
2020-11-02 14:00:00,5975.538333333333
2020-11-02 15:00:00,6013.598888888889
2020-11-02 16:00:00,5764.843333333333
2020-11-02 17:00:00,5461.724444444444
2020-11-02 18:00:00,5830.587777777778
2020-11-02 19:00:00,5906.245
2020-11-02 20:00:00,5067.577777777778
2020-11-02 21:00:00,4661.221666666666
2020-11-02 22:00:00,3924.1944444444443
2020-11-02 23:00:00,2752.1188888888887
2020-11-03 00:00:00,2294.206388888889
2020-11-03 01:00:00,2184.710972222222
2020-11-03 02:00:00,2117.8225
2020-11-03 03:00:00,2033.6730555555555
2020-11-03 04:00:00,2036.256111111111
2020-11-03 05:00:00,2315.05375
2020-11-03 06:00:00,2000.605
2020-11-03 07:00:00,1937.5305555555556
2020-11-03 08:00:00,2170.7840277777777
2020-11-03 09:00:00,2368.780277777778
2020-11-03 10:00:00,2604.093888888889
2020-11-03 11:00:00,2746.1458333333335
2020-11-03 12:00:00,3215.836111111111
2020-11-03 13:00:00,2116.8830555555555
2020-11-03 14:00:00,2019.1694444444445
2020-11-03 15:00:00,1933.9170833333333
2020-11-03 16:00:00,1778.9347222222223
2020-11-03 17:00:00,1588.6065277777777
2020-11-03 18:00:00,1528.1556944444444
2020-11-03 19:00:00,1593.9105555555554
2020-11-03 20:00:00,1412.856388888889
2020-11-03 21:00:00,1421.8113888888888
2020-11-03 22:00:00,1463.6805555555557
2020-11-03 23:00:00,1477.6584722222221
2020-11-04 00:00:00,1424.9422222222222
2020-11-04 01:00:00,1344.9391666666668
2020-11-04 02:00:00,1247.2408333333333
2020-11-04 03:00:00,1229.920138888889
2020-11-04 04:00:00,1213.4927777777777
2020-11-04 05:00:00,1291.4566666666667
2020-11-04 06:00:00,1215.5980555555554
2020-11-04 07:00:00,1175.2169444444444
2020-11-04 08:00:00,1296.028611111111
2020-11-04 09:00:00,1523.3602777777778
2020-11-04 10:00:00,1728.2255555555555
2020-11-04 11:00:00,1930.6705555555557
2020-11-04 12:00:00,2108.5944444444444
2020-11-04 13:00:00,1841.3552777777777
2020-11-04 14:00:00,1762.91375
2020-11-04 15:00:00,1720.7252777777778
2020-11-04 16:00:00,1595.6565277777777
2020-11-04 17:00:00,1516.7381944444444
2020-11-04 18:00:00,1554.7149652777778
2020-11-04 19:00:00,1548.8280555555555
2020-11-04 20:00:00,1364.556111111111
2020-11-04 21:00:00,1318.6341666666667
2020-11-04 22:00:00,1380.3530555555556
2020-11-04 23:00:00,1375.4008333333334
2020-11-05 00:00:00,1327.555
2020-11-05 01:00:00,1271.8145833333333
2020-11-05 02:00:00,1256.0530555555556
2020-11-05 03:00:00,1262.4073611111112
2020-11-05 04:00:00,1254.4344444444444
2020-11-05 05:00:00,1346.9366666666667
2020-11-05 06:00:00,1325.7527777777777
2020-11-05 07:00:00,1251.9925
2020-11-05 08:00:00,1408.8916666666667
2020-11-05 09:00:00,1723.9755555555555
2020-11-05 10:00:00,1824.2266666666667
2020-11-05 11:00:00,1968.5579166666666
2020-11-05 12:00:00,1998.4269444444444
2020-11-05 13:00:00,1645.4044444444444
2020-11-05 14:00:00,1717.5411111111111
2020-11-05 15:00:00,1739.3616666666667
2020-11-05 16:00:00,1759.4422222222222
2020-11-05 17:00:00,1707.5369444444445
2020-11-05 18:00:00,1796.1030555555556
2020-11-05 19:00:00,1955.6644444444444
2020-11-05 20:00:00,1660.8069444444445
2020-11-05 21:00:00,1792.456111111111
2020-11-05 22:00:00,1901.8116666666667
2020-11-05 23:00:00,1914.046111111111
2020-11-06 00:00:00,1957.7052777777778
2020-11-06 01:00:00,1966.9998611111112
2020-11-06 02:00:00,1917.0975
2020-11-06 03:00:00,1901.0659722222222
2020-11-06 04:00:00,1913.6422222222222
2020-11-06 05:00:00,2117.4958333333334
2020-11-06 06:00:00,1888.2097222222221
2020-11-06 07:00:00,1873.316388888889
2020-11-06 08:00:00,2239.13625
2020-11-06 09:00:00,2260.5006944444444
2020-11-06 10:00:00,2347.2169444444444
2020-11-06 11:00:00,2738.7544444444443
2020-11-06 12:00:00,2709.555
2020-11-06 13:00:00,2234.7038888888887
2020-11-06 14:00:00,2338.8694444444445
2020-11-06 15:00:00,2150.382361111111
2020-11-06 16:00:00,2178.2956944444445
2020-11-06 17:00:00,2146.0191666666665
2020-11-06 18:00:00,2418.021111111111
2020-11-06 19:00:00,2530.5152777777776
2020-11-06 20:00:00,2093.5125
2020-11-06 21:00:00,2168.8393055555557
2020-11-06 22:00:00,2247.6477777777777
2020-11-06 23:00:00,2175.137777777778
2020-11-07 00:00:00,2186.2341666666666
2020-11-07 01:00:00,2109.777777777778
2020-11-07 02:00:00,2027.4770833333334
2020-11-07 03:00:00,1992.7577777777778
2020-11-07 04:00:00,1870.514861111111
2020-11-07 05:00:00,2039.36125
2020-11-07 06:00:00,1667.5355555555554
2020-11-07 07:00:00,1597.4943055555555
2020-11-07 08:00:00,1737.298611111111
2020-11-07 09:00:00,1895.9076388888889
2020-11-07 10:00:00,1992.7494444444444
2020-11-07 11:00:00,2022.375
2020-11-07 12:00:00,1998.5222222222221
2020-11-07 13:00:00,1752.4297222222222
2020-11-07 14:00:00,1681.03
2020-11-07 15:00:00,1572.3244444444445
2020-11-07 16:00:00,1469.6877777777777
2020-11-07 17:00:00,1502.6318055555555
2020-11-07 18:00:00,1497.2566666666667
2020-11-07 19:00:00,1511.2613888888889
2020-11-07 20:00:00,1359.6327777777778
2020-11-07 21:00:00,1336.8022222222223
2020-11-07 22:00:00,1337.0104166666667
2020-11-07 23:00:00,1334.9715277777777
2020-11-08 00:00:00,1305.5483333333334
2020-11-08 01:00:00,1240.5552777777777
2020-11-08 02:00:00,1190.3627777777779
2020-11-08 03:00:00,1189.8215277777779
2020-11-08 04:00:00,1190.4577777777777
2020-11-08 05:00:00,1249.5755555555556
2020-11-08 06:00:00,1139.584513888889
2020-11-08 07:00:00,1109.1161805555555
2020-11-08 08:00:00,1244.7305555555556
2020-11-08 09:00:00,1425.9811111111112
2020-11-08 10:00:00,1631.0034722222222
2020-11-08 11:00:00,1679.4866666666667
2020-11-08 12:00:00,1804.923888888889
2020-11-08 13:00:00,1515.0883333333334
2020-11-08 14:00:00,1536.2216666666666
2020-11-08 15:00:00,1514.2115277777777
2020-11-08 16:00:00,1423.5202777777777
2020-11-08 17:00:00,1447.2440277777778
2020-11-08 18:00:00,1449.5011111111112
2020-11-08 19:00:00,1502.931111111111
2020-11-08 20:00:00,1405.6861111111111
2020-11-08 21:00:00,1402.9431944444445
2020-11-08 22:00:00,1447.9727777777778
2020-11-08 23:00:00,1404.9883333333332
2020-11-09 00:00:00,1402.0830555555556
2020-11-09 01:00:00,1361.087361111111
2020-11-09 02:00:00,1327.4615277777777
2020-11-09 03:00:00,1355.1347222222223
2020-11-09 04:00:00,1389.5694444444443
2020-11-09 05:00:00,1485.1483333333333
2020-11-09 06:00:00,1361.4875
2020-11-09 07:00:00,1330.6169444444445
2020-11-09 08:00:00,1406.7347222222222
2020-11-09 09:00:00,1444.1377777777777
2020-11-09 10:00:00,1444.7477777777779
2020-11-09 11:00:00,1543.1640277777778
2020-11-09 12:00:00,1607.0436111111112
2020-11-09 13:00:00,1392.9344444444444
2020-11-09 14:00:00,1375.6788888888889
2020-11-09 15:00:00,1372.9831944444445
2020-11-09 16:00:00,1328.5552777777777
2020-11-09 17:00:00,1405.6384722222222
2020-11-09 18:00:00,1477.7388888888888
2020-11-09 19:00:00,1580.2990277777778
2020-11-09 20:00:00,1395.6552777777779
2020-11-09 21:00:00,1430.9043055555555
2020-11-09 22:00:00,1484.5191666666667
2020-11-09 23:00:00,1468.0111111111112
2020-11-10 00:00:00,1454.0658333333333
2020-11-10 01:00:00,1494.9388888888889
2020-11-10 02:00:00,1436.7527777777777
2020-11-10 03:00:00,1421.578888888889
2020-11-10 04:00:00,1406.1427777777778
2020-11-10 05:00:00,1583.7943055555556
2020-11-10 06:00:00,1579.4811111111112
2020-11-10 07:00:00,1661.0344444444445
2020-11-10 08:00:00,1799.9480555555556
2020-11-10 09:00:00,1796.9391666666668
2020-11-10 10:00:00,1850.8143055555556
2020-11-10 11:00:00,1916.5265277777778
2020-11-10 12:00:00,2073.412638888889
2020-11-10 13:00:00,1770.7897222222223
2020-11-10 14:00:00,1647.9805555555556
2020-11-10 15:00:00,1610.6106944444443
2020-11-10 16:00:00,1593.7075
2020-11-10 17:00:00,1548.9033333333334
2020-11-10 18:00:00,1717.1440277777779
2020-11-10 19:00:00,1577.4193055555556
2020-11-10 20:00:00,1506.2334722222222
2020-11-10 21:00:00,1567.131388888889
2020-11-10 22:00:00,1586.0208333333333
2020-11-10 23:00:00,1656.6925
2020-11-11 00:00:00,1693.9197222222222
2020-11-11 01:00:00,1720.4997222222223
2020-11-11 02:00:00,1704.976111111111
2020-11-11 03:00:00,1759.15875
2020-11-11 04:00:00,1775.3144444444445
2020-11-11 05:00:00,1683.3761111111112
2020-11-11 06:00:00,1595.7252777777778
2020-11-11 07:00:00,1614.921388888889
2020-11-11 08:00:00,1655.1834722222222
2020-11-11 09:00:00,1777.2086111111112
2020-11-11 10:00:00,1800.2327777777778
2020-11-11 11:00:00,1847.0477777777778
2020-11-11 12:00:00,1794.6208333333334
2020-11-11 13:00:00,1643.9633333333334
2020-11-11 14:00:00,1681.4452777777778
2020-11-11 15:00:00,1745.7569444444443
2020-11-11 16:00:00,1686.3894444444445
2020-11-11 17:00:00,1763.2652777777778
2020-11-11 18:00:00,1773.85875
2020-11-11 19:00:00,1755.7736111111112
2020-11-11 20:00:00,1627.4688888888888
2020-11-11 21:00:00,1684.7163888888888
2020-11-11 22:00:00,1682.5130555555556
2020-11-11 23:00:00,1737.9483333333333
2020-11-12 00:00:00,1779.931388888889
2020-11-12 01:00:00,1742.7605555555556
2020-11-12 02:00:00,1716.6163888888889
2020-11-12 03:00:00,1797.3579166666666
2020-11-12 04:00:00,1817.7933333333333
2020-11-12 05:00:00,1848.3466666666666
2020-11-12 06:00:00,1800.9858333333334
2020-11-12 07:00:00,1683.7572222222223
2020-11-12 08:00:00,1825.9341666666667
2020-11-12 09:00:00,2004.3430555555556
2020-11-12 10:00:00,1995.4786111111111
2020-11-12 11:00:00,2109.3518055555555
2020-11-12 12:00:00,2210.1883333333335
2020-11-12 13:00:00,2029.878611111111
2020-11-12 14:00:00,2159.8888888888887
2020-11-12 15:00:00,2212.658611111111
2020-11-12 16:00:00,2044.985138888889
2020-11-12 17:00:00,2018.6006944444443
2020-11-12 18:00:00,1994.7833333333333
2020-11-12 19:00:00,2018.422361111111
2020-11-12 20:00:00,1835.6191666666666
2020-11-12 21:00:00,1898.8502777777778
2020-11-12 22:00:00,1957.9269444444444
2020-11-12 23:00:00,1979.4125
2020-11-13 00:00:00,2008.4616666666666
2020-11-13 01:00:00,2083.354027777778
2020-11-13 02:00:00,2052.0155555555557
2020-11-13 03:00:00,2132.5731944444447
2020-11-13 04:00:00,2101.5447222222224
2020-11-13 05:00:00,2125.795833333333
2020-11-13 06:00:00,1723.043888888889
2020-11-13 07:00:00,1666.7120833333333
2020-11-13 08:00:00,1701.1615277777778
2020-11-13 09:00:00,1878.055138888889
2020-11-13 10:00:00,2086.8380555555555
2020-11-13 11:00:00,2292.617638888889
2020-11-13 12:00:00,2161.0354166666666
2020-11-13 13:00:00,1897.0177777777778
2020-11-13 14:00:00,1902.5333333333333
2020-11-13 15:00:00,1781.5861111111112
2020-11-13 16:00:00,1645.3458333333333
2020-11-13 17:00:00,1570.411111111111
2020-11-13 18:00:00,1566.1522222222222
2020-11-13 19:00:00,1589.5616666666667
2020-11-13 20:00:00,1450.2777777777778
2020-11-13 21:00:00,1578.4777777777779
2020-11-13 22:00:00,1663.8991666666666
2020-11-13 23:00:00,1699.4086111111112
2020-11-14 00:00:00,1740.4811111111112
2020-11-14 01:00:00,1804.3168055555554
2020-11-14 02:00:00,1819.889861111111
2020-11-14 03:00:00,1855.8158333333333
2020-11-14 04:00:00,1873.8330555555556
2020-11-14 05:00:00,2119.45625
2020-11-14 06:00:00,2004.5715277777779
2020-11-14 07:00:00,1930.6180555555557
2020-11-14 08:00:00,2233.253888888889
2020-11-14 09:00:00,2470.4805555555554
2020-11-14 10:00:00,2686.900277777778
2020-11-14 11:00:00,2695.7116666666666
2020-11-14 12:00:00,2784.032777777778
2020-11-14 13:00:00,2443.535
2020-11-14 14:00:00,2488.2466666666664
2020-11-14 15:00:00,2355.2141666666666
2020-11-14 16:00:00,2220.8688888888887
2020-11-14 17:00:00,2358.5969444444445
2020-11-14 18:00:00,2473.8644444444444
2020-11-14 19:00:00,2330.5680555555555
2020-11-14 20:00:00,2224.7875
2020-11-14 21:00:00,2080.021111111111
2020-11-14 22:00:00,2011.9065277777777
2020-11-14 23:00:00,1946.6294444444445
2020-11-15 00:00:00,1854.1106944444443
2020-11-15 01:00:00,1775.1955555555555
2020-11-15 02:00:00,1733.278611111111
2020-11-15 03:00:00,1790.2902777777779
2020-11-15 04:00:00,1822.28
2020-11-15 05:00:00,1811.6647222222223
2020-11-15 06:00:00,1728.9629166666666
2020-11-15 07:00:00,1751.9758333333334
2020-11-15 08:00:00,2003.9652777777778
2020-11-15 09:00:00,2226.7591666666667
2020-11-15 10:00:00,2368.7130555555555
2020-11-15 11:00:00,2495.3816666666667
2020-11-15 12:00:00,2469.873888888889
2020-11-15 13:00:00,2134.566527777778
2020-11-15 14:00:00,2114.728611111111
2020-11-15 15:00:00,1957.5526388888889
2020-11-15 16:00:00,1860.2169444444444
2020-11-15 17:00:00,1809.9572222222223
2020-11-15 18:00:00,1752.3966666666668
2020-11-15 19:00:00,1811.8579166666666
2020-11-15 20:00:00,1547.4422222222222
2020-11-15 21:00:00,1498.20125
2020-11-15 22:00:00,1520.2276388888888
2020-11-15 23:00:00,1512.5055555555555
2020-11-16 00:00:00,1600.0955555555556
2020-11-16 01:00:00,1669.548611111111
2020-11-16 02:00:00,1687.1568055555556
2020-11-16 03:00:00,1683.287638888889
2020-11-16 04:00:00,1761.4069444444444
2020-11-16 05:00:00,1667.4141666666667
2020-11-16 06:00:00,1474.2513888888889
2020-11-16 07:00:00,1289.8448611111112
2020-11-16 08:00:00,1320.4910416666667
2020-11-16 09:00:00,1467.2
2020-11-16 10:00:00,1598.32625
2020-11-16 11:00:00,1502.92
2020-11-16 12:00:00,1267.1179166666666
2020-11-16 13:00:00,1190.0658333333333
2020-11-16 14:00:00,1048.2846527777779
2020-11-16 15:00:00,998.0159027777778
2020-11-16 16:00:00,965.335
2020-11-16 17:00:00,964.800625
2020-11-16 18:00:00,976.738125
2020-11-16 19:00:00,1081.200486111111
2020-11-16 20:00:00,991.8809722222222
2020-11-16 21:00:00,1017.3017361111112
2020-11-16 22:00:00,1097.06
2020-11-16 23:00:00,1121.607638888889
2020-11-17 00:00:00,1060.755
2020-11-17 01:00:00,1034.0774305555556
2020-11-17 02:00:00,1031.8236111111112
2020-11-17 03:00:00,1051.6094444444445
2020-11-17 04:00:00,957.3992361111111
2020-11-17 05:00:00,1061.2184027777778
2020-11-17 06:00:00,924.8644444444444
2020-11-17 07:00:00,796.6890277777778
2020-11-17 08:00:00,836.2818055555556
2020-11-17 09:00:00,1007.2091666666666
2020-11-17 10:00:00,1130.224375
2020-11-17 11:00:00,1167.9359722222223
2020-11-17 12:00:00,1249.8995833333333
2020-11-17 13:00:00,1101.8318055555555
2020-11-17 14:00:00,1143.7204166666668
2020-11-17 15:00:00,1213.7380555555555
2020-11-17 16:00:00,1283.5094444444444
2020-11-17 17:00:00,1294.6148611111112
2020-11-17 18:00:00,1380.7506944444444
2020-11-17 19:00:00,1419.1893055555556
2020-11-17 20:00:00,1257.9505555555556
2020-11-17 21:00:00,1299.2519444444445
2020-11-17 22:00:00,1383.0947222222221
2020-11-17 23:00:00,1405.7116666666666
2020-11-18 00:00:00,1403.1447222222223
2020-11-18 01:00:00,1398.0934722222223
2020-11-18 02:00:00,1395.03625
2020-11-18 03:00:00,1370.56375
2020-11-18 04:00:00,1350.3690277777778
2020-11-18 05:00:00,1263.6752777777779
2020-11-18 06:00:00,1318.42625
2020-11-18 07:00:00,1270.6890277777777
2020-11-18 08:00:00,1555.0443055555556
2020-11-18 09:00:00,1830.298888888889
2020-11-18 10:00:00,1673.3244444444445
2020-11-18 11:00:00,1638.31125
2020-11-18 12:00:00,1628.6333333333334
2020-11-18 13:00:00,1488.3927777777778
2020-11-18 14:00:00,1430.6080555555557
2020-11-18 15:00:00,1368.3938888888888
2020-11-18 16:00:00,1298.5643055555556
2020-11-18 17:00:00,1280.3779166666666
2020-11-18 18:00:00,1301.3038888888889
2020-11-18 19:00:00,1337.8347222222221
2020-11-18 20:00:00,1226.7908333333332
2020-11-18 21:00:00,1146.8622916666666
2020-11-18 22:00:00,1226.25625
2020-11-18 23:00:00,1294.8969444444444
2020-11-19 00:00:00,1270.4522222222222
2020-11-19 01:00:00,1241.3897222222222
2020-11-19 02:00:00,1251.2941666666666
2020-11-19 03:00:00,1347.671111111111
2020-11-19 04:00:00,1354.921388888889
2020-11-19 05:00:00,1509.9790277777777
2020-11-19 06:00:00,1654.2984722222222
2020-11-19 07:00:00,1513.5443055555556
2020-11-19 08:00:00,1496.5045833333334
2020-11-19 09:00:00,1505.702638888889
2020-11-19 10:00:00,1564.97
2020-11-19 11:00:00,1591.2520833333333
2020-11-19 12:00:00,1617.6147222222223
2020-11-19 13:00:00,1530.8733333333332
2020-11-19 14:00:00,1322.7716666666668
2020-11-19 15:00:00,1203.4993055555556
2020-11-19 16:00:00,1112.9295833333333
2020-11-19 17:00:00,1157.6805555555557
2020-11-19 18:00:00,1202.8229166666667
2020-11-19 19:00:00,1195.5611111111111
2020-11-19 20:00:00,1138.0434722222221
2020-11-19 21:00:00,1152.1886111111112
2020-11-19 22:00:00,1210.1666666666667
2020-11-19 23:00:00,1208.8861111111112
2020-11-20 00:00:00,1154.206111111111
2020-11-20 01:00:00,1124.5727083333334
2020-11-20 02:00:00,1112.6335416666666
2020-11-20 03:00:00,1150.0854166666666
2020-11-20 04:00:00,1175.49875
2020-11-20 05:00:00,1193.1638888888888
2020-11-20 06:00:00,1149.5741666666668
2020-11-20 07:00:00,1182.763611111111
2020-11-20 08:00:00,1219.8308333333334
2020-11-20 09:00:00,1278.5691666666667
2020-11-20 10:00:00,1320.4327777777778
2020-11-20 11:00:00,1444.286388888889
2020-11-20 12:00:00,1549.7016666666666
2020-11-20 13:00:00,1458.1983333333333
2020-11-20 14:00:00,1440.0675
2020-11-20 15:00:00,1393.6730555555555
2020-11-20 16:00:00,1258.2925
2020-11-20 17:00:00,1209.3763888888889
2020-11-20 18:00:00,1196.4498611111112
2020-11-20 19:00:00,1173.4043055555555
2020-11-20 20:00:00,1138.6947916666666
2020-11-20 21:00:00,1147.7711805555555
2020-11-20 22:00:00,1158.482361111111
2020-11-20 23:00:00,1182.1380555555556
2020-11-21 00:00:00,1221.1331944444444
2020-11-21 01:00:00,1243.8
2020-11-21 02:00:00,1226.3809722222222
2020-11-21 03:00:00,1249.62
2020-11-21 04:00:00,1216.6569444444444
2020-11-21 05:00:00,1179.309861111111
2020-11-21 06:00:00,1109.23875
2020-11-21 07:00:00,1048.2279166666667
2020-11-21 08:00:00,1061.8022222222223
2020-11-21 09:00:00,1072.107361111111
2020-11-21 10:00:00,1087.11875
2020-11-21 11:00:00,1099.744861111111
2020-11-21 12:00:00,1062.4488888888889
2020-11-21 13:00:00,1029.5243055555557
2020-11-21 14:00:00,1064.6524305555556
2020-11-21 15:00:00,1085.3240277777777
2020-11-21 16:00:00,1071.285
2020-11-21 17:00:00,1062.1702777777778
2020-11-21 18:00:00,1056.418888888889
2020-11-21 19:00:00,1066.81625
2020-11-21 20:00:00,1059.2689583333333
2020-11-21 21:00:00,1112.5977083333332
2020-11-21 22:00:00,1162.060763888889
2020-11-21 23:00:00,1245.5702777777778
2020-11-22 00:00:00,1307.1034722222223
2020-11-22 01:00:00,1416.588611111111
2020-11-22 02:00:00,1464.661111111111
2020-11-22 03:00:00,1405.4861805555556
2020-11-22 04:00:00,1303.1391666666666
2020-11-22 05:00:00,1303.3433333333332
2020-11-22 06:00:00,1338.5241666666666
2020-11-22 07:00:00,1208.9991666666667
2020-11-22 08:00:00,1399.9997222222223
2020-11-22 09:00:00,1818.347638888889
2020-11-22 10:00:00,1871.4505555555556
2020-11-22 11:00:00,1781.2875
2020-11-22 12:00:00,1738.6580555555556
2020-11-22 13:00:00,1679.0836111111112
2020-11-22 14:00:00,1649.8595833333334
2020-11-22 15:00:00,1638.6915277777778
2020-11-22 16:00:00,1545.6047222222223
2020-11-22 17:00:00,1415.4922222222222
2020-11-22 18:00:00,1322.7691666666667
2020-11-22 19:00:00,1346.3434722222223
2020-11-22 20:00:00,1291.4902777777777
2020-11-22 21:00:00,1241.7883333333334
2020-11-22 22:00:00,1292.9955555555555
2020-11-22 23:00:00,1340.1834722222222
2020-11-23 00:00:00,1330.9990277777779
2020-11-23 01:00:00,1292.4441666666667
2020-11-23 02:00:00,1251.1552777777779
2020-11-23 03:00:00,1219.8719444444444
2020-11-23 04:00:00,1202.4905555555556
2020-11-23 05:00:00,1217.3755555555556
2020-11-23 06:00:00,914.6848611111111
2020-11-23 07:00:00,859.0044444444444
2020-11-23 08:00:00,942.8958333333334
2020-11-23 09:00:00,1012.9005555555556
2020-11-23 10:00:00,1042.9193055555556
2020-11-23 11:00:00,1116.50125
2020-11-23 12:00:00,1303.055
2020-11-23 13:00:00,1093.445625
2020-11-23 14:00:00,1154.6389583333332
2020-11-23 15:00:00,1117.8779166666666
2020-11-23 16:00:00,1033.3599305555556
2020-11-23 17:00:00,1059.6249305555555
2020-11-23 18:00:00,1040.5604166666667
2020-11-23 19:00:00,1052.3081944444446
2020-11-23 20:00:00,1010.9530555555556
2020-11-23 21:00:00,991.9495833333333
2020-11-23 22:00:00,1064.316111111111
2020-11-23 23:00:00,1106.470625
2020-11-24 00:00:00,1022.8915277777778
2020-11-24 01:00:00,979.5935416666666
2020-11-24 02:00:00,986.5305555555556
2020-11-24 03:00:00,1012.2977777777778
2020-11-24 04:00:00,1053.1797916666667
2020-11-24 05:00:00,1084.1589583333334
2020-11-24 06:00:00,1032.9422916666667
2020-11-24 07:00:00,984.2189583333334
2020-11-24 08:00:00,1054.0115277777777
2020-11-24 09:00:00,1116.1222916666666
2020-11-24 10:00:00,1164.4274305555555
2020-11-24 11:00:00,1304.2175
2020-11-24 12:00:00,1266.5477777777778
2020-11-24 13:00:00,1102.656875
2020-11-24 14:00:00,1066.2075
2020-11-24 15:00:00,1092.4441666666667
2020-11-24 16:00:00,1082.308888888889
2020-11-24 17:00:00,1093.9320138888888
2020-11-24 18:00:00,1115.0603472222222
2020-11-24 19:00:00,1109.6550694444445
2020-11-24 20:00:00,1038.3450694444443
2020-11-24 21:00:00,1060.5704166666667
2020-11-24 22:00:00,1096.1952083333333
2020-11-24 23:00:00,1128.6747916666666
2020-11-25 00:00:00,1141.9544444444443
2020-11-25 01:00:00,1096.1878472222222
2020-11-25 02:00:00,1052.0255555555555
2020-11-25 03:00:00,1044.8730555555555
2020-11-25 04:00:00,1037.1579166666668
2020-11-25 05:00:00,1022.5275
2020-11-25 06:00:00,973.9070833333334
2020-11-25 07:00:00,1087.347638888889
2020-11-25 08:00:00,1127.8795138888888
2020-11-25 09:00:00,1144.63125
2020-11-25 10:00:00,1055.2480555555555
2020-11-25 11:00:00,1064.2288888888888
2020-11-25 12:00:00,1201.4884722222223
2020-11-25 13:00:00,1186.2523611111112
2020-11-25 14:00:00,1184.3143055555556
2020-11-25 15:00:00,1152.0715277777779
2020-11-25 16:00:00,1133.6702083333332
2020-11-25 17:00:00,1125.4333333333334
2020-11-25 18:00:00,1138.6194444444445
2020-11-25 19:00:00,1154.4430555555555
2020-11-25 20:00:00,1111.775
2020-11-25 21:00:00,1150.6693055555556
2020-11-25 22:00:00,1216.0754166666666
2020-11-25 23:00:00,1250.9508333333333
2020-11-26 00:00:00,1259.7768055555555
2020-11-26 01:00:00,1265.0297222222223
2020-11-26 02:00:00,1256.6754166666667
2020-11-26 03:00:00,1271.773888888889
2020-11-26 04:00:00,1294.6248611111112
2020-11-26 05:00:00,1194.9388888888889
2020-11-26 06:00:00,1127.6518055555555
2020-11-26 07:00:00,1094.69
2020-11-26 08:00:00,1212.681388888889
2020-11-26 09:00:00,1348.3233333333333
2020-11-26 10:00:00,1440.611111111111
2020-11-26 11:00:00,1526.2758333333334
2020-11-26 12:00:00,1518.0523611111112
2020-11-26 13:00:00,1407.1305555555555
2020-11-26 14:00:00,1631.1644444444444
2020-11-26 15:00:00,1484.631388888889
2020-11-26 16:00:00,1401.3133333333333
2020-11-26 17:00:00,1391.9788888888888
2020-11-26 18:00:00,1382.5672222222222
2020-11-26 19:00:00,1373.0770833333333
2020-11-26 20:00:00,1278.4430555555555
2020-11-26 21:00:00,1261.778611111111
2020-11-26 22:00:00,1300.35
2020-11-26 23:00:00,1313.8358333333333
2020-11-27 00:00:00,1270.3333333333333
2020-11-27 01:00:00,1264.6425
2020-11-27 02:00:00,1211.735
2020-11-27 03:00:00,1205.39
2020-11-27 04:00:00,1242.2465277777778
2020-11-27 05:00:00,1189.1383333333333
2020-11-27 06:00:00,1220.6606944444445
2020-11-27 07:00:00,1197.31
2020-11-27 08:00:00,1249.1725
2020-11-27 09:00:00,1364.6022222222223
2020-11-27 10:00:00,1470.6925
2020-11-27 11:00:00,1535.6
2020-11-27 12:00:00,1469.9670833333332
2020-11-27 13:00:00,1403.6325
2020-11-27 14:00:00,1355.5865277777777
2020-11-27 15:00:00,1389.8495833333334
2020-11-27 16:00:00,1319.3211111111111
2020-11-27 17:00:00,1286.410138888889
2020-11-27 18:00:00,1262.2468055555555
2020-11-27 19:00:00,1249.5747222222221
2020-11-27 20:00:00,1174.3338888888889
2020-11-27 21:00:00,1193.441111111111
2020-11-27 22:00:00,1183.7590972222222
2020-11-27 23:00:00,1214.6052777777777
2020-11-28 00:00:00,1187.8509722222223
2020-11-28 01:00:00,1174.0744444444445
2020-11-28 02:00:00,1210.7094444444444
2020-11-28 03:00:00,1248.1161111111112
2020-11-28 04:00:00,1283.4697222222221
2020-11-28 05:00:00,1182.68375
2020-11-28 06:00:00,1258.9588888888889
2020-11-28 07:00:00,1184.4630555555555
2020-11-28 08:00:00,1230.6508333333334
2020-11-28 09:00:00,1320.9408333333333
2020-11-28 10:00:00,1416.693888888889
2020-11-28 11:00:00,1534.3175
2020-11-28 12:00:00,1589.5808333333334
2020-11-28 13:00:00,1475.0480555555555
2020-11-28 14:00:00,1423.0783333333334
2020-11-28 15:00:00,1399.5572222222222
2020-11-28 16:00:00,1350.3352777777777
2020-11-28 17:00:00,1379.6248611111112
2020-11-28 18:00:00,1354.8322222222223
2020-11-28 19:00:00,1330.9355555555555
2020-11-28 20:00:00,1230.7994444444444
2020-11-28 21:00:00,1216.076111111111
2020-11-28 22:00:00,1265.3293055555555
2020-11-28 23:00:00,1317.568611111111
2020-11-29 00:00:00,1337.3252777777777
2020-11-29 01:00:00,1366.4572222222223
2020-11-29 02:00:00,1345.3472222222222
2020-11-29 03:00:00,1403.4275
2020-11-29 04:00:00,1449.535
2020-11-29 05:00:00,1316.7805555555556
2020-11-29 06:00:00,1424.6077777777778
2020-11-29 07:00:00,1398.5533333333333
2020-11-29 08:00:00,1359.3902777777778
2020-11-29 09:00:00,1435.829861111111
2020-11-29 10:00:00,1514.577361111111
2020-11-29 11:00:00,1521.7429166666666
2020-11-29 12:00:00,1436.5583333333334
2020-11-29 13:00:00,1345.1144444444444
2020-11-29 14:00:00,1328.8831944444444
2020-11-29 15:00:00,1325.693888888889
2020-11-29 16:00:00,1253.1847222222223
2020-11-29 17:00:00,1235.6243055555556
2020-11-29 18:00:00,1266.2794444444444
2020-11-29 19:00:00,1247.35125
2020-11-29 20:00:00,1286.2591666666667
2020-11-29 21:00:00,1242.7730555555556
2020-11-29 22:00:00,1265.9691666666668
2020-11-29 23:00:00,1243.085
2020-11-30 00:00:00,1271.5179166666667
2020-11-30 01:00:00,1226.2619444444445
2020-11-30 02:00:00,1207.9156944444444
2020-11-30 03:00:00,1258.777361111111
2020-11-30 04:00:00,1261.651111111111
2020-11-30 05:00:00,1248.1719444444445
2020-11-30 06:00:00,1262.1266666666668
2020-11-30 07:00:00,1207.7122222222222
2020-11-30 08:00:00,1216.565
2020-11-30 09:00:00,1232.6280555555556
2020-11-30 10:00:00,1182.6030555555556
2020-11-30 11:00:00,1191.0415277777777
2020-11-30 12:00:00,1204.3536111111111
2020-11-30 13:00:00,1154.8992361111111
2020-11-30 14:00:00,1174.7390277777777
2020-11-30 15:00:00,1215.4540277777778
2020-11-30 16:00:00,1171.4361111111111
2020-11-30 17:00:00,1108.722361111111
2020-11-30 18:00:00,1068.9498611111112
2020-11-30 19:00:00,1058.3638888888888
2020-11-30 20:00:00,1070.8366666666666
2020-11-30 21:00:00,1048.7272222222223
2020-11-30 22:00:00,1128.8400694444445
2020-11-30 23:00:00,1152.6070833333333
2020-12-01 00:00:00,1196.5441666666666
2020-12-01 01:00:00,1209.86
2020-12-01 02:00:00,1238.9602777777777
2020-12-01 03:00:00,1229.6970833333332
2020-12-01 04:00:00,1235.223611111111
2020-12-01 05:00:00,1137.4898611111112
2020-12-01 06:00:00,1264.1955555555555
2020-12-01 07:00:00,1176.392361111111
2020-12-01 08:00:00,1177.4256944444444
2020-12-01 09:00:00,1348.2908333333332
2020-12-01 10:00:00,1354.1406944444445
2020-12-01 11:00:00,1432.5116666666668
2020-12-01 12:00:00,1388.7483333333332
2020-12-01 13:00:00,1259.5441666666666
2020-12-01 14:00:00,1300.9347222222223
2020-12-01 15:00:00,1342.5113888888889
2020-12-01 16:00:00,1266.0475
2020-12-01 17:00:00,1273.5080555555555
2020-12-01 18:00:00,1238.0541666666666
2020-12-01 19:00:00,1277.1508333333334
2020-12-01 20:00:00,1195.5419444444444
2020-12-01 21:00:00,1197.2930555555556
2020-12-01 22:00:00,1222.2306944444445
2020-12-01 23:00:00,1287.1169444444445
2020-12-02 00:00:00,1312.4202777777778
2020-12-02 01:00:00,1258.1397222222222
2020-12-02 02:00:00,1232.2154166666667
2020-12-02 03:00:00,1224.9230555555555
2020-12-02 04:00:00,1253.6506944444445
2020-12-02 05:00:00,1163.4894444444444
2020-12-02 06:00:00,1261.22625
2020-12-02 07:00:00,1186.5436111111112
2020-12-02 08:00:00,1211.8480555555554
2020-12-02 09:00:00,1383.2581944444444
2020-12-02 10:00:00,1402.8047222222222
2020-12-02 11:00:00,1410.5211111111112
2020-12-02 12:00:00,1386.3866666666668
2020-12-02 13:00:00,1236.6290277777778
2020-12-02 14:00:00,1205.9208333333333
2020-12-02 15:00:00,1242.0075
2020-12-02 16:00:00,1258.190138888889
2020-12-02 17:00:00,1249.98
2020-12-02 18:00:00,1198.2908333333332
2020-12-02 19:00:00,1175.2858333333334
2020-12-02 20:00:00,1147.7102777777777
2020-12-02 21:00:00,1040.609861111111
2020-12-02 22:00:00,1050.5616666666667
2020-12-02 23:00:00,1028.7072916666666
2020-12-03 00:00:00,1049.9168055555556
2020-12-03 01:00:00,1120.9975
2020-12-03 02:00:00,1063.05875
2020-12-03 03:00:00,1118.0344444444445
2020-12-03 04:00:00,1072.0372222222222
2020-12-03 05:00:00,1030.912361111111
2020-12-03 06:00:00,1109.4149305555557
2020-12-03 07:00:00,1101.4425
2020-12-03 08:00:00,1091.046388888889
2020-12-03 09:00:00,1116.5575
2020-12-03 10:00:00,1068.3540277777777
2020-12-03 11:00:00,1106.248125
2020-12-03 12:00:00,1125.9688888888888
2020-12-03 13:00:00,1100.3520833333334
2020-12-03 14:00:00,1079.5540277777777
2020-12-03 15:00:00,1094.8603472222221
2020-12-03 16:00:00,1118.279375
2020-12-03 17:00:00,1096.6936284722221
2020-12-03 18:00:00,1065.5677083333333
2020-12-03 19:00:00,1085.5365277777778
2020-12-03 20:00:00,1117.6694444444445
2020-12-03 21:00:00,1090.790486111111
2020-12-03 22:00:00,1033.2156944444444
2020-12-03 23:00:00,1031.422638888889
2020-12-04 00:00:00,1074.3444444444444
2020-12-04 01:00:00,1087.58625
2020-12-04 02:00:00,1106.2386111111111
2020-12-04 03:00:00,1154.3909027777777
2020-12-04 04:00:00,1154.6551388888888
2020-12-04 05:00:00,1076.1715277777778
2020-12-04 06:00:00,1245.3883333333333
2020-12-04 07:00:00,1178.8480555555554
2020-12-04 08:00:00,1230.6565277777777
2020-12-04 09:00:00,1307.7091666666668
2020-12-04 10:00:00,1324.4038888888888
2020-12-04 11:00:00,1347.921111111111
2020-12-04 12:00:00,1463.6851388888888
2020-12-04 13:00:00,1408.6136111111111
2020-12-04 14:00:00,1386.158888888889
2020-12-04 15:00:00,1352.4373611111112
2020-12-04 16:00:00,1338.143611111111
2020-12-04 17:00:00,1317.4358333333332
2020-12-04 18:00:00,1328.8205555555555
2020-12-04 19:00:00,1389.368611111111
2020-12-04 20:00:00,1377.8038888888889
2020-12-04 21:00:00,1380.8990277777777
2020-12-04 22:00:00,1384.4533333333334
2020-12-04 23:00:00,1412.5388888888888
2020-12-05 00:00:00,1358.399861111111
2020-12-05 01:00:00,1338.3806944444445
2020-12-05 02:00:00,1343.1983333333333
2020-12-05 03:00:00,1374.9816666666666
2020-12-05 04:00:00,1323.0388888888888
2020-12-05 05:00:00,1259.3683333333333
2020-12-05 06:00:00,1287.9386111111112
2020-12-05 07:00:00,1253.8433333333332
2020-12-05 08:00:00,1279.1633333333334
2020-12-05 09:00:00,1316.8870833333333
2020-12-05 10:00:00,1401.8822222222223
2020-12-05 11:00:00,1425.3727777777779
2020-12-05 12:00:00,1443.8580555555557
2020-12-05 13:00:00,1481.9216666666666
2020-12-05 14:00:00,1462.286388888889
2020-12-05 15:00:00,1431.421111111111
2020-12-05 16:00:00,1336.7059722222223
2020-12-05 17:00:00,1361.0666666666666
2020-12-05 18:00:00,1326.0402777777779
2020-12-05 19:00:00,1400.9877777777779
2020-12-05 20:00:00,1413.4144444444444
2020-12-05 21:00:00,1381.159861111111
2020-12-05 22:00:00,1388.7719444444444
2020-12-05 23:00:00,1416.8765277777777
2020-12-06 00:00:00,1419.0255555555555
2020-12-06 01:00:00,1370.5691666666667
2020-12-06 02:00:00,1302.1975
2020-12-06 03:00:00,1399.3609722222222
2020-12-06 04:00:00,1425.671111111111
2020-12-06 05:00:00,1450.8722222222223
2020-12-06 06:00:00,1640.993888888889
2020-12-06 07:00:00,1500.8409722222223
2020-12-06 08:00:00,1454.1652777777779
2020-12-06 09:00:00,1612.9447222222223
2020-12-06 10:00:00,1733.2956944444445
2020-12-06 11:00:00,1839.1591666666666
2020-12-06 12:00:00,1807.8747222222223
2020-12-06 13:00:00,1691.745
2020-12-06 14:00:00,1682.8491666666666
2020-12-06 15:00:00,1601.465138888889
2020-12-06 16:00:00,1552.5683333333334
2020-12-06 17:00:00,1579.5640277777777
2020-12-06 18:00:00,1598.1680555555556
2020-12-06 19:00:00,1666.44
2020-12-06 20:00:00,1497.026388888889
2020-12-06 21:00:00,1543.7955555555557
2020-12-06 22:00:00,1629.798888888889
2020-12-06 23:00:00,1609.6827777777778
2020-12-07 00:00:00,1630.080138888889
2020-12-07 01:00:00,1534.388611111111
2020-12-07 02:00:00,1459.7230555555554
2020-12-07 03:00:00,1395.9397222222221
2020-12-07 04:00:00,1385.3548611111112
2020-12-07 05:00:00,1449.3222222222223
2020-12-07 06:00:00,1469.651111111111
2020-12-07 07:00:00,1372.7931944444445
2020-12-07 08:00:00,1417.5223611111112
2020-12-07 09:00:00,1499.8733333333332
2020-12-07 10:00:00,1580.3093055555555
2020-12-07 11:00:00,1649.7172222222223
2020-12-07 12:00:00,1669.6876388888888
2020-12-07 13:00:00,1515.4452777777778
2020-12-07 14:00:00,1507.5502777777779
2020-12-07 15:00:00,1594.0294444444444
2020-12-07 16:00:00,1547.0966666666666
2020-12-07 17:00:00,1567.578888888889
2020-12-07 18:00:00,1530.75375
2020-12-07 19:00:00,1542.7458333333334
2020-12-07 20:00:00,1461.2508333333333
2020-12-07 21:00:00,1447.4619444444445
2020-12-07 22:00:00,1523.298888888889
2020-12-07 23:00:00,1519.7869444444445
2020-12-08 00:00:00,1499.7366666666667
2020-12-08 01:00:00,1460.2934722222221
2020-12-08 02:00:00,1484.7004166666666
2020-12-08 03:00:00,1512.5705555555555
2020-12-08 04:00:00,1497.4275
2020-12-08 05:00:00,1365.456111111111
2020-12-08 06:00:00,1549.47
2020-12-08 07:00:00,1421.3336111111112
2020-12-08 08:00:00,1424.118611111111
2020-12-08 09:00:00,1513.5681944444445
2020-12-08 10:00:00,1523.2777777777778
2020-12-08 11:00:00,1592.6280555555556
2020-12-08 12:00:00,1601.47375
2020-12-08 13:00:00,1504.9758333333334
2020-12-08 14:00:00,1466.4847222222222
2020-12-08 15:00:00,1478.4427777777778
2020-12-08 16:00:00,1410.763888888889
2020-12-08 17:00:00,1427.3133333333333
2020-12-08 18:00:00,1409.2891666666667
2020-12-08 19:00:00,1420.721388888889
2020-12-08 20:00:00,1357.2277777777779
2020-12-08 21:00:00,1365.6648611111111
2020-12-08 22:00:00,1430.9080555555556
2020-12-08 23:00:00,1398.8694444444445
2020-12-09 00:00:00,1352.496388888889
2020-12-09 01:00:00,1341.9911111111112
2020-12-09 02:00:00,1313.37375
2020-12-09 03:00:00,1337.993611111111
2020-12-09 04:00:00,1330.7243055555555
2020-12-09 05:00:00,1196.7008333333333
2020-12-09 06:00:00,1354.5769444444445
2020-12-09 07:00:00,1320.2755555555555
2020-12-09 08:00:00,1328.878611111111
2020-12-09 09:00:00,1369.47625
2020-12-09 10:00:00,1372.1772222222223
2020-12-09 11:00:00,1415.3927777777778
2020-12-09 12:00:00,1494.506111111111
2020-12-09 13:00:00,1388.1254166666668
2020-12-09 14:00:00,1348.9025
2020-12-09 15:00:00,1362.816388888889
2020-12-09 16:00:00,1361.1334722222223
2020-12-09 17:00:00,1373.7919444444444
2020-12-09 18:00:00,1380.8127777777777
2020-12-09 19:00:00,1417.28
2020-12-09 20:00:00,1335.6697222222222
2020-12-09 21:00:00,1330.7643055555557
2020-12-09 22:00:00,1374.497361111111
2020-12-09 23:00:00,1370.5827777777777
2020-12-10 00:00:00,1320.2722222222221
2020-12-10 01:00:00,1320.4027777777778
2020-12-10 02:00:00,1296.9040277777779
2020-12-10 03:00:00,1306.7715277777777
2020-12-10 04:00:00,1251.7172222222223
2020-12-10 05:00:00,1120.7927777777777
2020-12-10 06:00:00,1272.2359722222222
2020-12-10 07:00:00,1242.5327777777777
2020-12-10 08:00:00,1280.5875
2020-12-10 09:00:00,1326.6791666666666
2020-12-10 10:00:00,1352.201388888889
2020-12-10 11:00:00,1359.7247222222222
2020-12-10 12:00:00,1337.6327777777778
2020-12-10 13:00:00,1246.5897222222222
2020-12-10 14:00:00,1242.2730555555556
2020-12-10 15:00:00,1299.3775
2020-12-10 16:00:00,1272.4852777777778
2020-12-10 17:00:00,1307.6102777777778
2020-12-10 18:00:00,1294.37
2020-12-10 19:00:00,1261.9377777777777
2020-12-10 20:00:00,1266.2047222222222
2020-12-10 21:00:00,1319.2584722222223
2020-12-10 22:00:00,1333.8669444444445
2020-12-10 23:00:00,1312.3513888888888
2020-12-11 00:00:00,1289.9177777777777
2020-12-11 01:00:00,1276.0738888888889
2020-12-11 02:00:00,1254.2380555555555
2020-12-11 03:00:00,1285.026388888889
2020-12-11 04:00:00,1262.6158333333333
2020-12-11 05:00:00,1107.6336111111111
2020-12-11 06:00:00,1302.9556944444444
2020-12-11 07:00:00,1262.91375
2020-12-11 08:00:00,1292.5793055555555
2020-12-11 09:00:00,1373.49
2020-12-11 10:00:00,1364.0316666666668
2020-12-11 11:00:00,1366.0647222222221
2020-12-11 12:00:00,1380.5325
2020-12-11 13:00:00,1308.9095833333333
2020-12-11 14:00:00,1299.2344444444445
2020-12-11 15:00:00,1289.982361111111
2020-12-11 16:00:00,1295.5627777777777
2020-12-11 17:00:00,1301.8822222222223
2020-12-11 18:00:00,1283.6316666666667
2020-12-11 19:00:00,1296.8372222222222
2020-12-11 20:00:00,1270.703611111111
2020-12-11 21:00:00,1296.4643055555555
2020-12-11 22:00:00,1334.857638888889
2020-12-11 23:00:00,1323.6772222222223
2020-12-12 00:00:00,1347.653611111111
2020-12-12 01:00:00,1364.0047222222222
2020-12-12 02:00:00,1351.0102777777777
2020-12-12 03:00:00,1374.1833333333334
2020-12-12 04:00:00,1362.7344444444445
2020-12-12 05:00:00,1292.0556944444445
2020-12-12 06:00:00,1416.0555555555557
2020-12-12 07:00:00,1374.41
2020-12-12 08:00:00,1409.41125
2020-12-12 09:00:00,1505.7133333333334
2020-12-12 10:00:00,1561.1340277777779
2020-12-12 11:00:00,1594.5202777777777
2020-12-12 12:00:00,1648.8347222222221
2020-12-12 13:00:00,1472.3895833333333
2020-12-12 14:00:00,1477.7383333333332
2020-12-12 15:00:00,1546.2504166666668
2020-12-12 16:00:00,1531.4952777777778
2020-12-12 17:00:00,1521.5033333333333
2020-12-12 18:00:00,1507.0044444444445
2020-12-12 19:00:00,1522.1336111111111
2020-12-12 20:00:00,1494.8733333333332
2020-12-12 21:00:00,1543.1130555555555
2020-12-12 22:00:00,1595.1397222222222
2020-12-12 23:00:00,1571.5777777777778
2020-12-13 00:00:00,1583.7723611111112
2020-12-13 01:00:00,1563.0923611111111
2020-12-13 02:00:00,1528.3259722222222
2020-12-13 03:00:00,1517.1622222222222
2020-12-13 04:00:00,1563.48
2020-12-13 05:00:00,1497.2502777777777
2020-12-13 06:00:00,1563.1819444444445
2020-12-13 07:00:00,1478.1822222222222
2020-12-13 08:00:00,1524.9061111111112
2020-12-13 09:00:00,1637.9105555555554
2020-12-13 10:00:00,1646.45125
2020-12-13 11:00:00,1650.9527777777778
2020-12-13 12:00:00,1689.9391666666668
2020-12-13 13:00:00,1556.433611111111
2020-12-13 14:00:00,1493.4
2020-12-13 15:00:00,1493.100138888889
2020-12-13 16:00:00,1450.2486111111111
2020-12-13 17:00:00,1463.9416666666666
2020-12-13 18:00:00,1457.2552777777778
2020-12-13 19:00:00,1508.2393055555556
2020-12-13 20:00:00,1513.902361111111
2020-12-13 21:00:00,1503.8018055555556
2020-12-13 22:00:00,1533.5772222222222
2020-12-13 23:00:00,1577.441111111111
2020-12-14 00:00:00,1600.1345833333332
2020-12-14 01:00:00,1637.0809722222223
2020-12-14 02:00:00,1678.6384722222222
2020-12-14 03:00:00,1667.8925
2020-12-14 04:00:00,1680.107361111111
2020-12-14 05:00:00,1570.7419444444445
2020-12-14 06:00:00,1718.4529166666666
2020-12-14 07:00:00,1510.0708333333334
2020-12-14 08:00:00,1564.7202777777777
2020-12-14 09:00:00,1743.1840277777778
2020-12-14 10:00:00,1816.105
2020-12-14 11:00:00,1894.3495833333334
2020-12-14 12:00:00,1944.3280555555555
2020-12-14 13:00:00,1757.1022222222223
2020-12-14 14:00:00,1829.0359722222222
2020-12-14 15:00:00,1869.8973611111112
2020-12-14 16:00:00,1938.3130555555556
2020-12-14 17:00:00,1936.175
2020-12-14 18:00:00,2031.9358333333332
2020-12-14 19:00:00,2147.4394444444442
2020-12-14 20:00:00,1983.3877777777777
2020-12-14 21:00:00,2042.825
2020-12-14 22:00:00,2070.891111111111
2020-12-14 23:00:00,2081.494722222222
2020-12-15 00:00:00,2085.0397222222223
2020-12-15 01:00:00,1937.3647222222223
2020-12-15 02:00:00,1882.9670833333332
2020-12-15 03:00:00,1839.7106944444445
2020-12-15 04:00:00,1849.2597222222223
2020-12-15 05:00:00,1714.5515277777777
2020-12-15 06:00:00,1937.7927430555555
2020-12-15 07:00:00,1756.8993055555557
2020-12-15 08:00:00,1799.7515277777777
2020-12-15 09:00:00,1936.7902777777779
2020-12-15 10:00:00,2030.28
2020-12-15 11:00:00,1942.931111111111
2020-12-15 12:00:00,1997.3920833333334
2020-12-15 13:00:00,1807.141388888889
2020-12-15 14:00:00,1818.9747222222222
2020-12-15 15:00:00,1860.9456944444444
2020-12-15 16:00:00,1935.8255555555556
2020-12-15 17:00:00,2050.741666666667
2020-12-15 18:00:00,2047.3084722222222
2020-12-15 19:00:00,2170.1483333333335
2020-12-15 20:00:00,1943.9997222222223
2020-12-15 21:00:00,2020.4305555555557
2020-12-15 22:00:00,2130.7630555555556
2020-12-15 23:00:00,2180.675277777778
2020-12-16 00:00:00,2237.9605555555554
2020-12-16 01:00:00,2248.595138888889
2020-12-16 02:00:00,2193.6919444444443
2020-12-16 03:00:00,2224.328611111111
2020-12-16 04:00:00,2271.8094444444446
2020-12-16 05:00:00,2062.102361111111
2020-12-16 06:00:00,2186.900277777778
2020-12-16 07:00:00,1968.6516666666666
2020-12-16 08:00:00,2258.0491666666667
2020-12-16 09:00:00,2389.948611111111
2020-12-16 10:00:00,2453.6405555555557
2020-12-16 11:00:00,2434.5788888888887
2020-12-16 12:00:00,2406.0822222222223
2020-12-16 13:00:00,2106.516666666667
2020-12-16 14:00:00,2130.8131944444444
2020-12-16 15:00:00,2187.732361111111
2020-12-16 16:00:00,368.5426736111111
2020-12-16 17:00:00,0.0
2020-12-16 18:00:00,0.0
2020-12-16 19:00:00,0.0
2020-12-16 20:00:00,0.0
2020-12-16 21:00:00,0.0
2020-12-16 22:00:00,0.0
2020-12-16 23:00:00,0.0
2020-12-17 00:00:00,0.0
2020-12-17 01:00:00,0.0
2020-12-17 02:00:00,0.0
2020-12-17 03:00:00,0.0
2020-12-17 04:00:00,0.0
2020-12-17 05:00:00,0.0
2020-12-17 06:00:00,0.0
2020-12-17 07:00:00,0.0
2020-12-17 08:00:00,0.0
2020-12-17 09:00:00,0.0
2020-12-17 10:00:00,0.0
2020-12-17 11:00:00,0.0
2020-12-17 12:00:00,0.0
2020-12-17 13:00:00,0.0
2020-12-17 14:00:00,0.0
2020-12-17 15:00:00,0.0
2020-12-17 16:00:00,0.0
2020-12-17 17:00:00,0.0
2020-12-17 18:00:00,0.0
2020-12-17 19:00:00,0.0
2020-12-17 20:00:00,0.0
2020-12-17 21:00:00,0.0
2020-12-17 22:00:00,0.0
2020-12-17 23:00:00,0.0
2020-12-18 00:00:00,0.0
2020-12-18 01:00:00,0.0
2020-12-18 02:00:00,0.0
2020-12-18 03:00:00,0.0
2020-12-18 04:00:00,0.0
2020-12-18 05:00:00,0.0
2020-12-18 06:00:00,0.0
2020-12-18 07:00:00,0.0
2020-12-18 08:00:00,0.0
2020-12-18 09:00:00,0.0
2020-12-18 10:00:00,0.0
2020-12-18 11:00:00,0.0
2020-12-18 12:00:00,0.0
2020-12-18 13:00:00,0.0
2020-12-18 14:00:00,0.0
2020-12-18 15:00:00,0.0
2020-12-18 16:00:00,0.0
2020-12-18 17:00:00,0.0
2020-12-18 18:00:00,0.0
2020-12-18 19:00:00,0.0
2020-12-18 20:00:00,0.0
2020-12-18 21:00:00,0.0
2020-12-18 22:00:00,0.0
2020-12-18 23:00:00,0.0
2020-12-19 00:00:00,0.0
2020-12-19 01:00:00,0.0
2020-12-19 02:00:00,0.0
2020-12-19 03:00:00,0.0
2020-12-19 04:00:00,0.0
2020-12-19 05:00:00,0.0
2020-12-19 06:00:00,0.0
2020-12-19 07:00:00,0.0
2020-12-19 08:00:00,0.0
2020-12-19 09:00:00,0.0
2020-12-19 10:00:00,0.0
2020-12-19 11:00:00,0.0
2020-12-19 12:00:00,0.0
2020-12-19 13:00:00,0.0
2020-12-19 14:00:00,0.0
2020-12-19 15:00:00,0.0
2020-12-19 16:00:00,0.0
2020-12-19 17:00:00,0.0
2020-12-19 18:00:00,0.0
2020-12-19 19:00:00,0.0
2020-12-19 20:00:00,0.0
2020-12-19 21:00:00,0.0
2020-12-19 22:00:00,0.0
2020-12-19 23:00:00,0.0
2020-12-20 00:00:00,0.0
2020-12-20 01:00:00,0.0
2020-12-20 02:00:00,0.0
2020-12-20 03:00:00,0.0
2020-12-20 04:00:00,0.0
2020-12-20 05:00:00,0.0
2020-12-20 06:00:00,0.0
2020-12-20 07:00:00,0.0
2020-12-20 08:00:00,0.0
2020-12-20 09:00:00,0.0
2020-12-20 10:00:00,0.0
2020-12-20 11:00:00,0.0
2020-12-20 12:00:00,0.0
2020-12-20 13:00:00,0.0
2020-12-20 14:00:00,0.0
2020-12-20 15:00:00,0.0
2020-12-20 16:00:00,0.0
2020-12-20 17:00:00,0.0
2020-12-20 18:00:00,0.0
2020-12-20 19:00:00,0.0
2020-12-20 20:00:00,0.0
2020-12-20 21:00:00,0.0
2020-12-20 22:00:00,0.0
2020-12-20 23:00:00,0.0
2020-12-21 00:00:00,0.0
2020-12-21 01:00:00,0.0
2020-12-21 02:00:00,0.0
2020-12-21 03:00:00,0.0
2020-12-21 04:00:00,0.0
2020-12-21 05:00:00,0.0
2020-12-21 06:00:00,0.0
2020-12-21 07:00:00,0.0
2020-12-21 08:00:00,0.0
2020-12-21 09:00:00,0.0
2020-12-21 10:00:00,0.0
2020-12-21 11:00:00,0.0
2020-12-21 12:00:00,0.0
2020-12-21 13:00:00,0.0
2020-12-21 14:00:00,0.0
2020-12-21 15:00:00,0.0
2020-12-21 16:00:00,0.0
2020-12-21 17:00:00,0.0
2020-12-21 18:00:00,0.0
2020-12-21 19:00:00,0.0
2020-12-21 20:00:00,0.0
2020-12-21 21:00:00,0.0
2020-12-21 22:00:00,0.0
2020-12-21 23:00:00,0.0
2020-12-22 00:00:00,0.0
2020-12-22 01:00:00,0.0
2020-12-22 02:00:00,0.0
2020-12-22 03:00:00,0.0
2020-12-22 04:00:00,0.0
2020-12-22 05:00:00,0.0
2020-12-22 06:00:00,0.0
2020-12-22 07:00:00,0.0
2020-12-22 08:00:00,0.0
2020-12-22 09:00:00,0.0
2020-12-22 10:00:00,0.0
2020-12-22 11:00:00,0.0
2020-12-22 12:00:00,0.0
2020-12-22 13:00:00,0.0
2020-12-22 14:00:00,0.0
2020-12-22 15:00:00,0.0
2020-12-22 16:00:00,0.0
2020-12-22 17:00:00,0.0
2020-12-22 18:00:00,0.0
2020-12-22 19:00:00,0.0
2020-12-22 20:00:00,0.0
2020-12-22 21:00:00,0.0
2020-12-22 22:00:00,0.0
2020-12-22 23:00:00,0.0
2020-12-23 00:00:00,0.0
2020-12-23 01:00:00,0.0
2020-12-23 02:00:00,0.0
2020-12-23 03:00:00,0.0
2020-12-23 04:00:00,0.0
2020-12-23 05:00:00,0.0
2020-12-23 06:00:00,0.0
2020-12-23 07:00:00,0.0
2020-12-23 08:00:00,0.0
2020-12-23 09:00:00,0.0
2020-12-23 10:00:00,0.0
2020-12-23 11:00:00,0.0
2020-12-23 12:00:00,0.0
2020-12-23 13:00:00,0.0
2020-12-23 14:00:00,0.0
2020-12-23 15:00:00,0.0
2020-12-23 16:00:00,0.0
2020-12-23 17:00:00,0.0
2020-12-23 18:00:00,0.0
2020-12-23 19:00:00,0.0
2020-12-23 20:00:00,0.0
2020-12-23 21:00:00,0.0
2020-12-23 22:00:00,0.0
2020-12-23 23:00:00,0.0
2020-12-24 00:00:00,0.0
2020-12-24 01:00:00,0.0
2020-12-24 02:00:00,0.0
2020-12-24 03:00:00,0.0
2020-12-24 04:00:00,0.0
2020-12-24 05:00:00,0.0
2020-12-24 06:00:00,0.0
2020-12-24 07:00:00,0.0
2020-12-24 08:00:00,0.0
2020-12-24 09:00:00,0.0
2020-12-24 10:00:00,0.0
2020-12-24 11:00:00,0.0
2020-12-24 12:00:00,0.0
2020-12-24 13:00:00,0.0
2020-12-24 14:00:00,0.0
2020-12-24 15:00:00,0.0
2020-12-24 16:00:00,0.0
2020-12-24 17:00:00,0.0
2020-12-24 18:00:00,0.0
2020-12-24 19:00:00,0.0
2020-12-24 20:00:00,0.0
2020-12-24 21:00:00,0.0
2020-12-24 22:00:00,0.0
2020-12-24 23:00:00,0.0
2020-12-25 00:00:00,0.0
2020-12-25 01:00:00,0.0
2020-12-25 02:00:00,0.0
2020-12-25 03:00:00,0.0
2020-12-25 04:00:00,0.0
2020-12-25 05:00:00,0.0
2020-12-25 06:00:00,0.0
2020-12-25 07:00:00,0.0
2020-12-25 08:00:00,0.0
2020-12-25 09:00:00,0.0
2020-12-25 10:00:00,0.0
2020-12-25 11:00:00,0.0
2020-12-25 12:00:00,0.0
2020-12-25 13:00:00,0.0
2020-12-25 14:00:00,0.0
2020-12-25 15:00:00,0.0
2020-12-25 16:00:00,0.0
2020-12-25 17:00:00,0.0
2020-12-25 18:00:00,0.0
2020-12-25 19:00:00,0.0
2020-12-25 20:00:00,0.0
2020-12-25 21:00:00,0.0
2020-12-25 22:00:00,0.0
2020-12-25 23:00:00,0.0
2020-12-26 00:00:00,0.0
2020-12-26 01:00:00,0.0
2020-12-26 02:00:00,0.0
2020-12-26 03:00:00,0.0
2020-12-26 04:00:00,0.0
2020-12-26 05:00:00,0.0
2020-12-26 06:00:00,0.0
2020-12-26 07:00:00,0.0
2020-12-26 08:00:00,0.0
2020-12-26 09:00:00,0.0
2020-12-26 10:00:00,0.0
2020-12-26 11:00:00,0.0
2020-12-26 12:00:00,0.0
2020-12-26 13:00:00,0.0
2020-12-26 14:00:00,0.0
2020-12-26 15:00:00,0.0
2020-12-26 16:00:00,0.0
2020-12-26 17:00:00,0.0
2020-12-26 18:00:00,0.0
2020-12-26 19:00:00,0.0
2020-12-26 20:00:00,0.0
2020-12-26 21:00:00,0.0
2020-12-26 22:00:00,0.0
2020-12-26 23:00:00,0.0
2020-12-27 00:00:00,0.0
2020-12-27 01:00:00,0.0
2020-12-27 02:00:00,0.0
2020-12-27 03:00:00,0.0
2020-12-27 04:00:00,0.0
2020-12-27 05:00:00,0.0
2020-12-27 06:00:00,0.0
2020-12-27 07:00:00,0.0
2020-12-27 08:00:00,0.0
2020-12-27 09:00:00,0.0
2020-12-27 10:00:00,0.0
2020-12-27 11:00:00,0.0
2020-12-27 12:00:00,0.0
2020-12-27 13:00:00,0.0
2020-12-27 14:00:00,0.0
2020-12-27 15:00:00,0.0
2020-12-27 16:00:00,0.0
2020-12-27 17:00:00,0.0
2020-12-27 18:00:00,0.0
2020-12-27 19:00:00,0.0
2020-12-27 20:00:00,0.0
2020-12-27 21:00:00,0.0
2020-12-27 22:00:00,0.0
2020-12-27 23:00:00,0.0
2020-12-28 00:00:00,0.0
2020-12-28 01:00:00,0.0
2020-12-28 02:00:00,0.0
2020-12-28 03:00:00,0.0
2020-12-28 04:00:00,0.0
2020-12-28 05:00:00,0.0
2020-12-28 06:00:00,0.0
2020-12-28 07:00:00,0.0
2020-12-28 08:00:00,0.0
2020-12-28 09:00:00,0.0
2020-12-28 10:00:00,0.0
2020-12-28 11:00:00,0.0
2020-12-28 12:00:00,0.0
2020-12-28 13:00:00,0.0
2020-12-28 14:00:00,0.0
2020-12-28 15:00:00,0.0
2020-12-28 16:00:00,0.0
2020-12-28 17:00:00,0.0
2020-12-28 18:00:00,0.0
2020-12-28 19:00:00,0.0
2020-12-28 20:00:00,0.0
2020-12-28 21:00:00,0.0
2020-12-28 22:00:00,0.0
2020-12-28 23:00:00,0.0
2020-12-29 00:00:00,0.0
2020-12-29 01:00:00,0.0
2020-12-29 02:00:00,0.0
2020-12-29 03:00:00,0.0
2020-12-29 04:00:00,0.0
2020-12-29 05:00:00,0.0
2020-12-29 06:00:00,0.0
2020-12-29 07:00:00,0.0
2020-12-29 08:00:00,0.0
2020-12-29 09:00:00,0.0
2020-12-29 10:00:00,0.0
2020-12-29 11:00:00,0.0
2020-12-29 12:00:00,0.0
2020-12-29 13:00:00,0.0
2020-12-29 14:00:00,0.0
2020-12-29 15:00:00,0.0
2020-12-29 16:00:00,0.0
2020-12-29 17:00:00,0.0
2020-12-29 18:00:00,0.0
2020-12-29 19:00:00,0.0
2020-12-29 20:00:00,0.0
2020-12-29 21:00:00,0.0
2020-12-29 22:00:00,0.0
2020-12-29 23:00:00,0.0
2020-12-30 00:00:00,0.0
2020-12-30 01:00:00,0.0
2020-12-30 02:00:00,0.0
2020-12-30 03:00:00,0.0
2020-12-30 04:00:00,0.0
2020-12-30 05:00:00,0.0
2020-12-30 06:00:00,0.0
2020-12-30 07:00:00,0.0
2020-12-30 08:00:00,0.0
2020-12-30 09:00:00,0.0
2020-12-30 10:00:00,0.0
2020-12-30 11:00:00,0.0
2020-12-30 12:00:00,0.0
2020-12-30 13:00:00,0.0
2020-12-30 14:00:00,0.0
2020-12-30 15:00:00,0.0
2020-12-30 16:00:00,0.0
2020-12-30 17:00:00,0.0
2020-12-30 18:00:00,0.0
2020-12-30 19:00:00,0.0
2020-12-30 20:00:00,0.0
2020-12-30 21:00:00,0.0
2020-12-30 22:00:00,0.0
2020-12-30 23:00:00,0.0
2020-12-31 00:00:00,0.0
2020-12-31 01:00:00,0.0
2020-12-31 02:00:00,0.0
2020-12-31 03:00:00,0.0
2020-12-31 04:00:00,0.0
2020-12-31 05:00:00,0.0
2020-12-31 06:00:00,0.0
2020-12-31 07:00:00,0.0
2020-12-31 08:00:00,0.0
2020-12-31 09:00:00,0.0
2020-12-31 10:00:00,0.0
2020-12-31 11:00:00,0.0
2020-12-31 12:00:00,0.0
2020-12-31 13:00:00,0.0
2020-12-31 14:00:00,0.0
2020-12-31 15:00:00,0.0
2020-12-31 16:00:00,0.0
2020-12-31 17:00:00,0.0
2020-12-31 18:00:00,0.0
2020-12-31 19:00:00,0.0
2020-12-31 20:00:00,0.0
2020-12-31 21:00:00,0.0
2020-12-31 22:00:00,0.0
2020-12-31 23:00:00,0.0
2021-01-01 00:00:00,0.0
2021-01-01 01:00:00,0.0
2021-01-01 02:00:00,0.0
2021-01-01 03:00:00,0.0
2021-01-01 04:00:00,0.0
2021-01-01 05:00:00,0.0
2021-01-01 06:00:00,0.0
2021-01-01 07:00:00,0.0
2021-01-01 08:00:00,0.0
2021-01-01 09:00:00,0.0
2021-01-01 10:00:00,0.0
2021-01-01 11:00:00,0.0
2021-01-01 12:00:00,0.0
2021-01-01 13:00:00,0.0
2021-01-01 14:00:00,0.0
2021-01-01 15:00:00,0.0
2021-01-01 16:00:00,0.0
2021-01-01 17:00:00,0.0
2021-01-01 18:00:00,0.0
2021-01-01 19:00:00,0.0
2021-01-01 20:00:00,0.0
2021-01-01 21:00:00,0.0
2021-01-01 22:00:00,0.0
2021-01-01 23:00:00,0.0
2021-01-02 00:00:00,0.0
2021-01-02 01:00:00,0.0
2021-01-02 02:00:00,0.0
2021-01-02 03:00:00,0.0
2021-01-02 04:00:00,0.0
2021-01-02 05:00:00,0.0
2021-01-02 06:00:00,0.0
2021-01-02 07:00:00,0.0
2021-01-02 08:00:00,0.0
2021-01-02 09:00:00,0.0
2021-01-02 10:00:00,0.0
2021-01-02 11:00:00,0.0
2021-01-02 12:00:00,0.0
2021-01-02 13:00:00,0.0
2021-01-02 14:00:00,0.0
2021-01-02 15:00:00,0.0
2021-01-02 16:00:00,0.0
2021-01-02 17:00:00,0.0
2021-01-02 18:00:00,0.0
2021-01-02 19:00:00,0.0
2021-01-02 20:00:00,0.0
2021-01-02 21:00:00,0.0
2021-01-02 22:00:00,0.0
2021-01-02 23:00:00,0.0
2021-01-03 00:00:00,0.0
2021-01-03 01:00:00,0.0
2021-01-03 02:00:00,0.0
2021-01-03 03:00:00,0.0
2021-01-03 04:00:00,0.0
2021-01-03 05:00:00,0.0
2021-01-03 06:00:00,0.0
2021-01-03 07:00:00,0.0
2021-01-03 08:00:00,0.0
2021-01-03 09:00:00,0.0
2021-01-03 10:00:00,0.0
2021-01-03 11:00:00,0.0
2021-01-03 12:00:00,0.0
2021-01-03 13:00:00,0.0
2021-01-03 14:00:00,0.0
2021-01-03 15:00:00,0.0
2021-01-03 16:00:00,0.0
2021-01-03 17:00:00,0.0
2021-01-03 18:00:00,0.0
2021-01-03 19:00:00,0.0
2021-01-03 20:00:00,0.0
2021-01-03 21:00:00,0.0
2021-01-03 22:00:00,0.0
2021-01-03 23:00:00,0.0
2021-01-04 00:00:00,0.0
2021-01-04 01:00:00,0.0
2021-01-04 02:00:00,0.0
2021-01-04 03:00:00,0.0
2021-01-04 04:00:00,0.0
2021-01-04 05:00:00,0.0
2021-01-04 06:00:00,0.0
2021-01-04 07:00:00,0.0
2021-01-04 08:00:00,0.0
2021-01-04 09:00:00,0.0
2021-01-04 10:00:00,0.0
2021-01-04 11:00:00,0.0
2021-01-04 12:00:00,0.0
2021-01-04 13:00:00,0.0
2021-01-04 14:00:00,0.0
2021-01-04 15:00:00,0.0
2021-01-04 16:00:00,0.0
2021-01-04 17:00:00,0.0
2021-01-04 18:00:00,0.0
2021-01-04 19:00:00,0.0
2021-01-04 20:00:00,0.0
2021-01-04 21:00:00,0.0
2021-01-04 22:00:00,0.0
2021-01-04 23:00:00,0.0
2021-01-05 00:00:00,0.0
2021-01-05 01:00:00,0.0
2021-01-05 02:00:00,0.0
2021-01-05 03:00:00,0.0
2021-01-05 04:00:00,0.0
2021-01-05 05:00:00,0.0
2021-01-05 06:00:00,0.0
2021-01-05 07:00:00,0.0
2021-01-05 08:00:00,0.0
2021-01-05 09:00:00,0.0
2021-01-05 10:00:00,0.0
2021-01-05 11:00:00,0.0
2021-01-05 12:00:00,0.0
2021-01-05 13:00:00,0.0
2021-01-05 14:00:00,0.0
2021-01-05 15:00:00,0.0
2021-01-05 16:00:00,0.0
2021-01-05 17:00:00,0.0
2021-01-05 18:00:00,0.0
2021-01-05 19:00:00,0.0
2021-01-05 20:00:00,0.0
2021-01-05 21:00:00,0.0
2021-01-05 22:00:00,0.0
2021-01-05 23:00:00,0.0
2021-01-06 00:00:00,0.0
2021-01-06 01:00:00,0.0
2021-01-06 02:00:00,0.0
2021-01-06 03:00:00,0.0
2021-01-06 04:00:00,0.0
2021-01-06 05:00:00,0.0
2021-01-06 06:00:00,0.0
2021-01-06 07:00:00,0.0
2021-01-06 08:00:00,0.0
2021-01-06 09:00:00,0.0
2021-01-06 10:00:00,0.0
2021-01-06 11:00:00,0.0
2021-01-06 12:00:00,0.0
2021-01-06 13:00:00,0.0
2021-01-06 14:00:00,0.0
2021-01-06 15:00:00,0.0
2021-01-06 16:00:00,0.0
2021-01-06 17:00:00,0.0
2021-01-06 18:00:00,0.0
2021-01-06 19:00:00,0.0
2021-01-06 20:00:00,0.0
2021-01-06 21:00:00,0.0
2021-01-06 22:00:00,0.0
2021-01-06 23:00:00,0.0
2021-01-07 00:00:00,0.0
2021-01-07 01:00:00,0.0
2021-01-07 02:00:00,0.0
2021-01-07 03:00:00,0.0
2021-01-07 04:00:00,0.0
2021-01-07 05:00:00,0.0
2021-01-07 06:00:00,0.0
2021-01-07 07:00:00,0.0
2021-01-07 08:00:00,0.0
2021-01-07 09:00:00,0.0
2021-01-07 10:00:00,0.0
2021-01-07 11:00:00,0.0
2021-01-07 12:00:00,0.0
2021-01-07 13:00:00,0.0
2021-01-07 14:00:00,0.0
2021-01-07 15:00:00,0.0
2021-01-07 16:00:00,0.0
2021-01-07 17:00:00,0.0
2021-01-07 18:00:00,0.0
2021-01-07 19:00:00,0.0
2021-01-07 20:00:00,0.0
2021-01-07 21:00:00,0.0
2021-01-07 22:00:00,0.0
2021-01-07 23:00:00,0.0
2021-01-08 00:00:00,0.0
2021-01-08 01:00:00,0.0
2021-01-08 02:00:00,0.0
2021-01-08 03:00:00,0.0
2021-01-08 04:00:00,0.0
2021-01-08 05:00:00,0.0
2021-01-08 06:00:00,0.0
2021-01-08 07:00:00,0.0
2021-01-08 08:00:00,0.0
2021-01-08 09:00:00,0.0
2021-01-08 10:00:00,0.0
2021-01-08 11:00:00,0.0
2021-01-08 12:00:00,0.0
2021-01-08 13:00:00,0.0
2021-01-08 14:00:00,0.0
2021-01-08 15:00:00,0.0
2021-01-08 16:00:00,0.0
2021-01-08 17:00:00,0.0
2021-01-08 18:00:00,0.0
2021-01-08 19:00:00,0.0
2021-01-08 20:00:00,0.0
2021-01-08 21:00:00,0.0
2021-01-08 22:00:00,0.0
2021-01-08 23:00:00,0.0
2021-01-09 00:00:00,0.0
2021-01-09 01:00:00,0.0
2021-01-09 02:00:00,0.0
2021-01-09 03:00:00,0.0
2021-01-09 04:00:00,0.0
2021-01-09 05:00:00,0.0
2021-01-09 06:00:00,0.0
2021-01-09 07:00:00,0.0
2021-01-09 08:00:00,0.0
2021-01-09 09:00:00,0.0
2021-01-09 10:00:00,0.0
2021-01-09 11:00:00,0.0
2021-01-09 12:00:00,0.0
2021-01-09 13:00:00,0.0
2021-01-09 14:00:00,0.0
2021-01-09 15:00:00,0.0
2021-01-09 16:00:00,0.0
2021-01-09 17:00:00,0.0
2021-01-09 18:00:00,0.0
2021-01-09 19:00:00,0.0
2021-01-09 20:00:00,0.0
2021-01-09 21:00:00,0.0
2021-01-09 22:00:00,0.0
2021-01-09 23:00:00,0.0
2021-01-10 00:00:00,0.0
2021-01-10 01:00:00,0.0
2021-01-10 02:00:00,0.0
2021-01-10 03:00:00,0.0
2021-01-10 04:00:00,0.0
2021-01-10 05:00:00,0.0
2021-01-10 06:00:00,0.0
2021-01-10 07:00:00,0.0
2021-01-10 08:00:00,0.0
2021-01-10 09:00:00,0.0
2021-01-10 10:00:00,0.0
2021-01-10 11:00:00,0.0
2021-01-10 12:00:00,0.0
2021-01-10 13:00:00,0.0
2021-01-10 14:00:00,0.0
2021-01-10 15:00:00,0.0
2021-01-10 16:00:00,0.0
2021-01-10 17:00:00,0.0
2021-01-10 18:00:00,0.0
2021-01-10 19:00:00,0.0
2021-01-10 20:00:00,0.0
2021-01-10 21:00:00,0.0
2021-01-10 22:00:00,0.0
2021-01-10 23:00:00,0.0
2021-01-11 00:00:00,0.0
2021-01-11 01:00:00,0.0
2021-01-11 02:00:00,0.0
2021-01-11 03:00:00,0.0
2021-01-11 04:00:00,0.0
2021-01-11 05:00:00,0.0
2021-01-11 06:00:00,0.0
2021-01-11 07:00:00,0.0
2021-01-11 08:00:00,0.0
2021-01-11 09:00:00,0.0
2021-01-11 10:00:00,0.0
2021-01-11 11:00:00,0.0
2021-01-11 12:00:00,0.0
2021-01-11 13:00:00,0.0
2021-01-11 14:00:00,0.0
2021-01-11 15:00:00,0.0
2021-01-11 16:00:00,0.0
2021-01-11 17:00:00,0.0
2021-01-11 18:00:00,0.0
2021-01-11 19:00:00,0.0
2021-01-11 20:00:00,0.0
2021-01-11 21:00:00,0.0
2021-01-11 22:00:00,0.0
2021-01-11 23:00:00,0.0
2021-01-12 00:00:00,0.0
2021-01-12 01:00:00,0.0
2021-01-12 02:00:00,0.0
2021-01-12 03:00:00,0.0
2021-01-12 04:00:00,0.0
2021-01-12 05:00:00,0.0
2021-01-12 06:00:00,0.0
2021-01-12 07:00:00,0.0
2021-01-12 08:00:00,0.0
2021-01-12 09:00:00,0.0
2021-01-12 10:00:00,0.0
2021-01-12 11:00:00,0.0
2021-01-12 12:00:00,0.0
2021-01-12 13:00:00,0.0
2021-01-12 14:00:00,0.0
2021-01-12 15:00:00,0.0
2021-01-12 16:00:00,0.0
2021-01-12 17:00:00,0.0
2021-01-12 18:00:00,0.0
2021-01-12 19:00:00,0.0
2021-01-12 20:00:00,0.0
2021-01-12 21:00:00,0.0
2021-01-12 22:00:00,0.0
2021-01-12 23:00:00,0.0
2021-01-13 00:00:00,0.0
2021-01-13 01:00:00,0.0
2021-01-13 02:00:00,0.0
2021-01-13 03:00:00,0.0
2021-01-13 04:00:00,0.0
2021-01-13 05:00:00,0.0
2021-01-13 06:00:00,0.0
2021-01-13 07:00:00,0.0
2021-01-13 08:00:00,0.0
2021-01-13 09:00:00,0.0
2021-01-13 10:00:00,0.0
2021-01-13 11:00:00,0.0
2021-01-13 12:00:00,0.0
2021-01-13 13:00:00,0.0
2021-01-13 14:00:00,0.0
2021-01-13 15:00:00,0.0
2021-01-13 16:00:00,0.0
2021-01-13 17:00:00,0.0
2021-01-13 18:00:00,0.0
2021-01-13 19:00:00,0.0
2021-01-13 20:00:00,0.0
2021-01-13 21:00:00,0.0
2021-01-13 22:00:00,0.0
2021-01-13 23:00:00,0.0
2021-01-14 00:00:00,0.0
2021-01-14 01:00:00,0.0
2021-01-14 02:00:00,0.0
2021-01-14 03:00:00,0.0
2021-01-14 04:00:00,0.0
2021-01-14 05:00:00,0.0
2021-01-14 06:00:00,0.0
2021-01-14 07:00:00,0.0
2021-01-14 08:00:00,0.0
2021-01-14 09:00:00,0.0
2021-01-14 10:00:00,0.0
2021-01-14 11:00:00,0.0
2021-01-14 12:00:00,0.0
2021-01-14 13:00:00,0.0
2021-01-14 14:00:00,0.0
2021-01-14 15:00:00,0.0
2021-01-14 16:00:00,0.0
2021-01-14 17:00:00,0.0
2021-01-14 18:00:00,0.0
2021-01-14 19:00:00,0.0
2021-01-14 20:00:00,0.0
2021-01-14 21:00:00,0.0
2021-01-14 22:00:00,0.0
2021-01-14 23:00:00,0.0
2021-01-15 00:00:00,0.0
2021-01-15 01:00:00,0.0
2021-01-15 02:00:00,0.0
2021-01-15 03:00:00,0.0
2021-01-15 04:00:00,0.0
2021-01-15 05:00:00,0.0
2021-01-15 06:00:00,0.0
2021-01-15 07:00:00,0.0
2021-01-15 08:00:00,0.0
2021-01-15 09:00:00,0.0
2021-01-15 10:00:00,0.0
2021-01-15 11:00:00,0.0
2021-01-15 12:00:00,0.0
2021-01-15 13:00:00,0.0
2021-01-15 14:00:00,0.0
2021-01-15 15:00:00,0.0
2021-01-15 16:00:00,0.0
2021-01-15 17:00:00,0.0
2021-01-15 18:00:00,0.0
2021-01-15 19:00:00,0.0
2021-01-15 20:00:00,0.0
2021-01-15 21:00:00,0.0
2021-01-15 22:00:00,0.0
2021-01-15 23:00:00,0.0
2021-01-16 00:00:00,0.0
2021-01-16 01:00:00,0.0
2021-01-16 02:00:00,0.0
2021-01-16 03:00:00,0.0
2021-01-16 04:00:00,0.0
2021-01-16 05:00:00,0.0
2021-01-16 06:00:00,0.0
2021-01-16 07:00:00,0.0
2021-01-16 08:00:00,0.0
2021-01-16 09:00:00,0.0
2021-01-16 10:00:00,0.0
2021-01-16 11:00:00,0.0
2021-01-16 12:00:00,0.0
2021-01-16 13:00:00,0.0
2021-01-16 14:00:00,0.0
2021-01-16 15:00:00,0.0
2021-01-16 16:00:00,0.0
2021-01-16 17:00:00,0.0
2021-01-16 18:00:00,0.0
2021-01-16 19:00:00,0.0
2021-01-16 20:00:00,0.0
2021-01-16 21:00:00,0.0
2021-01-16 22:00:00,0.0
2021-01-16 23:00:00,0.0
2021-01-17 00:00:00,0.0
2021-01-17 01:00:00,0.0
2021-01-17 02:00:00,0.0
2021-01-17 03:00:00,0.0
2021-01-17 04:00:00,0.0
2021-01-17 05:00:00,0.0
2021-01-17 06:00:00,0.0
2021-01-17 07:00:00,0.0
2021-01-17 08:00:00,0.0
2021-01-17 09:00:00,0.0
2021-01-17 10:00:00,0.0
2021-01-17 11:00:00,0.0
2021-01-17 12:00:00,0.0
2021-01-17 13:00:00,0.0
2021-01-17 14:00:00,0.0
2021-01-17 15:00:00,0.0
2021-01-17 16:00:00,0.0
2021-01-17 17:00:00,0.0
2021-01-17 18:00:00,0.0
2021-01-17 19:00:00,0.0
2021-01-17 20:00:00,0.0
2021-01-17 21:00:00,0.0
2021-01-17 22:00:00,0.0
2021-01-17 23:00:00,0.0
2021-01-18 00:00:00,0.0
2021-01-18 01:00:00,0.0
2021-01-18 02:00:00,0.0
2021-01-18 03:00:00,0.0
2021-01-18 04:00:00,0.0
2021-01-18 05:00:00,0.0
2021-01-18 06:00:00,0.0
2021-01-18 07:00:00,0.0
2021-01-18 08:00:00,0.0
2021-01-18 09:00:00,0.0
2021-01-18 10:00:00,0.0
2021-01-18 11:00:00,0.0
2021-01-18 12:00:00,0.0
2021-01-18 13:00:00,0.0
2021-01-18 14:00:00,0.0
2021-01-18 15:00:00,0.0
2021-01-18 16:00:00,0.0
2021-01-18 17:00:00,0.0
2021-01-18 18:00:00,0.0
2021-01-18 19:00:00,0.0
2021-01-18 20:00:00,0.0
2021-01-18 21:00:00,0.0
2021-01-18 22:00:00,0.0
2021-01-18 23:00:00,0.0
2021-01-19 00:00:00,0.0
2021-01-19 01:00:00,0.0
2021-01-19 02:00:00,0.0
2021-01-19 03:00:00,0.0
2021-01-19 04:00:00,0.0
2021-01-19 05:00:00,0.0
2021-01-19 06:00:00,0.0
2021-01-19 07:00:00,0.0
2021-01-19 08:00:00,0.0
2021-01-19 09:00:00,0.0
2021-01-19 10:00:00,0.0
2021-01-19 11:00:00,0.0
2021-01-19 12:00:00,0.0
2021-01-19 13:00:00,0.0
2021-01-19 14:00:00,0.0
2021-01-19 15:00:00,0.0
2021-01-19 16:00:00,0.0
2021-01-19 17:00:00,0.0
2021-01-19 18:00:00,0.0
2021-01-19 19:00:00,0.0
2021-01-19 20:00:00,0.0
2021-01-19 21:00:00,0.0
2021-01-19 22:00:00,0.0
2021-01-19 23:00:00,0.0
2021-01-20 00:00:00,0.0
2021-01-20 01:00:00,0.0
2021-01-20 02:00:00,0.0
2021-01-20 03:00:00,0.0
2021-01-20 04:00:00,0.0
2021-01-20 05:00:00,0.0
2021-01-20 06:00:00,0.0
2021-01-20 07:00:00,0.0
2021-01-20 08:00:00,0.0
2021-01-20 09:00:00,0.0
2021-01-20 10:00:00,0.0
2021-01-20 11:00:00,0.0
2021-01-20 12:00:00,0.0
2021-01-20 13:00:00,0.0
2021-01-20 14:00:00,0.0
2021-01-20 15:00:00,0.0
2021-01-20 16:00:00,0.0
2021-01-20 17:00:00,0.0
2021-01-20 18:00:00,0.0
2021-01-20 19:00:00,0.0
2021-01-20 20:00:00,0.0
2021-01-20 21:00:00,0.0
2021-01-20 22:00:00,0.0
2021-01-20 23:00:00,0.0
2021-01-21 00:00:00,0.0
2021-01-21 01:00:00,0.0
2021-01-21 02:00:00,0.0
2021-01-21 03:00:00,0.0
2021-01-21 04:00:00,0.0
2021-01-21 05:00:00,0.0
2021-01-21 06:00:00,0.0
2021-01-21 07:00:00,0.0
2021-01-21 08:00:00,0.0
2021-01-21 09:00:00,0.0
2021-01-21 10:00:00,0.0
2021-01-21 11:00:00,0.0
2021-01-21 12:00:00,0.0
2021-01-21 13:00:00,0.0
2021-01-21 14:00:00,0.0
2021-01-21 15:00:00,0.0
2021-01-21 16:00:00,0.0
2021-01-21 17:00:00,0.0
2021-01-21 18:00:00,0.0
2021-01-21 19:00:00,0.0
2021-01-21 20:00:00,0.0
2021-01-21 21:00:00,0.0
2021-01-21 22:00:00,0.0
2021-01-21 23:00:00,0.0
2021-01-22 00:00:00,0.0
2021-01-22 01:00:00,0.0
2021-01-22 02:00:00,0.0
2021-01-22 03:00:00,0.0
2021-01-22 04:00:00,0.0
2021-01-22 05:00:00,0.0
2021-01-22 06:00:00,0.0
2021-01-22 07:00:00,0.0
2021-01-22 08:00:00,0.0
2021-01-22 09:00:00,0.0
2021-01-22 10:00:00,0.0
2021-01-22 11:00:00,0.0
2021-01-22 12:00:00,0.0
2021-01-22 13:00:00,0.0
2021-01-22 14:00:00,0.0
2021-01-22 15:00:00,0.0
2021-01-22 16:00:00,0.0
2021-01-22 17:00:00,0.0
2021-01-22 18:00:00,0.0
2021-01-22 19:00:00,0.0
2021-01-22 20:00:00,0.0
2021-01-22 21:00:00,0.0
2021-01-22 22:00:00,0.0
2021-01-22 23:00:00,0.0
2021-01-23 00:00:00,0.0
2021-01-23 01:00:00,0.0
2021-01-23 02:00:00,0.0
2021-01-23 03:00:00,0.0
2021-01-23 04:00:00,0.0
2021-01-23 05:00:00,0.0
2021-01-23 06:00:00,0.0
2021-01-23 07:00:00,0.0
2021-01-23 08:00:00,0.0
2021-01-23 09:00:00,0.0
2021-01-23 10:00:00,0.0
2021-01-23 11:00:00,0.0
2021-01-23 12:00:00,0.0
2021-01-23 13:00:00,0.0
2021-01-23 14:00:00,0.0
2021-01-23 15:00:00,0.0
2021-01-23 16:00:00,0.0
2021-01-23 17:00:00,0.0
2021-01-23 18:00:00,0.0
2021-01-23 19:00:00,0.0
2021-01-23 20:00:00,0.0
2021-01-23 21:00:00,0.0
2021-01-23 22:00:00,0.0
2021-01-23 23:00:00,0.0
2021-01-24 00:00:00,0.0
2021-01-24 01:00:00,0.0
2021-01-24 02:00:00,0.0
2021-01-24 03:00:00,0.0
2021-01-24 04:00:00,0.0
2021-01-24 05:00:00,0.0
2021-01-24 06:00:00,0.0
2021-01-24 07:00:00,0.0
2021-01-24 08:00:00,0.0
2021-01-24 09:00:00,0.0
2021-01-24 10:00:00,0.0
2021-01-24 11:00:00,0.0
2021-01-24 12:00:00,0.0
2021-01-24 13:00:00,0.0
2021-01-24 14:00:00,0.0
2021-01-24 15:00:00,0.0
2021-01-24 16:00:00,0.0
2021-01-24 17:00:00,0.0
2021-01-24 18:00:00,0.0
2021-01-24 19:00:00,0.0
2021-01-24 20:00:00,0.0
2021-01-24 21:00:00,0.0
2021-01-24 22:00:00,0.0
2021-01-24 23:00:00,0.0
2021-01-25 00:00:00,0.0
2021-01-25 01:00:00,0.0
2021-01-25 02:00:00,0.0
2021-01-25 03:00:00,0.0
2021-01-25 04:00:00,0.0
2021-01-25 05:00:00,0.0
2021-01-25 06:00:00,0.0
2021-01-25 07:00:00,0.0
2021-01-25 08:00:00,0.0
2021-01-25 09:00:00,0.0
2021-01-25 10:00:00,0.0
2021-01-25 11:00:00,0.0
2021-01-25 12:00:00,0.0
2021-01-25 13:00:00,0.0
2021-01-25 14:00:00,0.0
2021-01-25 15:00:00,0.0
2021-01-25 16:00:00,0.0
2021-01-25 17:00:00,0.0
2021-01-25 18:00:00,0.0
2021-01-25 19:00:00,0.0
2021-01-25 20:00:00,0.0
2021-01-25 21:00:00,0.0
2021-01-25 22:00:00,0.0
2021-01-25 23:00:00,0.0
2021-01-26 00:00:00,0.0
2021-01-26 01:00:00,0.0
2021-01-26 02:00:00,0.0
2021-01-26 03:00:00,0.0
2021-01-26 04:00:00,0.0
2021-01-26 05:00:00,0.0
2021-01-26 06:00:00,0.0
2021-01-26 07:00:00,0.0
2021-01-26 08:00:00,0.0
2021-01-26 09:00:00,0.0
2021-01-26 10:00:00,0.0
2021-01-26 11:00:00,0.0
2021-01-26 12:00:00,0.0
2021-01-26 13:00:00,0.0
2021-01-26 14:00:00,0.0
2021-01-26 15:00:00,0.0
2021-01-26 16:00:00,0.0
2021-01-26 17:00:00,0.0
2021-01-26 18:00:00,0.0
2021-01-26 19:00:00,0.0
2021-01-26 20:00:00,0.0
2021-01-26 21:00:00,0.0
2021-01-26 22:00:00,0.0
2021-01-26 23:00:00,0.0
2021-01-27 00:00:00,0.0
2021-01-27 01:00:00,0.0
2021-01-27 02:00:00,0.0
2021-01-27 03:00:00,0.0
2021-01-27 04:00:00,0.0
2021-01-27 05:00:00,0.0
2021-01-27 06:00:00,0.0
2021-01-27 07:00:00,0.0
2021-01-27 08:00:00,0.0
2021-01-27 09:00:00,0.0
2021-01-27 10:00:00,0.0
2021-01-27 11:00:00,0.0
2021-01-27 12:00:00,0.0
2021-01-27 13:00:00,0.0
2021-01-27 14:00:00,0.0
2021-01-27 15:00:00,0.0
2021-01-27 16:00:00,0.0
2021-01-27 17:00:00,0.0
2021-01-27 18:00:00,0.0
2021-01-27 19:00:00,0.0
2021-01-27 20:00:00,0.0
2021-01-27 21:00:00,0.0
2021-01-27 22:00:00,0.0
2021-01-27 23:00:00,0.0
2021-01-28 00:00:00,0.0
2021-01-28 01:00:00,0.0
2021-01-28 02:00:00,0.0
2021-01-28 03:00:00,0.0
2021-01-28 04:00:00,0.0
2021-01-28 05:00:00,0.0
2021-01-28 06:00:00,0.0
2021-01-28 07:00:00,0.0
2021-01-28 08:00:00,0.0
2021-01-28 09:00:00,0.0
2021-01-28 10:00:00,0.0
2021-01-28 11:00:00,0.0
2021-01-28 12:00:00,0.0
2021-01-28 13:00:00,0.0
2021-01-28 14:00:00,0.0
2021-01-28 15:00:00,0.0
2021-01-28 16:00:00,0.0
2021-01-28 17:00:00,0.0
2021-01-28 18:00:00,0.0
2021-01-28 19:00:00,0.0
2021-01-28 20:00:00,0.0
2021-01-28 21:00:00,0.0
2021-01-28 22:00:00,0.0
2021-01-28 23:00:00,0.0
2021-01-29 00:00:00,0.0
2021-01-29 01:00:00,0.0
2021-01-29 02:00:00,0.0
2021-01-29 03:00:00,0.0
2021-01-29 04:00:00,0.0
2021-01-29 05:00:00,0.0
2021-01-29 06:00:00,0.0
2021-01-29 07:00:00,0.0
2021-01-29 08:00:00,0.0
2021-01-29 09:00:00,0.0
2021-01-29 10:00:00,0.0
2021-01-29 11:00:00,0.0
2021-01-29 12:00:00,0.0
2021-01-29 13:00:00,0.0
2021-01-29 14:00:00,0.0
2021-01-29 15:00:00,0.0
2021-01-29 16:00:00,0.0
2021-01-29 17:00:00,0.0
2021-01-29 18:00:00,0.0
2021-01-29 19:00:00,0.0
2021-01-29 20:00:00,0.0
2021-01-29 21:00:00,0.0
2021-01-29 22:00:00,0.0
2021-01-29 23:00:00,0.0
2021-01-30 00:00:00,0.0
2021-01-30 01:00:00,0.0
2021-01-30 02:00:00,0.0
2021-01-30 03:00:00,0.0
2021-01-30 04:00:00,0.0
2021-01-30 05:00:00,0.0
2021-01-30 06:00:00,0.0
2021-01-30 07:00:00,0.0
2021-01-30 08:00:00,0.0
2021-01-30 09:00:00,0.0
2021-01-30 10:00:00,0.0
2021-01-30 11:00:00,0.0
2021-01-30 12:00:00,0.0
2021-01-30 13:00:00,0.0
2021-01-30 14:00:00,0.0
2021-01-30 15:00:00,0.0
2021-01-30 16:00:00,0.0
2021-01-30 17:00:00,0.0
2021-01-30 18:00:00,0.0
2021-01-30 19:00:00,0.0
2021-01-30 20:00:00,0.0
2021-01-30 21:00:00,0.0
2021-01-30 22:00:00,0.0
2021-01-30 23:00:00,0.0
2021-01-31 00:00:00,0.0
2021-01-31 01:00:00,0.0
2021-01-31 02:00:00,0.0
2021-01-31 03:00:00,0.0
2021-01-31 04:00:00,0.0
2021-01-31 05:00:00,0.0
2021-01-31 06:00:00,0.0
2021-01-31 07:00:00,0.0
2021-01-31 08:00:00,0.0
2021-01-31 09:00:00,0.0
2021-01-31 10:00:00,0.0
2021-01-31 11:00:00,0.0
2021-01-31 12:00:00,0.0
2021-01-31 13:00:00,0.0
2021-01-31 14:00:00,0.0
2021-01-31 15:00:00,0.0
2021-01-31 16:00:00,0.0
2021-01-31 17:00:00,0.0
2021-01-31 18:00:00,0.0
2021-01-31 19:00:00,0.0
2021-01-31 20:00:00,0.0
2021-01-31 21:00:00,0.0
2021-01-31 22:00:00,0.0
2021-01-31 23:00:00,0.0
2021-02-01 00:00:00,0.0
2021-02-01 01:00:00,0.0
2021-02-01 02:00:00,0.0
2021-02-01 03:00:00,0.0
2021-02-01 04:00:00,0.0
2021-02-01 05:00:00,0.0
2021-02-01 06:00:00,0.0
2021-02-01 07:00:00,0.0
2021-02-01 08:00:00,0.0
2021-02-01 09:00:00,1250.8805555555555
2021-02-01 10:00:00,2800.931666666667
2021-02-01 11:00:00,2841.438611111111
2021-02-01 12:00:00,2745.5183333333334
2021-02-01 13:00:00,2682.2336111111113
2021-02-01 14:00:00,2509.907777777778
2021-02-01 15:00:00,2570.2652777777776
2021-02-01 16:00:00,2576.5855555555554
2021-02-01 17:00:00,2718.4172222222223
2021-02-01 18:00:00,2920.0797222222222
2021-02-01 19:00:00,2809.9644444444443
2021-02-01 20:00:00,2987.511111111111
2021-02-01 21:00:00,2865.081111111111
2021-02-01 22:00:00,2990.1833333333334
2021-02-01 23:00:00,2869.2663888888887
2021-02-02 00:00:00,3001.133888888889
2021-02-02 01:00:00,3009.5969444444445
2021-02-02 02:00:00,2969.9055555555556
2021-02-02 03:00:00,2905.0533333333333
2021-02-02 04:00:00,2910.347777777778
2021-02-02 05:00:00,2683.9283333333333
2021-02-02 06:00:00,2851.9441666666667
2021-02-02 07:00:00,2803.6841666666664
2021-02-02 08:00:00,2942.4372222222223
2021-02-02 09:00:00,3186.3444444444444
2021-02-02 10:00:00,3157.3930555555557
2021-02-02 11:00:00,3428.197777777778
2021-02-02 12:00:00,3230.853888888889
2021-02-02 13:00:00,3165.2761111111113
2021-02-02 14:00:00,2814.3983333333335
2021-02-02 15:00:00,2802.5644444444442
2021-02-02 16:00:00,2788.4483333333333
2021-02-02 17:00:00,2766.8694444444445
2021-02-02 18:00:00,2755.948888888889
2021-02-02 19:00:00,2749.382777777778
2021-02-02 20:00:00,2981.478611111111
2021-02-02 21:00:00,2758.5555555555557
2021-02-02 22:00:00,2864.4791666666665
2021-02-02 23:00:00,2956.5338888888887
2021-02-03 00:00:00,2960.7533333333336
2021-02-03 01:00:00,2976.5355555555557
2021-02-03 02:00:00,2906.4622222222224
2021-02-03 03:00:00,3005.33
2021-02-03 04:00:00,2904.9055555555556
2021-02-03 05:00:00,2820.6169444444445
2021-02-03 06:00:00,2729.201666666667
2021-02-03 07:00:00,2969.5172222222222
2021-02-03 08:00:00,2981.108333333333
2021-02-03 09:00:00,3263.795
2021-02-03 10:00:00,3459.1077777777778
2021-02-03 11:00:00,3379.7244444444445
2021-02-03 12:00:00,3238.893888888889
2021-02-03 13:00:00,3239.016111111111
2021-02-03 14:00:00,2947.41
2021-02-03 15:00:00,3023.4494444444445
2021-02-03 16:00:00,3031.338888888889
2021-02-03 17:00:00,3083.148888888889
2021-02-03 18:00:00,3008.092777777778
2021-02-03 19:00:00,3022.4191666666666
2021-02-03 20:00:00,3148.8855555555556
2021-02-03 21:00:00,2790.182222222222
2021-02-03 22:00:00,2982.566388888889
2021-02-03 23:00:00,2949.0577777777776
2021-02-04 00:00:00,2916.7305555555554
2021-02-04 01:00:00,3004.735
2021-02-04 02:00:00,2836.173888888889
2021-02-04 03:00:00,2918.646111111111
2021-02-04 04:00:00,3064.697222222222
2021-02-04 05:00:00,3203.724722222222
2021-02-04 06:00:00,3226.818333333333
2021-02-04 07:00:00,2907.195277777778
2021-02-04 08:00:00,3184.3175
2021-02-04 09:00:00,3427.3077777777776
2021-02-04 10:00:00,3629.696388888889
2021-02-04 11:00:00,3837.847777777778
2021-02-04 12:00:00,3798.219722222222
2021-02-04 13:00:00,3552.186388888889
2021-02-04 14:00:00,3158.285277777778
2021-02-04 15:00:00,3239.6683333333335
2021-02-04 16:00:00,3202.858888888889
2021-02-04 17:00:00,3245.8888888888887
2021-02-04 18:00:00,3218.4255555555555
2021-02-04 19:00:00,3109.521111111111
2021-02-04 20:00:00,3160.8644444444444
2021-02-04 21:00:00,2918.028333333333
2021-02-04 22:00:00,2998.777777777778
2021-02-04 23:00:00,3148.746111111111
2021-02-05 00:00:00,3128.1119444444444
2021-02-05 01:00:00,3038.915
2021-02-05 02:00:00,2973.1894444444442
2021-02-05 03:00:00,2989.23
2021-02-05 04:00:00,3054.7030555555557
2021-02-05 05:00:00,3023.9583333333335
2021-02-05 06:00:00,2881.025
2021-02-05 07:00:00,2774.491111111111
2021-02-05 08:00:00,2788.1540625
2021-02-05 09:00:00,3011.0486111111113
2021-02-05 10:00:00,3274.7880555555557
2021-02-05 11:00:00,3333.7319444444443
2021-02-05 12:00:00,3431.358888888889
2021-02-05 13:00:00,3286.1325
2021-02-05 14:00:00,2654.951666666667
2021-02-05 15:00:00,2696.2733333333335
2021-02-05 16:00:00,2703.518611111111
2021-02-05 17:00:00,2764.446388888889
2021-02-05 18:00:00,2679.862777777778
2021-02-05 19:00:00,2724.5491666666667
2021-02-05 20:00:00,2958.1175
2021-02-05 21:00:00,2511.0816666666665
2021-02-05 22:00:00,2614.9655555555555
2021-02-05 23:00:00,2654.3108333333334
2021-02-06 00:00:00,2683.9175
2021-02-06 01:00:00,2673.9925
2021-02-06 02:00:00,2578.7638888888887
2021-02-06 03:00:00,2506.7366666666667
2021-02-06 04:00:00,2497.6455555555553
2021-02-06 05:00:00,2821.3675
2021-02-06 06:00:00,2726.3325
2021-02-06 07:00:00,2583.1275
2021-02-06 08:00:00,2519.7638888888887
2021-02-06 09:00:00,2763.3352777777777
2021-02-06 10:00:00,2978.38
2021-02-06 11:00:00,3165.4480555555556
2021-02-06 12:00:00,2862.922777777778
2021-02-06 13:00:00,2700.8225
2021-02-06 14:00:00,2557.8755555555554
2021-02-06 15:00:00,2351.4183333333335
2021-02-06 16:00:00,2251.015
2021-02-06 17:00:00,2302.4780555555553
2021-02-06 18:00:00,2295.76375
2021-02-06 19:00:00,2337.5983333333334
2021-02-06 20:00:00,2414.883333333333
2021-02-06 21:00:00,2237.4075
2021-02-06 22:00:00,2215.5647222222224
2021-02-06 23:00:00,2278.0293055555558
2021-02-07 00:00:00,2158.6402777777776
2021-02-07 01:00:00,2001.0968055555556
2021-02-07 02:00:00,1925.8873611111112
2021-02-07 03:00:00,1821.4016666666666
2021-02-07 04:00:00,1773.0527777777777
2021-02-07 05:00:00,1655.1002777777778
2021-02-07 06:00:00,1632.0179166666667
2021-02-07 07:00:00,1773.4225
2021-02-07 08:00:00,1760.2519444444445
2021-02-07 09:00:00,1836.0633333333333
2021-02-07 10:00:00,1920.4297222222222
2021-02-07 11:00:00,1971.1655555555556
2021-02-07 12:00:00,2018.226111111111
2021-02-07 13:00:00,1948.1452777777777
2021-02-07 14:00:00,1790.2827777777777
2021-02-07 15:00:00,1844.5344444444445
2021-02-07 16:00:00,1829.8875
2021-02-07 17:00:00,1880.2906944444444
2021-02-07 18:00:00,1903.285138888889
2021-02-07 19:00:00,1879.9472222222223
2021-02-07 20:00:00,1911.49875
2021-02-07 21:00:00,1880.6740277777778
2021-02-07 22:00:00,1801.3966666666668
2021-02-07 23:00:00,1674.6545833333332
2021-02-08 00:00:00,1636.5352777777778
2021-02-08 01:00:00,1733.5236111111112
2021-02-08 02:00:00,1764.2283333333332
2021-02-08 03:00:00,1793.8918055555555
2021-02-08 04:00:00,1836.9194444444445
2021-02-08 05:00:00,1858.0961111111112
2021-02-08 06:00:00,1524.3302777777778
2021-02-08 07:00:00,1652.7613888888889
2021-02-08 08:00:00,1669.4941666666666
2021-02-08 09:00:00,1849.5088888888888
2021-02-08 10:00:00,2205.0219444444447
2021-02-08 11:00:00,2244.116111111111
2021-02-08 12:00:00,2125.345138888889
2021-02-08 13:00:00,1980.6277777777777
2021-02-08 14:00:00,2103.964722222222
2021-02-08 15:00:00,2046.536111111111
2021-02-08 16:00:00,2212.41625
2021-02-08 17:00:00,2209.7844444444445
2021-02-08 18:00:00,2125.7175
2021-02-08 19:00:00,2210.2293055555556
2021-02-08 20:00:00,2302.5233333333335
2021-02-08 21:00:00,2094.087777777778
2021-02-08 22:00:00,2205.383611111111
2021-02-08 23:00:00,2245.61125
2021-02-09 00:00:00,2216.2527777777777
2021-02-09 01:00:00,2224.6383333333333
2021-02-09 02:00:00,2164.4436111111113
2021-02-09 03:00:00,2106.0994444444445
2021-02-09 04:00:00,2114.025
2021-02-09 05:00:00,2170.3975
2021-02-09 06:00:00,2194.1554166666665
2021-02-09 07:00:00,2311.1516666666666
2021-02-09 08:00:00,2112.4618055555557
2021-02-09 09:00:00,2190.9241666666667
2021-02-09 10:00:00,2532.2277777777776
2021-02-09 11:00:00,2880.0755555555556
2021-02-09 12:00:00,2772.553888888889
2021-02-09 13:00:00,2676.7569444444443
2021-02-09 14:00:00,2398.358888888889
2021-02-09 15:00:00,2458.23
2021-02-09 16:00:00,2424.8141666666666
2021-02-09 17:00:00,2418.1605555555557
2021-02-09 18:00:00,2428.2555555555555
2021-02-09 19:00:00,2383.3155555555554
2021-02-09 20:00:00,2503.279722222222
2021-02-09 21:00:00,2247.1995833333335
2021-02-09 22:00:00,2344.382222222222
2021-02-09 23:00:00,2427.213888888889
2021-02-10 00:00:00,2378.3411111111113
2021-02-10 01:00:00,2315.9230555555555
2021-02-10 02:00:00,2311.275
2021-02-10 03:00:00,2291.5769444444445
2021-02-10 04:00:00,2307.3568055555556
2021-02-10 05:00:00,2472.181111111111
2021-02-10 06:00:00,2318.324722222222
2021-02-10 07:00:00,2502.8883333333333
2021-02-10 08:00:00,2423.353888888889
2021-02-10 09:00:00,2770.7933333333335
2021-02-10 10:00:00,3040.9436111111113
2021-02-10 11:00:00,3371.4630555555555
2021-02-10 12:00:00,3254.053611111111
2021-02-10 13:00:00,3051.7244444444445
2021-02-10 14:00:00,2905.858333333333
2021-02-10 15:00:00,2564.824722222222
2021-02-10 16:00:00,2370.9933333333333
2021-02-10 17:00:00,2346.3688888888887
2021-02-10 18:00:00,2431.992222222222
2021-02-10 19:00:00,2452.2883333333334
2021-02-10 20:00:00,2427.313888888889
2021-02-10 21:00:00,2155.115277777778
2021-02-10 22:00:00,2172.572222222222
2021-02-10 23:00:00,2271.0608333333334
2021-02-11 00:00:00,2256.7233333333334
2021-02-11 01:00:00,2110.7630555555556
2021-02-11 02:00:00,2059.0280555555555
2021-02-11 03:00:00,2034.9670833333332
2021-02-11 04:00:00,2028.3977777777777
2021-02-11 05:00:00,2142.561527777778
2021-02-11 06:00:00,2025.5552777777777
2021-02-11 07:00:00,2017.1415277777778
2021-02-11 08:00:00,2039.3040277777777
2021-02-11 09:00:00,2315.6643055555555
2021-02-11 10:00:00,2667.4827777777778
2021-02-11 11:00:00,2767.1477777777777
2021-02-11 12:00:00,2849.695
2021-02-11 13:00:00,2857.575
2021-02-11 14:00:00,2525.55
2021-02-11 15:00:00,2516.572222222222
2021-02-11 16:00:00,2512.9972222222223
2021-02-11 17:00:00,2439.81
2021-02-11 18:00:00,2361.0397222222223
2021-02-11 19:00:00,2490.490277777778
2021-02-11 20:00:00,2727.6019444444446
2021-02-11 21:00:00,2337.6133333333332
2021-02-11 22:00:00,2381.436388888889
2021-02-11 23:00:00,2366.112222222222
2021-02-12 00:00:00,2284.2347222222224
2021-02-12 01:00:00,2206.744722222222
2021-02-12 02:00:00,2102.3273611111113
2021-02-12 03:00:00,2019.2554166666666
2021-02-12 04:00:00,2015.4975
2021-02-12 05:00:00,2042.8220833333332
2021-02-12 06:00:00,2005.6040277777777
2021-02-12 07:00:00,2120.12375
2021-02-12 08:00:00,1982.9315277777778
2021-02-12 09:00:00,2296.5129166666666
2021-02-12 10:00:00,2670.793888888889
2021-02-12 11:00:00,3100.8541666666665
2021-02-12 12:00:00,2913.568888888889
2021-02-12 13:00:00,2856.3908333333334
2021-02-12 14:00:00,2661.441388888889
2021-02-12 15:00:00,2385.5694444444443
2021-02-12 16:00:00,2226.387777777778
2021-02-12 17:00:00,2148.139583333333
2021-02-12 18:00:00,2121.954027777778
2021-02-12 19:00:00,2107.947638888889
2021-02-12 20:00:00,2160.7238888888887
2021-02-12 21:00:00,1949.3966666666668
2021-02-12 22:00:00,1969.56
2021-02-12 23:00:00,2057.2105555555554
2021-02-13 00:00:00,2031.1141666666667
2021-02-13 01:00:00,2008.8991666666666
2021-02-13 02:00:00,2040.8430555555556
2021-02-13 03:00:00,2057.23
2021-02-13 04:00:00,2020.831111111111
2021-02-13 05:00:00,2076.3019444444444
2021-02-13 06:00:00,1987.942361111111
2021-02-13 07:00:00,2073.3633333333332
2021-02-13 08:00:00,2035.6240277777779
2021-02-13 09:00:00,2564.0183333333334
2021-02-13 10:00:00,3010.068888888889
2021-02-13 11:00:00,3616.661111111111
2021-02-13 12:00:00,3486.8908333333334
2021-02-13 13:00:00,3291.905
2021-02-13 14:00:00,2987.8716666666664
2021-02-13 15:00:00,2940.04
2021-02-13 16:00:00,2647.817777777778
2021-02-13 17:00:00,2463.6955555555555
2021-02-13 18:00:00,2323.148611111111
2021-02-13 19:00:00,2306.038611111111
2021-02-13 20:00:00,2445.7972222222224
2021-02-13 21:00:00,2128.407777777778
2021-02-13 22:00:00,2118.567361111111
2021-02-13 23:00:00,2262.14875
2021-02-14 00:00:00,2527.963888888889
2021-02-14 01:00:00,2717.0108333333333
2021-02-14 02:00:00,2727.5425
2021-02-14 03:00:00,2593.976388888889
2021-02-14 04:00:00,2642.5183333333334
2021-02-14 05:00:00,2761.521111111111
2021-02-14 06:00:00,2615.615
2021-02-14 07:00:00,2610.7483333333334
2021-02-14 08:00:00,2352.183611111111
2021-02-14 09:00:00,2712.2644444444445
2021-02-14 10:00:00,2911.231111111111
2021-02-14 11:00:00,3691.253888888889
2021-02-14 12:00:00,3220.3855555555556
2021-02-14 13:00:00,3364.556111111111
2021-02-14 14:00:00,2808.4555555555557
2021-02-14 15:00:00,2656.2116666666666
2021-02-14 16:00:00,2531.548888888889
2021-02-14 17:00:00,2453.3355555555554
2021-02-14 18:00:00,2423.846666666667
2021-02-14 19:00:00,2388.4827777777778
2021-02-14 20:00:00,2389.6266666666666
2021-02-14 21:00:00,2113.6658333333335
2021-02-14 22:00:00,2046.08
2021-02-14 23:00:00,2097.0763888888887
2021-02-15 00:00:00,2128.3952777777777
2021-02-15 01:00:00,2063.2066666666665
2021-02-15 02:00:00,2038.9258333333332
2021-02-15 03:00:00,2068.208611111111
2021-02-15 04:00:00,2071.8033333333333
2021-02-15 05:00:00,2059.2130555555555
2021-02-15 06:00:00,2057.5872222222224
2021-02-15 07:00:00,2007.516388888889
2021-02-15 08:00:00,2012.005138888889
2021-02-15 09:00:00,2464.4558333333334
2021-02-15 10:00:00,2712.1286111111112
2021-02-15 11:00:00,2889.3105555555558
2021-02-15 12:00:00,3301.6222222222223
2021-02-15 13:00:00,3225.1033333333335
2021-02-15 14:00:00,2717.165
2021-02-15 15:00:00,2550.205
2021-02-15 16:00:00,2653.521111111111
2021-02-15 17:00:00,2566.131388888889
2021-02-15 18:00:00,2671.215
2021-02-15 19:00:00,2892.2786111111113
2021-02-15 20:00:00,2817.0886111111113
2021-02-15 21:00:00,2683.1711111111113
2021-02-15 22:00:00,2704.1094444444443
2021-02-15 23:00:00,2725.5705555555555
2021-02-16 00:00:00,2823.3411111111113
2021-02-16 01:00:00,2771.313888888889
2021-02-16 02:00:00,2788.4380555555554
2021-02-16 03:00:00,2732.1908333333336
2021-02-16 04:00:00,2733.398888888889
2021-02-16 05:00:00,2946.095277777778
2021-02-16 06:00:00,3034.7994444444444
2021-02-16 07:00:00,2864.2361111111113
2021-02-16 08:00:00,2968.528333333333
2021-02-16 09:00:00,3515.6369444444445
2021-02-16 10:00:00,3829.8455555555556
2021-02-16 11:00:00,4214.689444444444
2021-02-16 12:00:00,4072.8172222222224
2021-02-16 13:00:00,3980.449722222222
2021-02-16 14:00:00,3444.3122222222223
2021-02-16 15:00:00,3496.6711111111113
2021-02-16 16:00:00,3437.323888888889
2021-02-16 17:00:00,3464.8263888888887
2021-02-16 18:00:00,3616.271388888889
2021-02-16 19:00:00,3631.693888888889
2021-02-16 20:00:00,3781.4066666666668
2021-02-16 21:00:00,3308.676111111111
2021-02-16 22:00:00,3532.8181944444445
2021-02-16 23:00:00,3671.625
2021-02-17 00:00:00,3699.4805555555554
2021-02-17 01:00:00,3644.8947222222223
2021-02-17 02:00:00,3647.718611111111
2021-02-17 03:00:00,3761.847222222222
2021-02-17 04:00:00,3749.8966666666665
2021-02-17 05:00:00,3903.8941666666665
2021-02-17 06:00:00,4307.379722222222
2021-02-17 07:00:00,3923.1116666666667
2021-02-17 08:00:00,3860.4527777777776
2021-02-17 09:00:00,4311.126944444444
2021-02-17 10:00:00,4472.527222222222
2021-02-17 11:00:00,4889.223333333333
2021-02-17 12:00:00,4901.843333333333
2021-02-17 13:00:00,4927.577777777778
2021-02-17 14:00:00,4492.793055555556
2021-02-17 15:00:00,4280.422222222222
2021-02-17 16:00:00,4367.761111111111
2021-02-17 17:00:00,4238.507777777778
2021-02-17 18:00:00,4168.780277777778
2021-02-17 19:00:00,4192.127777777778
2021-02-17 20:00:00,4032.281388888889
2021-02-17 21:00:00,3734.31
2021-02-17 22:00:00,3805.2677777777776
2021-02-17 23:00:00,3770.012222222222
2021-02-18 00:00:00,3640.7483333333334
2021-02-18 01:00:00,3743.771388888889
2021-02-18 02:00:00,3683.096111111111
2021-02-18 03:00:00,3631.9580555555553
2021-02-18 04:00:00,3750.4352777777776
2021-02-18 05:00:00,3808.4755555555557
2021-02-18 06:00:00,3819.659166666667
2021-02-18 07:00:00,4082.6380555555556
2021-02-18 08:00:00,4475.63
2021-02-18 09:00:00,4771.791111111111
2021-02-18 10:00:00,5665.233333333334
2021-02-18 11:00:00,6255.366666666667
2021-02-18 12:00:00,5210.365555555555
2021-02-18 13:00:00,4861.248333333333
2021-02-18 14:00:00,4672.037777777778
2021-02-18 15:00:00,4338.452777777778
2021-02-18 16:00:00,3840.3722222222223
2021-02-18 17:00:00,3648.4733333333334
2021-02-18 18:00:00,3535.7961111111113
2021-02-18 19:00:00,3548.701666666667
2021-02-18 20:00:00,3445.1227777777776
2021-02-18 21:00:00,3378.543888888889
2021-02-18 22:00:00,3580.0955555555556
2021-02-18 23:00:00,3425.3816666666667
2021-02-19 00:00:00,3318.481111111111
2021-02-19 01:00:00,3492.2844444444445
2021-02-19 02:00:00,3430.9383333333335
2021-02-19 03:00:00,3667.007777777778
2021-02-19 04:00:00,4828.931111111111
2021-02-19 05:00:00,4145.103055555555
2021-02-19 06:00:00,3366.4555555555557
2021-02-19 07:00:00,3074.575
2021-02-19 08:00:00,3038.7786111111113
2021-02-19 09:00:00,2843.051111111111
2021-02-19 10:00:00,3015.0422222222223
2021-02-19 11:00:00,3425.926111111111
2021-02-19 12:00:00,3306.7494444444446
2021-02-19 13:00:00,3716.043611111111
2021-02-19 14:00:00,3408.838333333333
2021-02-19 15:00:00,3229.235833333333
2021-02-19 16:00:00,2992.052222222222
2021-02-19 17:00:00,2766.1027777777776
2021-02-19 18:00:00,2647.6483333333335
2021-02-19 19:00:00,2623.203611111111
2021-02-19 20:00:00,2627.1775
2021-02-19 21:00:00,2379.532222222222
2021-02-19 22:00:00,2353.047777777778
2021-02-19 23:00:00,2423.322777777778
2021-02-20 00:00:00,2441.046388888889
2021-02-20 01:00:00,2546.07
2021-02-20 02:00:00,2474.6594444444445
2021-02-20 03:00:00,2379.9147222222223
2021-02-20 04:00:00,2382.7994444444444
2021-02-20 05:00:00,2465.532222222222
2021-02-20 06:00:00,2252.9344444444446
2021-02-20 07:00:00,2502.398888888889
2021-02-20 08:00:00,2549.385
2021-02-20 09:00:00,2768.57
2021-02-20 10:00:00,3121.8655555555556
2021-02-20 11:00:00,3783.316388888889
2021-02-20 12:00:00,4053.6722222222224
2021-02-20 13:00:00,4435.146388888889
2021-02-20 14:00:00,4453.002777777778
2021-02-20 15:00:00,4487.068888888889
2021-02-20 16:00:00,3650.5588888888888
2021-02-20 17:00:00,3479.8655555555556
2021-02-20 18:00:00,3490.4505555555556
2021-02-20 19:00:00,3494.4713888888887
2021-02-20 20:00:00,3653.103611111111
2021-02-20 21:00:00,3166.612222222222
2021-02-20 22:00:00,3168.0105555555556
2021-02-20 23:00:00,3165.3483333333334
2021-02-21 00:00:00,3189.5805555555557
2021-02-21 01:00:00,3056.1394444444445
2021-02-21 02:00:00,3055.610277777778
2021-02-21 03:00:00,3048.088333333333
2021-02-21 04:00:00,2983.4544444444446
2021-02-21 05:00:00,2896.161111111111
2021-02-21 06:00:00,2840.8244444444445
2021-02-21 07:00:00,2981.1344444444444
2021-02-21 08:00:00,3194.3025
2021-02-21 09:00:00,3980.5988888888887
2021-02-21 10:00:00,4624.996666666667
2021-02-21 11:00:00,6402.413333333333
2021-02-21 12:00:00,8285.103333333333
2021-02-21 13:00:00,8164.07
2021-02-21 14:00:00,8003.145555555556
2021-02-21 15:00:00,7095.678888888889
2021-02-21 16:00:00,5320.675555555556
2021-02-21 17:00:00,4418.927222222223
2021-02-21 18:00:00,4149.864166666666
2021-02-21 19:00:00,3933.875
2021-02-21 20:00:00,3769.8430555555556
2021-02-21 21:00:00,3298.0380555555557
2021-02-21 22:00:00,3385.0169444444446
2021-02-21 23:00:00,3508.54
2021-02-22 00:00:00,3415.9616666666666
2021-02-22 01:00:00,3002.383888888889
2021-02-22 02:00:00,2694.0872222222224
2021-02-22 03:00:00,2600.271111111111
2021-02-22 04:00:00,2624.468611111111
2021-02-22 05:00:00,2642.081111111111
2021-02-22 06:00:00,2172.87625
2021-02-22 07:00:00,2273.8544444444447
2021-02-22 08:00:00,2413.3527777777776
2021-02-22 09:00:00,2955.1072222222224
2021-02-22 10:00:00,4011.6477777777777
2021-02-22 11:00:00,4098.905833333333
2021-02-22 12:00:00,5902.815555555556
2021-02-22 13:00:00,7269.571111111111
2021-02-22 14:00:00,7603.109444444444
2021-02-22 15:00:00,5996.568888888889
2021-02-22 16:00:00,4803.401111111111
2021-02-22 17:00:00,4216.386944444444
2021-02-22 18:00:00,3714.9680555555556
2021-02-22 19:00:00,3445.6369444444445
2021-02-22 20:00:00,3447.862777777778
2021-02-22 21:00:00,3019.880833333333
2021-02-22 22:00:00,3224.1
2021-02-22 23:00:00,3198.331111111111
2021-02-23 00:00:00,3451.8616666666667
2021-02-23 01:00:00,3262.49
2021-02-23 02:00:00,3191.516666666667
2021-02-23 03:00:00,3245.631388888889
2021-02-23 04:00:00,3181.7708333333335
2021-02-23 05:00:00,3062.2516666666666
2021-02-23 06:00:00,3134.81
2021-02-23 07:00:00,2999.8811111111113
2021-02-23 08:00:00,3137.0583333333334
2021-02-23 09:00:00,4401.239444444444
2021-02-23 10:00:00,5642.272222222222
2021-02-23 11:00:00,6583.738888888889
2021-02-23 12:00:00,7504.944444444444
2021-02-23 13:00:00,7572.966666666666
2021-02-23 14:00:00,7889.114444444444
2021-02-23 15:00:00,7955.206666666667
2021-02-23 16:00:00,6263.846666666666
2021-02-23 17:00:00,5242.245555555555
2021-02-23 18:00:00,4923.181111111111
2021-02-23 19:00:00,5100.4366666666665
2021-02-23 20:00:00,5340.121666666667
2021-02-23 21:00:00,4774.832777777778
2021-02-23 22:00:00,4766.129444444445
2021-02-23 23:00:00,4801.696666666667
2021-02-24 00:00:00,4505.443333333334
2021-02-24 01:00:00,4082.4555555555557
2021-02-24 02:00:00,3960.7466666666664
2021-02-24 03:00:00,3730.3494444444445
2021-02-24 04:00:00,3731.2916666666665
2021-02-24 05:00:00,4000.8494444444445
2021-02-24 06:00:00,3570.2683333333334
2021-02-24 07:00:00,3648.5305555555556
2021-02-24 08:00:00,4033.4669444444444
2021-02-24 09:00:00,5863.511111111111
2021-02-24 10:00:00,7678.036666666667
2021-02-24 11:00:00,8393.566111111111
2021-02-24 12:00:00,8478.104444444445
2021-02-24 13:00:00,8541.733888888888
2021-02-24 14:00:00,8556.847222222223
2021-02-24 15:00:00,8498.7
2021-02-24 16:00:00,8409.876666666667
2021-02-24 17:00:00,6939.238888888889
2021-02-24 18:00:00,6458.106666666667
2021-02-24 19:00:00,5371.787777777778
2021-02-24 20:00:00,5242.577777777778
2021-02-24 21:00:00,4700.65
2021-02-24 22:00:00,4937.2
2021-02-24 23:00:00,4601.803333333333
2021-02-25 00:00:00,4456.422222222222
2021-02-25 01:00:00,4174.9111111111115
2021-02-25 02:00:00,3981.7694444444446
2021-02-25 03:00:00,3639.1883333333335
2021-02-25 04:00:00,3587.5669444444443
2021-02-25 05:00:00,3560.5055555555555
2021-02-25 06:00:00,3109.6205555555557
2021-02-25 07:00:00,3559.083888888889
2021-02-25 08:00:00,3692.507222222222
2021-02-25 09:00:00,5199.253333333333
2021-02-25 10:00:00,7554.121666666667
2021-02-25 11:00:00,8349.118888888888
2021-02-25 12:00:00,8452.89
2021-02-25 13:00:00,8481.883333333333
2021-02-25 14:00:00,8531.298888888889
2021-02-25 15:00:00,8410.354444444445
2021-02-25 16:00:00,7736.88
2021-02-25 17:00:00,5988.910555555555
2021-02-25 18:00:00,4958.2827777777775
2021-02-25 19:00:00,4348.15
2021-02-25 20:00:00,3863.0155555555557
2021-02-25 21:00:00,3763.3744444444446
2021-02-25 22:00:00,3482.5133333333333
2021-02-25 23:00:00,3185.945
2021-02-26 00:00:00,3001.492222222222
2021-02-26 01:00:00,2793.625
2021-02-26 02:00:00,2656.5216666666665
2021-02-26 03:00:00,2647.5094444444444
2021-02-26 04:00:00,2516.733333333333
2021-02-26 05:00:00,2640.6216666666664
2021-02-26 06:00:00,2401.67
2021-02-26 07:00:00,2053.909722222222
2021-02-26 08:00:00,2240.7591666666667
2021-02-26 09:00:00,2143.9666666666667
2021-02-26 10:00:00,2295.06
2021-02-26 11:00:00,2591.141111111111
2021-02-26 12:00:00,2609.3030555555556
2021-02-26 13:00:00,2504.7536111111112
2021-02-26 14:00:00,2396.4344444444446
2021-02-26 15:00:00,2357.389166666667
2021-02-26 16:00:00,2505.7497222222223
2021-02-26 17:00:00,2469.5916666666667
2021-02-26 18:00:00,2395.4144444444446
2021-02-26 19:00:00,2586.1388888888887
2021-02-26 20:00:00,2242.2479166666667
2021-02-26 21:00:00,2070.471666666667
2021-02-26 22:00:00,2061.2945833333333
2021-02-26 23:00:00,2051.6633333333334
2021-02-27 00:00:00,2019.3409722222223
2021-02-27 01:00:00,2003.9822222222222
2021-02-27 02:00:00,1980.71625
2021-02-27 03:00:00,1924.635
2021-02-27 04:00:00,1970.4225
2021-02-27 05:00:00,2091.73
2021-02-27 06:00:00,1981.03125
2021-02-27 07:00:00,1906.66375
2021-02-27 08:00:00,1863.2419444444445
2021-02-27 09:00:00,2149.977083333333
2021-02-27 10:00:00,2513.0833333333335
2021-02-27 11:00:00,2537.2433333333333
2021-02-27 12:00:00,2774.423333333333
2021-02-27 13:00:00,2815.4130555555557
2021-02-27 14:00:00,2604.0783333333334
2021-02-27 15:00:00,2536.9066666666668
2021-02-27 16:00:00,2442.545
2021-02-27 17:00:00,2234.4802777777777
2021-02-27 18:00:00,2026.5977777777778
2021-02-27 19:00:00,1980.8008333333332
2021-02-27 20:00:00,2089.2930555555554
2021-02-27 21:00:00,2038.651388888889
2021-02-27 22:00:00,2037.7806944444444
2021-02-27 23:00:00,2060.2493055555556
2021-02-28 00:00:00,2030.546111111111
2021-02-28 01:00:00,1962.0311111111112
2021-02-28 02:00:00,1947.8308333333334
2021-02-28 03:00:00,1959.5881944444445
2021-02-28 04:00:00,1891.9105555555554
2021-02-28 05:00:00,1858.17125
2021-02-28 06:00:00,1915.9790277777777
2021-02-28 07:00:00,2078.5579166666666
2021-02-28 08:00:00,2011.411111111111
2021-02-28 09:00:00,2368.8575
2021-02-28 10:00:00,2668.448611111111
2021-02-28 11:00:00,2841.5622222222223
2021-02-28 12:00:00,3134.4066666666668
2021-02-28 13:00:00,2843.22
2021-02-28 14:00:00,2614.2555555555555
2021-02-28 15:00:00,2371.871111111111
2021-02-28 16:00:00,2337.6736111111113
2021-02-28 17:00:00,2160.3780555555554
2021-02-28 18:00:00,2177.21
2021-02-28 19:00:00,2362.241666666667
2021-02-28 20:00:00,2351.301111111111
2021-02-28 21:00:00,2133.7141666666666
2021-02-28 22:00:00,2290.6111111111113
2021-02-28 23:00:00,2296.4029166666664
2021-03-01 00:00:00,2235.4395833333333
2021-03-01 01:00:00,2175.9756944444443
2021-03-01 02:00:00,2112.945833333333
2021-03-01 03:00:00,2083.9822222222224
2021-03-01 04:00:00,2119.902777777778
2021-03-01 05:00:00,2138.2829166666666
2021-03-01 06:00:00,2064.4880555555555
2021-03-01 07:00:00,2124.1315277777776
2021-03-01 08:00:00,2266.387777777778
2021-03-01 09:00:00,2477.4636111111113
2021-03-01 10:00:00,2705.178888888889
2021-03-01 11:00:00,2943.1805555555557
2021-03-01 12:00:00,3461.9816666666666
2021-03-01 13:00:00,3561.691388888889
2021-03-01 14:00:00,3167.253888888889
2021-03-01 15:00:00,2961.8166666666666
2021-03-01 16:00:00,2626.358888888889
2021-03-01 17:00:00,2459.9966666666664
2021-03-01 18:00:00,2233.3680555555557
2021-03-01 19:00:00,2250.0777777777776
2021-03-01 20:00:00,2108.6683333333335
2021-03-01 21:00:00,1806.4127777777778
2021-03-01 22:00:00,1830.3616666666667
2021-03-01 23:00:00,1774.0719444444444
2021-03-02 00:00:00,1735.64625
2021-03-02 01:00:00,1671.2836111111112
2021-03-02 02:00:00,1611.4558333333334
2021-03-02 03:00:00,1621.898888888889
2021-03-02 04:00:00,1656.0633333333333
2021-03-02 05:00:00,1562.0955555555556
2021-03-02 06:00:00,1620.787361111111
2021-03-02 07:00:00,1708.8244444444445
2021-03-02 08:00:00,1976.9018055555555
2021-03-02 09:00:00,2160.5680555555555
2021-03-02 10:00:00,2658.222777777778
2021-03-02 11:00:00,2970.1766666666667
2021-03-02 12:00:00,3182.9958333333334
2021-03-02 13:00:00,2970.7533333333336
2021-03-02 14:00:00,2642.2633333333333
2021-03-02 15:00:00,2257.608888888889
2021-03-02 16:00:00,2103.6831944444443
2021-03-02 17:00:00,2011.2040277777778
2021-03-02 18:00:00,1957.0943055555556
2021-03-02 19:00:00,1873.7570833333334
2021-03-02 20:00:00,1911.8963888888889
2021-03-02 21:00:00,1700.4122222222222
2021-03-02 22:00:00,1705.1077777777778
2021-03-02 23:00:00,1755.7586111111111
2021-03-03 00:00:00,1698.3133333333333
2021-03-03 01:00:00,1613.3091666666667
2021-03-03 02:00:00,1594.7115277777777
2021-03-03 03:00:00,1582.9229166666667
2021-03-03 04:00:00,1512.5425
2021-03-03 05:00:00,1374.7219444444445
2021-03-03 06:00:00,1500.6719444444445
2021-03-03 07:00:00,1613.4468055555556
2021-03-03 08:00:00,1634.8972222222221
2021-03-03 09:00:00,2246.2697222222223
2021-03-03 10:00:00,3004.8727777777776
2021-03-03 11:00:00,3176.659166666667
2021-03-03 12:00:00,3697.5641666666666
2021-03-03 13:00:00,3479.9411111111112
2021-03-03 14:00:00,3878.925277777778
2021-03-03 15:00:00,3548.447222222222
2021-03-03 16:00:00,2889.8869444444445
2021-03-03 17:00:00,4315.592777777778
2021-03-03 18:00:00,24977.326666666668
2021-03-03 19:00:00,51282.54222222222
2021-03-03 20:00:00,77263.93777777778
2021-03-03 21:00:00,102929.84888888888
2021-03-03 22:00:00,128926.70222222223
2021-03-03 23:00:00,154932.69333333333
2021-03-04 00:00:00,180922.24
2021-03-04 01:00:00,206866.56
2021-03-04 02:00:00,232773.54666666666
2021-03-04 03:00:00,258783.5377777778
2021-03-04 04:00:00,284812.33777777775
2021-03-04 05:00:00,310870.4711111111
2021-03-04 06:00:00,337118.3644444444
2021-03-04 07:00:00,363127.8222222222
2021-03-04 08:00:00,389292.0888888889
2021-03-04 09:00:00,415533.58222222223
2021-03-04 10:00:00,441607.32444444444
2021-03-04 11:00:00,467687.64444444445
2021-03-04 12:00:00,493920.5333333333
2021-03-04 13:00:00,519766.7555555556
2021-03-04 14:00:00,545805.0133333333
2021-03-04 15:00:00,571876.9777777778
2021-03-04 16:00:00,597813.5466666666
2021-03-04 17:00:00,623892.0533333333
2021-03-04 18:00:00,649946.7377777778
2021-03-04 19:00:00,676115.911111111
2021-03-04 20:00:00,702125.0133333333
2021-03-04 21:00:00,728136.1066666667
2021-03-04 22:00:00,754195.6266666667
2021-03-04 23:00:00,713541.2622222222
2021-03-05 00:00:00,0.0
