timestamp,consumption
2020-02-03 13:00:00,1270.8172794117647
2020-02-03 14:00:00,612.0856944444445
2020-02-03 15:00:00,794.5083333333333
2020-02-03 16:00:00,785.5338888888889
2020-02-03 17:00:00,782.6198611111112
2020-02-03 18:00:00,570.1095138888888
2020-02-03 19:00:00,717.2431944444445
2020-02-03 20:00:00,794.2732638888889
2020-02-03 21:00:00,803.580625
2020-02-03 22:00:00,798.8165277777778
2020-02-03 23:00:00,803.1002777777778
2020-02-04 00:00:00,807.5919444444445
2020-02-04 01:00:00,810.5477777777778
2020-02-04 02:00:00,812.0089583333333
2020-02-04 03:00:00,804.5623611111112
2020-02-04 04:00:00,794.7529166666667
2020-02-04 05:00:00,2423.208611111111
2020-02-04 06:00:00,3210.2033333333334
2020-02-04 07:00:00,3331.737777777778
2020-02-04 08:00:00,2947.055
2020-02-04 09:00:00,2881.1272222222224
2020-02-04 10:00:00,3018.5344444444445
2020-02-04 11:00:00,2914.7466666666664
2020-02-04 12:00:00,1660.326388888889
2020-02-04 13:00:00,1310.3456944444445
2020-02-04 14:00:00,424.23055555555555
2020-02-04 15:00:00,507.3698611111111
2020-02-04 16:00:00,739.4367361111111
2020-02-04 17:00:00,781.3481944444444
2020-02-04 18:00:00,593.7072222222222
2020-02-04 19:00:00,704.0070833333333
2020-02-04 20:00:00,774.1298611111112
2020-02-04 21:00:00,774.4219444444444
2020-02-04 22:00:00,773.2591666666667
2020-02-04 23:00:00,776.4554861111111
2020-02-05 00:00:00,778.00125
2020-02-05 01:00:00,770.9316666666666
2020-02-05 02:00:00,774.0280555555555
2020-02-05 03:00:00,765.0445138888889
2020-02-05 04:00:00,755.235625
2020-02-05 05:00:00,1912.79125
2020-02-05 06:00:00,3023.548888888889
2020-02-05 07:00:00,3171.378888888889
2020-02-05 08:00:00,3288.116388888889
2020-02-05 09:00:00,3128.0027777777777
2020-02-05 10:00:00,3322.5830555555553
2020-02-05 11:00:00,2985.2947222222224
2020-02-05 12:00:00,744.9414583333333
2020-02-05 13:00:00,398.81145833333335
2020-02-05 14:00:00,370.62368055555555
2020-02-05 15:00:00,400.21208333333334
2020-02-05 16:00:00,548.5167361111111
2020-02-05 17:00:00,774.7375694444445
2020-02-05 18:00:00,621.7623611111111
2020-02-05 19:00:00,776.0152777777778
2020-02-05 20:00:00,782.9707638888889
2020-02-05 21:00:00,788.9276388888889
2020-02-05 22:00:00,776.4070833333334
2020-02-05 23:00:00,776.5938194444444
2020-02-06 00:00:00,777.8684722222222
2020-02-06 01:00:00,778.8900694444444
2020-02-06 02:00:00,776.9774305555555
2020-02-06 03:00:00,816.8830555555555
2020-02-06 04:00:00,2328.574722222222
2020-02-06 05:00:00,3024.0719444444444
2020-02-06 06:00:00,3019.1655555555553
2020-02-06 07:00:00,3109.0427777777777
2020-02-06 08:00:00,3035.8633333333332
2020-02-06 09:00:00,2697.0216666666665
2020-02-06 10:00:00,2762.6894444444442
2020-02-06 11:00:00,2764.6908333333336
2020-02-06 12:00:00,2799.711388888889
2020-02-06 13:00:00,1966.7568055555555
2020-02-06 14:00:00,773.3590277777778
2020-02-06 15:00:00,811.6875
2020-02-06 16:00:00,813.2105555555555
2020-02-06 17:00:00,798.5045833333334
2020-02-06 18:00:00,585.1406944444444
2020-02-06 19:00:00,732.3315972222222
2020-02-06 20:00:00,812.186875
2020-02-06 21:00:00,815.3170138888889
2020-02-06 22:00:00,817.1717361111112
2020-02-06 23:00:00,802.9323611111112
2020-02-07 00:00:00,806.9091666666667
2020-02-07 01:00:00,815.19125
2020-02-07 02:00:00,816.7170138888889
2020-02-07 03:00:00,807.1895833333333
2020-02-07 04:00:00,2310.0829166666667
2020-02-07 05:00:00,1819.5072222222223
2020-02-07 06:00:00,1741.5722222222223
2020-02-07 07:00:00,2886.0425
2020-02-07 08:00:00,2926.4938888888887
2020-02-07 09:00:00,2846.4083333333333
2020-02-07 10:00:00,2630.553888888889
2020-02-07 11:00:00,2751.405
2020-02-07 12:00:00,2790.0763888888887
2020-02-07 13:00:00,2133.988611111111
2020-02-07 14:00:00,337.4066666666667
2020-02-07 15:00:00,397.2275
2020-02-07 16:00:00,548.6975694444444
2020-02-07 17:00:00,797.235
2020-02-07 18:00:00,660.5831944444444
2020-02-07 19:00:00,829.4255555555555
2020-02-07 20:00:00,834.2248611111111
2020-02-07 21:00:00,823.4319444444444
2020-02-07 22:00:00,813.915625
2020-02-07 23:00:00,824.5265277777778
2020-02-08 00:00:00,833.6590972222223
2020-02-08 01:00:00,829.3709722222222
2020-02-08 02:00:00,833.3638888888889
2020-02-08 03:00:00,829.5369444444444
2020-02-08 04:00:00,827.1209722222222
2020-02-08 05:00:00,1861.6458333333333
2020-02-08 06:00:00,3869.553611111111
2020-02-08 07:00:00,1385.0584722222222
2020-02-08 08:00:00,794.5045833333334
2020-02-08 09:00:00,462.89447916666666
2020-02-08 10:00:00,459.1433333333333
2020-02-08 11:00:00,552.0560763888889
2020-02-08 12:00:00,553.8245138888889
2020-02-08 13:00:00,558.2507986111111
2020-02-08 14:00:00,493.5440972222222
2020-02-08 15:00:00,659.7847916666667
2020-02-08 16:00:00,808.9022222222222
2020-02-08 17:00:00,822.6316666666667
2020-02-08 18:00:00,574.6763888888889
2020-02-08 19:00:00,800.1251388888888
2020-02-08 20:00:00,825.2786111111111
2020-02-08 21:00:00,829.5534027777778
2020-02-08 22:00:00,824.7841666666667
2020-02-08 23:00:00,825.0554166666667
2020-02-09 00:00:00,822.8016666666666
2020-02-09 01:00:00,833.5447222222223
2020-02-09 02:00:00,823.5616666666666
2020-02-09 03:00:00,822.6841666666667
2020-02-09 04:00:00,820.18125
2020-02-09 05:00:00,3079.5505555555555
2020-02-09 06:00:00,1969.2080555555556
2020-02-09 07:00:00,813.9736111111112
2020-02-09 08:00:00,805.2103472222223
2020-02-09 09:00:00,443.58465277777776
2020-02-09 10:00:00,451.17072916666666
2020-02-09 11:00:00,545.3817361111111
2020-02-09 12:00:00,549.3154513888888
2020-02-09 13:00:00,543.2161805555555
2020-02-09 14:00:00,606.0995833333334
2020-02-09 15:00:00,826.3278472222222
2020-02-09 16:00:00,827.1529166666667
2020-02-09 17:00:00,825.0452777777778
2020-02-09 18:00:00,575.4593055555556
2020-02-09 19:00:00,804.6649305555555
2020-02-09 20:00:00,819.4581944444444
2020-02-09 21:00:00,812.4872916666667
2020-02-09 22:00:00,806.9176388888889
2020-02-09 23:00:00,819.1290277777778
2020-02-10 00:00:00,820.5425
2020-02-10 01:00:00,810.9280555555556
2020-02-10 02:00:00,817.4341666666667
2020-02-10 03:00:00,806.2802777777778
2020-02-10 04:00:00,1562.1491666666666
2020-02-10 05:00:00,2926.4011111111113
2020-02-10 06:00:00,2527.4355555555558
2020-02-10 07:00:00,2151.205972222222
2020-02-10 08:00:00,3233.9866666666667
2020-02-10 09:00:00,1689.3402777777778
2020-02-10 10:00:00,1303.5768055555557
2020-02-10 11:00:00,1391.7241666666666
2020-02-10 12:00:00,1403.0325
2020-02-10 13:00:00,1408.205138888889
2020-02-10 14:00:00,1067.3929166666667
2020-02-10 15:00:00,601.0770833333333
2020-02-10 16:00:00,809.7156944444445
2020-02-10 17:00:00,813.1948611111111
2020-02-10 18:00:00,576.1015277777777
2020-02-10 19:00:00,808.19625
2020-02-10 20:00:00,819.6138194444444
2020-02-10 21:00:00,822.90375
2020-02-10 22:00:00,819.2259027777778
2020-02-10 23:00:00,823.45125
2020-02-11 00:00:00,823.2388194444444
2020-02-11 01:00:00,814.6656944444444
2020-02-11 02:00:00,807.3628472222222
2020-02-11 03:00:00,804.8313194444445
2020-02-11 04:00:00,811.2454166666666
2020-02-11 05:00:00,1665.8758333333333
2020-02-11 06:00:00,5061.2844444444445
2020-02-11 07:00:00,4644.025277777778
2020-02-11 08:00:00,2794.1844444444446
2020-02-11 09:00:00,2741.661666666667
2020-02-11 10:00:00,2881.6388888888887
2020-02-11 11:00:00,1763.9808333333333
2020-02-11 12:00:00,1462.8236111111112
2020-02-11 13:00:00,2125.4355555555558
2020-02-11 14:00:00,1302.6930555555555
2020-02-11 15:00:00,1258.7122222222222
2020-02-11 16:00:00,783.4783333333334
2020-02-11 17:00:00,818.8233333333334
2020-02-11 18:00:00,722.0313194444444
2020-02-11 19:00:00,797.3416666666667
2020-02-11 20:00:00,804.7356944444444
2020-02-11 21:00:00,808.0629861111111
2020-02-11 22:00:00,804.4920833333333
2020-02-11 23:00:00,813.8731944444445
2020-02-12 00:00:00,814.2096527777778
2020-02-12 01:00:00,820.3416666666667
2020-02-12 02:00:00,814.9165277777778
2020-02-12 03:00:00,810.818125
2020-02-12 04:00:00,918.0121527777778
2020-02-12 05:00:00,1623.1169444444445
2020-02-12 06:00:00,3607.0886111111113
2020-02-12 07:00:00,3211.0744444444445
2020-02-12 08:00:00,2092.853611111111
2020-02-12 09:00:00,2232.171388888889
2020-02-12 10:00:00,2792.773888888889
2020-02-12 11:00:00,1541.631111111111
2020-02-12 12:00:00,1785.4883333333332
2020-02-12 13:00:00,2611.4352777777776
2020-02-12 14:00:00,1369.6102777777778
2020-02-12 15:00:00,1204.0091666666667
2020-02-12 16:00:00,692.6977083333334
2020-02-12 17:00:00,811.9815972222223
2020-02-12 18:00:00,695.4679166666666
2020-02-12 19:00:00,817.0541666666667
2020-02-12 20:00:00,819.7570833333333
2020-02-12 21:00:00,817.5194444444444
2020-02-12 22:00:00,811.7827083333333
2020-02-12 23:00:00,822.0384027777778
2020-02-13 00:00:00,826.7611111111111
2020-02-13 01:00:00,818.9875694444445
2020-02-13 02:00:00,810.9633333333334
2020-02-13 03:00:00,817.6443055555555
2020-02-13 04:00:00,1266.827361111111
2020-02-13 05:00:00,1582.5619444444444
2020-02-13 06:00:00,2862.0686111111113
2020-02-13 07:00:00,3263.6394444444445
2020-02-13 08:00:00,2925.9891666666667
2020-02-13 09:00:00,2108.0329166666666
2020-02-13 10:00:00,2750.9408333333336
2020-02-13 11:00:00,2787.9080555555556
2020-02-13 12:00:00,2040.3284722222222
2020-02-13 13:00:00,760.8328472222222
2020-02-13 14:00:00,546.11375
2020-02-13 15:00:00,588.4468055555556
2020-02-13 16:00:00,800.5943055555556
2020-02-13 17:00:00,799.3715972222222
2020-02-13 18:00:00,643.1844444444445
2020-02-13 19:00:00,802.0766666666667
2020-02-13 20:00:00,811.8224305555556
2020-02-13 21:00:00,823.1895833333333
2020-02-13 22:00:00,807.79375
2020-02-13 23:00:00,809.1238888888889
2020-02-14 00:00:00,813.9991666666666
2020-02-14 01:00:00,795.3445833333334
2020-02-14 02:00:00,793.0603472222223
2020-02-14 03:00:00,804.0951388888889
2020-02-14 04:00:00,799.8159722222222
2020-02-14 05:00:00,1412.7229166666666
2020-02-14 06:00:00,1639.058888888889
2020-02-14 07:00:00,4434.310277777778
2020-02-14 08:00:00,5229.837777777778
2020-02-14 09:00:00,2483.3308333333334
2020-02-14 10:00:00,1572.6222222222223
2020-02-14 11:00:00,2166.6483333333335
2020-02-14 12:00:00,541.5306944444444
2020-02-14 13:00:00,540.5787847222222
2020-02-14 14:00:00,368.155625
2020-02-14 15:00:00,591.4979166666667
2020-02-14 16:00:00,793.2201388888889
2020-02-14 17:00:00,799.3489583333334
2020-02-14 18:00:00,643.5590277777778
2020-02-14 19:00:00,805.0795138888889
2020-02-14 20:00:00,812.3797222222222
2020-02-14 21:00:00,803.4970833333333
2020-02-14 22:00:00,805.8264583333333
2020-02-14 23:00:00,802.9579861111112
2020-02-15 00:00:00,814.17
2020-02-15 01:00:00,819.6670138888888
2020-02-15 02:00:00,818.6181944444445
2020-02-15 03:00:00,811.5477430555555
2020-02-15 04:00:00,797.6213888888889
2020-02-15 05:00:00,1310.7468055555555
2020-02-15 06:00:00,2863.5577777777776
2020-02-15 07:00:00,2340.535
2020-02-15 08:00:00,1253.8969444444444
2020-02-15 09:00:00,413.465
2020-02-15 10:00:00,557.4886458333333
2020-02-15 11:00:00,555.2073958333333
2020-02-15 12:00:00,559.0652777777777
2020-02-15 13:00:00,551.2865625
2020-02-15 14:00:00,370.8435416666667
2020-02-15 15:00:00,459.6272222222222
2020-02-15 16:00:00,810.9556944444445
2020-02-15 17:00:00,809.9472222222222
2020-02-15 18:00:00,609.7207638888889
2020-02-15 19:00:00,824.2199305555556
2020-02-15 20:00:00,826.8240277777778
2020-02-15 21:00:00,799.0789583333334
2020-02-15 22:00:00,799.9608333333333
2020-02-15 23:00:00,825.47875
2020-02-16 00:00:00,812.1758333333333
2020-02-16 01:00:00,808.9190277777777
2020-02-16 02:00:00,805.1288888888889
2020-02-16 03:00:00,802.3509027777778
2020-02-16 04:00:00,815.4898611111112
2020-02-16 05:00:00,1473.7434722222222
2020-02-16 06:00:00,2126.486388888889
2020-02-16 07:00:00,2079.30125
2020-02-16 08:00:00,1208.2234722222222
2020-02-16 09:00:00,661.00125
2020-02-16 10:00:00,697.78
2020-02-16 11:00:00,544.9414930555556
2020-02-16 12:00:00,547.1317361111111
2020-02-16 13:00:00,543.1796180555556
2020-02-16 14:00:00,508.1358333333333
2020-02-16 15:00:00,562.4994791666667
2020-02-16 16:00:00,801.4256944444444
2020-02-16 17:00:00,811.7198611111111
2020-02-16 18:00:00,626.4679166666666
2020-02-16 19:00:00,794.4647222222222
2020-02-16 20:00:00,801.8130555555556
2020-02-16 21:00:00,809.3836805555555
2020-02-16 22:00:00,793.6788194444445
2020-02-16 23:00:00,796.4091666666667
2020-02-17 00:00:00,800.5418055555556
2020-02-17 01:00:00,800.4000694444444
2020-02-17 02:00:00,793.1786111111111
2020-02-17 03:00:00,799.6673611111111
2020-02-17 04:00:00,1543.9668055555555
2020-02-17 05:00:00,1689.7847222222222
2020-02-17 06:00:00,3603.815
2020-02-17 07:00:00,3527.731111111111
2020-02-17 08:00:00,2539.085
2020-02-17 09:00:00,1726.6983333333333
2020-02-17 10:00:00,2583.5555555555557
2020-02-17 11:00:00,2595.3069444444445
2020-02-17 12:00:00,2572.619722222222
2020-02-17 13:00:00,2585.8566666666666
2020-02-17 14:00:00,942.7424305555555
2020-02-17 15:00:00,423.46489583333334
2020-02-17 16:00:00,622.5281944444445
2020-02-17 17:00:00,784.2972916666666
2020-02-17 18:00:00,630.6199305555556
2020-02-17 19:00:00,795.6630555555555
2020-02-17 20:00:00,810.2124305555556
2020-02-17 21:00:00,807.8883333333333
2020-02-17 22:00:00,808.2328472222222
2020-02-17 23:00:00,805.1134722222222
2020-02-18 00:00:00,804.2336111111111
2020-02-18 01:00:00,814.0377777777778
2020-02-18 02:00:00,809.8569444444445
2020-02-18 03:00:00,803.1077777777778
2020-02-18 04:00:00,801.8326388888889
2020-02-18 05:00:00,1435.8431944444444
2020-02-18 06:00:00,3286.592222222222
2020-02-18 07:00:00,5175.209444444445
2020-02-18 08:00:00,3142.7141666666666
2020-02-18 09:00:00,1441.7722222222221
2020-02-18 10:00:00,1634.9779166666667
2020-02-18 11:00:00,2520.5241666666666
2020-02-18 12:00:00,662.0081944444445
2020-02-18 13:00:00,618.9215277777778
2020-02-18 14:00:00,372.880625
2020-02-18 15:00:00,369.70489583333335
2020-02-18 16:00:00,728.9995833333334
2020-02-18 17:00:00,811.0839583333334
2020-02-18 18:00:00,619.3214583333333
2020-02-18 19:00:00,797.6969444444444
2020-02-18 20:00:00,810.5423611111111
2020-02-18 21:00:00,789.07375
2020-02-18 22:00:00,803.16
2020-02-18 23:00:00,804.6297222222222
2020-02-19 00:00:00,806.3631944444444
2020-02-19 01:00:00,812.5240277777777
2020-02-19 02:00:00,805.9804166666667
2020-02-19 03:00:00,806.5478472222222
2020-02-19 04:00:00,790.6951388888889
2020-02-19 05:00:00,1521.5852777777777
2020-02-19 06:00:00,2916.4005555555555
2020-02-19 07:00:00,3504.7633333333333
2020-02-19 08:00:00,2971.801111111111
2020-02-19 09:00:00,2408.465
2020-02-19 10:00:00,1774.3355555555556
2020-02-19 11:00:00,2176.711111111111
2020-02-19 12:00:00,599.506875
2020-02-19 13:00:00,548.4513541666666
2020-02-19 14:00:00,368.9872916666667
2020-02-19 15:00:00,484.701875
2020-02-19 16:00:00,668.97875
2020-02-19 17:00:00,815.2781944444445
2020-02-19 18:00:00,562.9411805555555
2020-02-19 19:00:00,792.676875
2020-02-19 20:00:00,818.6758333333333
2020-02-19 21:00:00,822.0745833333333
2020-02-19 22:00:00,830.0847222222222
2020-02-19 23:00:00,828.2647916666666
2020-02-20 00:00:00,813.6775
2020-02-20 01:00:00,810.6633333333333
2020-02-20 02:00:00,808.5370833333334
2020-02-20 03:00:00,805.2459027777778
2020-02-20 04:00:00,1702.7430555555557
2020-02-20 05:00:00,1606.6425
2020-02-20 06:00:00,1992.0836111111112
2020-02-20 07:00:00,3018.340277777778
2020-02-20 08:00:00,2877.338888888889
2020-02-20 09:00:00,1521.973611111111
2020-02-20 10:00:00,2566.99
2020-02-20 11:00:00,2605.6119444444444
2020-02-20 12:00:00,2615.5069444444443
2020-02-20 13:00:00,1353.2869444444445
2020-02-20 14:00:00,417.2582638888889
2020-02-20 15:00:00,435.29017361111113
2020-02-20 16:00:00,825.7251388888889
2020-02-20 17:00:00,819.9515277777778
2020-02-20 18:00:00,580.0291666666667
2020-02-20 19:00:00,818.0672222222222
2020-02-20 20:00:00,824.4874305555555
2020-02-20 21:00:00,832.7318055555555
2020-02-20 22:00:00,821.3049131944445
2020-02-20 23:00:00,839.895
2020-02-21 00:00:00,811.3477777777778
2020-02-21 01:00:00,819.9102777777778
2020-02-21 02:00:00,811.2543055555556
2020-02-21 03:00:00,825.1901388888889
2020-02-21 04:00:00,810.3111111111111
2020-02-21 05:00:00,1522.0936111111112
2020-02-21 06:00:00,2664.33
2020-02-21 07:00:00,4778.219444444445
2020-02-21 08:00:00,5032.23
2020-02-21 09:00:00,3541.7344444444443
2020-02-21 10:00:00,2261.9620833333333
2020-02-21 11:00:00,1270.9356944444444
2020-02-21 12:00:00,555.2229166666667
2020-02-21 13:00:00,554.7449305555556
2020-02-21 14:00:00,436.9573263888889
2020-02-21 15:00:00,555.8294791666667
2020-02-21 16:00:00,799.8563194444445
2020-02-21 17:00:00,808.4690277777778
2020-02-21 18:00:00,563.4562152777778
2020-02-21 19:00:00,800.4173611111111
2020-02-21 20:00:00,827.3859722222222
2020-02-21 21:00:00,805.8981944444445
2020-02-21 22:00:00,811.4097222222222
2020-02-21 23:00:00,808.5734722222222
2020-02-22 00:00:00,824.1672222222222
2020-02-22 01:00:00,822.5713888888889
2020-02-22 02:00:00,817.08
2020-02-22 03:00:00,828.9097916666667
2020-02-22 04:00:00,828.9794444444444
2020-02-22 05:00:00,1325.101111111111
2020-02-22 06:00:00,1775.3695833333334
2020-02-22 07:00:00,4467.4766666666665
2020-02-22 08:00:00,1261.0897222222222
2020-02-22 09:00:00,384.291875
2020-02-22 10:00:00,592.3566666666667
2020-02-22 11:00:00,557.7528472222223
2020-02-22 12:00:00,621.0230555555555
2020-02-22 13:00:00,621.3321527777778
2020-02-22 14:00:00,547.7240277777778
2020-02-22 15:00:00,552.8278125
2020-02-22 16:00:00,768.8268055555556
2020-02-22 17:00:00,824.0905555555555
2020-02-22 18:00:00,559.8238194444444
2020-02-22 19:00:00,793.2659027777778
2020-02-22 20:00:00,838.5254861111111
2020-02-22 21:00:00,829.1670833333334
2020-02-22 22:00:00,838.1259027777778
2020-02-22 23:00:00,841.2895138888889
2020-02-23 00:00:00,837.7238888888888
2020-02-23 01:00:00,830.7404166666666
2020-02-23 02:00:00,830.9195833333333
2020-02-23 03:00:00,841.2109027777777
2020-02-23 04:00:00,839.8277777777778
2020-02-23 05:00:00,798.7904861111111
2020-02-23 06:00:00,1435.0666666666666
2020-02-23 07:00:00,2150.2941666666666
2020-02-23 08:00:00,3687.5855555555554
2020-02-23 09:00:00,1391.3997222222222
2020-02-23 10:00:00,769.505
2020-02-23 11:00:00,583.4672916666667
2020-02-23 12:00:00,562.8113888888889
2020-02-23 13:00:00,676.5384722222223
2020-02-23 14:00:00,380.47055555555556
2020-02-23 15:00:00,417.5551041666667
2020-02-23 16:00:00,761.6088888888889
2020-02-23 17:00:00,832.8372222222222
2020-02-23 18:00:00,561.0925
2020-02-23 19:00:00,773.0169444444444
2020-02-23 20:00:00,828.8555555555556
2020-02-23 21:00:00,814.6817361111111
2020-02-23 22:00:00,821.2086805555556
2020-02-23 23:00:00,824.0425694444444
2020-02-24 00:00:00,813.7711805555556
2020-02-24 01:00:00,812.1750694444445
2020-02-24 02:00:00,845.66375
2020-02-24 03:00:00,840.8959722222222
2020-02-24 04:00:00,1138.8338194444445
2020-02-24 05:00:00,3182.785
2020-02-24 06:00:00,2950.443888888889
2020-02-24 07:00:00,2634.4341666666664
2020-02-24 08:00:00,4158.6033333333335
2020-02-24 09:00:00,1509.1072222222222
2020-02-24 10:00:00,3522.653888888889
2020-02-24 11:00:00,2719.501388888889
2020-02-24 12:00:00,2553.551111111111
2020-02-24 13:00:00,2816.726388888889
2020-02-24 14:00:00,1883.736388888889
2020-02-24 15:00:00,952.3469444444445
2020-02-24 16:00:00,833.8023611111112
2020-02-24 17:00:00,822.9242361111111
2020-02-24 18:00:00,580.9005555555556
2020-02-24 19:00:00,751.5965277777777
2020-02-24 20:00:00,814.7352083333334
2020-02-24 21:00:00,829.3595138888888
2020-02-24 22:00:00,820.9581944444444
2020-02-24 23:00:00,807.7206944444445
2020-02-25 00:00:00,812.7495833333334
2020-02-25 01:00:00,825.6660416666666
2020-02-25 02:00:00,823.558125
2020-02-25 03:00:00,818.5061111111111
2020-02-25 04:00:00,807.8877777777777
2020-02-25 05:00:00,1406.0440277777777
2020-02-25 06:00:00,3001.891666666667
2020-02-25 07:00:00,2827.7638888888887
2020-02-25 08:00:00,2665.391111111111
2020-02-25 09:00:00,1537.1961111111111
2020-02-25 10:00:00,2732.5725
2020-02-25 11:00:00,900.5922222222222
2020-02-25 12:00:00,580.8389583333334
2020-02-25 13:00:00,551.1415625
2020-02-25 14:00:00,374.4870833333333
2020-02-25 15:00:00,408.7465625
2020-02-25 16:00:00,764.2736111111111
2020-02-25 17:00:00,803.6372916666667
2020-02-25 18:00:00,569.1729166666667
2020-02-25 19:00:00,778.4625
2020-02-25 20:00:00,809.1147916666666
2020-02-25 21:00:00,830.91625
2020-02-25 22:00:00,812.1859722222222
2020-02-25 23:00:00,820.0426388888889
2020-02-26 00:00:00,819.0902777777778
2020-02-26 01:00:00,820.7213888888889
2020-02-26 02:00:00,817.2055555555555
2020-02-26 03:00:00,804.5202777777778
2020-02-26 04:00:00,808.3305555555555
2020-02-26 05:00:00,1362.325
2020-02-26 06:00:00,2491.0525
2020-02-26 07:00:00,2306.7894444444446
2020-02-26 08:00:00,2296.173333333333
2020-02-26 09:00:00,2099.4175
2020-02-26 10:00:00,2832.660277777778
2020-02-26 11:00:00,1783.091111111111
2020-02-26 12:00:00,2002.1433333333334
2020-02-26 13:00:00,551.1894097222222
2020-02-26 14:00:00,436.2546527777778
2020-02-26 15:00:00,377.0151388888889
2020-02-26 16:00:00,744.7466666666667
2020-02-26 17:00:00,809.6164496527778
2020-02-26 18:00:00,577.33375
2020-02-26 19:00:00,716.39125
2020-02-26 20:00:00,801.9895138888888
2020-02-26 21:00:00,822.00625
2020-02-26 22:00:00,825.5488888888889
2020-02-26 23:00:00,828.0354166666667
2020-02-27 00:00:00,824.5727777777778
2020-02-27 01:00:00,824.4719444444445
2020-02-27 02:00:00,825.5803472222223
2020-02-27 03:00:00,820.4461805555555
2020-02-27 04:00:00,1319.3809722222222
2020-02-27 05:00:00,1673.0383333333334
2020-02-27 06:00:00,2568.34
2020-02-27 07:00:00,1870.128888888889
2020-02-27 08:00:00,2554.6955555555555
2020-02-27 09:00:00,1449.7691666666667
2020-02-27 10:00:00,3355.295
2020-02-27 11:00:00,3921.5194444444446
2020-02-27 12:00:00,3990.9044444444444
2020-02-27 13:00:00,3768.7727777777777
2020-02-27 14:00:00,1496.9422222222222
2020-02-27 15:00:00,552.6665972222222
2020-02-27 16:00:00,762.7522916666667
2020-02-27 17:00:00,817.9419444444444
2020-02-27 18:00:00,571.6938541666667
2020-02-27 19:00:00,777.9200694444445
2020-02-27 20:00:00,831.3321527777778
2020-02-27 21:00:00,833.9227777777778
2020-02-27 22:00:00,824.3644444444444
2020-02-27 23:00:00,827.3752777777778
2020-02-28 00:00:00,829.7598611111111
2020-02-28 01:00:00,836.9638888888888
2020-02-28 02:00:00,835.9451388888889
2020-02-28 03:00:00,835.0184722222223
2020-02-28 04:00:00,820.8301388888889
2020-02-28 05:00:00,1296.1277777777777
2020-02-28 06:00:00,2681.956388888889
2020-02-28 07:00:00,5131.78
2020-02-28 08:00:00,2907.826111111111
2020-02-28 09:00:00,1416.1236111111111
2020-02-28 10:00:00,2276.7594444444444
2020-02-28 11:00:00,2291.8683333333333
2020-02-28 12:00:00,558.3767361111111
2020-02-28 13:00:00,561.3736805555556
2020-02-28 14:00:00,480.20875
2020-02-28 15:00:00,567.9252430555556
2020-02-28 16:00:00,814.2118055555555
2020-02-28 17:00:00,808.7165277777777
2020-02-28 18:00:00,723.4676388888889
2020-02-28 19:00:00,819.3354166666667
2020-02-28 20:00:00,563.5480902777778
2020-02-28 21:00:00,584.9377083333334
2020-02-28 22:00:00,559.54
2020-02-28 23:00:00,823.5858333333333
2020-02-29 00:00:00,832.9481944444444
2020-02-29 01:00:00,827.0110416666666
2020-02-29 02:00:00,838.2045833333333
2020-02-29 03:00:00,816.6631944444445
2020-02-29 04:00:00,819.1158333333333
2020-02-29 05:00:00,837.0
2020-02-29 06:00:00,827.3414583333333
2020-02-29 07:00:00,2142.562638888889
2020-02-29 08:00:00,1498.658888888889
2020-02-29 09:00:00,494.4575
2020-02-29 10:00:00,495.88663194444445
2020-02-29 11:00:00,501.25631944444444
2020-02-29 12:00:00,503.7471875
2020-02-29 13:00:00,507.1793055555556
2020-02-29 14:00:00,517.4174305555556
2020-02-29 15:00:00,585.325625
2020-02-29 16:00:00,604.9790277777778
2020-02-29 17:00:00,668.9765277777777
2020-02-29 18:00:00,676.0990972222222
2020-02-29 19:00:00,675.2163888888889
2020-02-29 20:00:00,664.7033333333334
2020-02-29 21:00:00,673.6761111111111
2020-02-29 22:00:00,679.4538194444444
2020-02-29 23:00:00,663.8995833333333
2020-03-01 00:00:00,664.1347222222222
2020-03-01 01:00:00,667.5679166666666
2020-03-01 02:00:00,667.6222222222223
2020-03-01 03:00:00,673.7301388888889
2020-03-01 04:00:00,700.4883333333333
2020-03-01 05:00:00,735.7631944444445
2020-03-01 06:00:00,664.0895833333333
2020-03-01 07:00:00,1737.2683333333334
2020-03-01 08:00:00,1622.8748611111112
2020-03-01 09:00:00,370.2167013888889
2020-03-01 10:00:00,350.3913888888889
2020-03-01 11:00:00,388.43645833333335
2020-03-01 12:00:00,367.910625
2020-03-01 13:00:00,411.1423611111111
2020-03-01 14:00:00,409.8154861111111
2020-03-01 15:00:00,508.47263888888887
2020-03-01 16:00:00,615.1531944444445
2020-03-01 17:00:00,833.2507638888889
2020-03-01 18:00:00,597.9652777777778
2020-03-01 19:00:00,695.8848611111111
2020-03-01 20:00:00,823.9422222222222
2020-03-01 21:00:00,813.7509027777778
2020-03-01 22:00:00,809.7466666666667
2020-03-01 23:00:00,821.4719444444445
2020-03-02 00:00:00,803.5195833333333
2020-03-02 01:00:00,781.9761111111111
2020-03-02 02:00:00,773.6952777777777
2020-03-02 03:00:00,804.1313888888889
2020-03-02 04:00:00,1488.9497222222221
2020-03-02 05:00:00,3108.4794444444447
2020-03-02 06:00:00,1628.0075
2020-03-02 07:00:00,2558.3766666666666
2020-03-02 08:00:00,4188.946111111111
2020-03-02 09:00:00,3654.3688888888887
2020-03-02 10:00:00,2818.717777777778
2020-03-02 11:00:00,4393.657222222222
2020-03-02 12:00:00,4420.077777777778
2020-03-02 13:00:00,2784.7255555555557
2020-03-02 14:00:00,1905.1930555555555
2020-03-02 15:00:00,1331.8781944444445
2020-03-02 16:00:00,945.82125
2020-03-02 17:00:00,1004.8888888888889
2020-03-02 18:00:00,733.5391666666667
2020-03-02 19:00:00,958.8529166666667
2020-03-02 20:00:00,1002.8030555555556
2020-03-02 21:00:00,1015.9447222222223
2020-03-02 22:00:00,1018.9636805555556
2020-03-02 23:00:00,1003.1419444444444
2020-03-03 00:00:00,1004.0341666666667
2020-03-03 01:00:00,1011.93625
2020-03-03 02:00:00,1008.9831944444444
2020-03-03 03:00:00,1002.2898611111111
2020-03-03 04:00:00,992.0767361111111
2020-03-03 05:00:00,1689.5480555555555
2020-03-03 06:00:00,2874.8716666666664
2020-03-03 07:00:00,4281.323888888889
2020-03-03 08:00:00,3602.1655555555553
2020-03-03 09:00:00,3149.326111111111
2020-03-03 10:00:00,3701.0466666666666
2020-03-03 11:00:00,2872.577222222222
2020-03-03 12:00:00,2683.0767708333333
2020-03-03 13:00:00,562.9768402777778
2020-03-03 14:00:00,379.9921875
2020-03-03 15:00:00,470.14965277777776
2020-03-03 16:00:00,665.0336111111111
2020-03-03 17:00:00,808.0809722222223
2020-03-03 18:00:00,591.1316666666667
2020-03-03 19:00:00,805.3622222222223
2020-03-03 20:00:00,818.58375
2020-03-03 21:00:00,813.0057638888889
2020-03-03 22:00:00,817.0226388888889
2020-03-03 23:00:00,814.9645833333333
2020-03-04 00:00:00,822.4767361111111
2020-03-04 01:00:00,819.1684027777778
2020-03-04 02:00:00,819.7966666666666
2020-03-04 03:00:00,811.5745833333333
2020-03-04 04:00:00,797.8368055555555
2020-03-04 05:00:00,1605.3641666666667
2020-03-04 06:00:00,1600.7244444444445
2020-03-04 07:00:00,1659.9808333333333
2020-03-04 08:00:00,2937.353888888889
2020-03-04 09:00:00,1379.3783333333333
2020-03-04 10:00:00,1694.1252777777777
2020-03-04 11:00:00,1098.76625
2020-03-04 12:00:00,580.2747222222222
2020-03-04 13:00:00,559.8869791666667
2020-03-04 14:00:00,446.0279861111111
2020-03-04 15:00:00,424.94993055555557
2020-03-04 16:00:00,588.4225
2020-03-04 17:00:00,813.3161805555555
2020-03-04 18:00:00,588.9706944444445
2020-03-04 19:00:00,766.5716666666667
2020-03-04 20:00:00,834.985
2020-03-04 21:00:00,820.6113888888889
2020-03-04 22:00:00,832.4597222222222
2020-03-04 23:00:00,832.6731944444444
2020-03-05 00:00:00,825.8872222222222
2020-03-05 01:00:00,830.2053472222223
2020-03-05 02:00:00,829.0842361111111
2020-03-05 03:00:00,820.6888888888889
2020-03-05 04:00:00,1535.8725
2020-03-05 05:00:00,3009.253888888889
2020-03-05 06:00:00,3491.114722222222
2020-03-05 07:00:00,4403.008333333333
2020-03-05 08:00:00,5529.685555555556
2020-03-05 09:00:00,3861.9205555555554
2020-03-05 10:00:00,4930.522222222222
2020-03-05 11:00:00,5437.067222222222
2020-03-05 12:00:00,5440.124444444445
2020-03-05 13:00:00,2349.8933333333334
2020-03-05 14:00:00,395.41024305555555
2020-03-05 15:00:00,480.1740277777778
2020-03-05 16:00:00,663.229375
2020-03-05 17:00:00,804.3045833333333
2020-03-05 18:00:00,582.9292361111111
2020-03-05 19:00:00,741.9118055555556
2020-03-05 20:00:00,829.5833333333334
2020-03-05 21:00:00,830.3731944444445
2020-03-05 22:00:00,833.5673611111112
2020-03-05 23:00:00,840.815625
2020-03-06 00:00:00,842.4708333333333
2020-03-06 01:00:00,836.2047222222222
2020-03-06 02:00:00,831.6253472222222
2020-03-06 03:00:00,822.5795833333333
2020-03-06 04:00:00,813.1305555555556
2020-03-06 05:00:00,1526.825
2020-03-06 06:00:00,2891.9180555555554
2020-03-06 07:00:00,3982.971666666667
2020-03-06 08:00:00,3191.588333333333
2020-03-06 09:00:00,2960.7941666666666
2020-03-06 10:00:00,2107.796388888889
2020-03-06 11:00:00,1865.2769444444446
2020-03-06 12:00:00,528.6009027777778
2020-03-06 13:00:00,569.4892361111112
2020-03-06 14:00:00,577.9940972222222
2020-03-06 15:00:00,630.5138888888889
2020-03-06 16:00:00,582.2445486111111
2020-03-06 17:00:00,802.1811111111111
2020-03-06 18:00:00,604.2567361111111
2020-03-06 19:00:00,787.4158333333334
2020-03-06 20:00:00,831.0419444444444
2020-03-06 21:00:00,834.9325694444444
2020-03-06 22:00:00,833.3805555555556
2020-03-06 23:00:00,837.6630555555555
2020-03-07 00:00:00,835.9621527777778
2020-03-07 01:00:00,817.1101388888889
2020-03-07 02:00:00,822.4576388888889
2020-03-07 03:00:00,826.0396527777777
2020-03-07 04:00:00,892.2743055555555
2020-03-07 05:00:00,1758.5725
2020-03-07 06:00:00,3731.6255555555554
2020-03-07 07:00:00,1683.4194444444445
2020-03-07 08:00:00,551.7989930555556
2020-03-07 09:00:00,393.7057291666667
2020-03-07 10:00:00,483.9734722222222
2020-03-07 11:00:00,566.89875
2020-03-07 12:00:00,568.961875
2020-03-07 13:00:00,571.9619444444445
2020-03-07 14:00:00,413.80135416666667
2020-03-07 15:00:00,449.33774305555556
2020-03-07 16:00:00,553.8499305555556
2020-03-07 17:00:00,830.0390972222223
2020-03-07 18:00:00,616.4779861111111
2020-03-07 19:00:00,818.6559722222222
2020-03-07 20:00:00,845.289375
2020-03-07 21:00:00,842.7134027777778
2020-03-07 22:00:00,844.0992361111112
2020-03-07 23:00:00,852.2958333333333
2020-03-08 00:00:00,828.2697916666667
2020-03-08 01:00:00,826.4166666666666
2020-03-08 02:00:00,833.5149305555556
2020-03-08 03:00:00,835.3534722222222
2020-03-08 04:00:00,831.6484027777777
2020-03-08 05:00:00,2714.268611111111
2020-03-08 06:00:00,3995.4016666666666
2020-03-08 07:00:00,2723.3972222222224
2020-03-08 08:00:00,565.0952777777778
2020-03-08 09:00:00,415.1099652777778
2020-03-08 10:00:00,507.4013194444444
2020-03-08 11:00:00,563.0837152777777
2020-03-08 12:00:00,569.7841666666667
2020-03-08 13:00:00,565.5392361111111
2020-03-08 14:00:00,424.3618055555556
2020-03-08 15:00:00,589.9995138888889
2020-03-08 16:00:00,723.4604861111111
2020-03-08 17:00:00,835.6875
2020-03-08 18:00:00,635.6553472222222
2020-03-08 19:00:00,835.9645833333333
2020-03-08 20:00:00,842.2955555555556
2020-03-08 21:00:00,834.2519444444445
2020-03-08 22:00:00,823.2077083333334
2020-03-08 23:00:00,821.7506944444444
2020-03-09 00:00:00,827.3943055555555
2020-03-09 01:00:00,827.7423611111111
2020-03-09 02:00:00,823.7868055555556
2020-03-09 03:00:00,811.1061805555555
2020-03-09 04:00:00,1618.0680555555555
2020-03-09 05:00:00,3784.1105555555555
2020-03-09 06:00:00,3700.3019791666666
2020-03-09 07:00:00,3216.220277777778
2020-03-09 08:00:00,3216.971666666667
2020-03-09 09:00:00,2796.3488888888887
2020-03-09 10:00:00,3056.246111111111
2020-03-09 11:00:00,3281.0630555555554
2020-03-09 12:00:00,3718.128888888889
2020-03-09 13:00:00,3206.2702777777777
2020-03-09 14:00:00,3143.317777777778
2020-03-09 15:00:00,1042.6579166666668
2020-03-09 16:00:00,554.0680555555556
2020-03-09 17:00:00,778.6786805555555
2020-03-09 18:00:00,553.4124652777778
2020-03-09 19:00:00,778.6008333333333
2020-03-09 20:00:00,817.9818055555555
2020-03-09 21:00:00,807.6511111111112
2020-03-09 22:00:00,819.0352777777778
2020-03-09 23:00:00,828.5045833333334
2020-03-10 00:00:00,830.983125
2020-03-10 01:00:00,808.9333333333333
2020-03-10 02:00:00,830.3268055555556
2020-03-10 03:00:00,824.7665277777778
2020-03-10 04:00:00,834.9180555555556
2020-03-10 05:00:00,1547.4158333333332
2020-03-10 06:00:00,3178.8555555555554
2020-03-10 07:00:00,4168.973333333333
2020-03-10 08:00:00,5441.087777777778
2020-03-10 09:00:00,3446.8322222222223
2020-03-10 10:00:00,3914.0755555555556
2020-03-10 11:00:00,3531.762777777778
2020-03-10 12:00:00,1611.705
2020-03-10 13:00:00,1726.30375
2020-03-10 14:00:00,502.1457638888889
2020-03-10 15:00:00,730.1126388888889
2020-03-10 16:00:00,814.1965277777778
2020-03-10 17:00:00,800.3405555555555
2020-03-10 18:00:00,602.7831944444445
2020-03-10 19:00:00,799.95875
2020-03-10 20:00:00,821.7672916666667
2020-03-10 21:00:00,803.0358333333334
2020-03-10 22:00:00,812.5879166666666
2020-03-10 23:00:00,823.7411111111111
2020-03-11 00:00:00,822.6511111111112
2020-03-11 01:00:00,817.3744444444444
2020-03-11 02:00:00,805.295
2020-03-11 03:00:00,812.69
2020-03-11 04:00:00,891.578125
2020-03-11 05:00:00,1750.2597222222223
2020-03-11 06:00:00,3833.645
2020-03-11 07:00:00,3956.6644444444446
2020-03-11 08:00:00,3390.527222222222
2020-03-11 09:00:00,2138.498611111111
2020-03-11 10:00:00,2601.176111111111
2020-03-11 11:00:00,2814.96
2020-03-11 12:00:00,636.3015277777778
2020-03-11 13:00:00,561.7888194444445
2020-03-11 14:00:00,413.93385416666666
2020-03-11 15:00:00,456.87083333333334
2020-03-11 16:00:00,573.6832638888889
2020-03-11 17:00:00,784.0831944444444
2020-03-11 18:00:00,591.8358333333333
2020-03-11 19:00:00,806.02375
2020-03-11 20:00:00,827.7108333333333
2020-03-11 21:00:00,827.6415972222222
2020-03-11 22:00:00,831.6309722222222
2020-03-11 23:00:00,832.7125694444444
2020-03-12 00:00:00,830.8094444444445
2020-03-12 01:00:00,816.46375
2020-03-12 02:00:00,803.9418055555556
2020-03-12 03:00:00,795.9216666666666
2020-03-12 04:00:00,1860.206111111111
2020-03-12 05:00:00,1604.8495833333334
2020-03-12 06:00:00,2983.7294444444447
2020-03-12 07:00:00,3837.811111111111
2020-03-12 08:00:00,3910.4669444444444
2020-03-12 09:00:00,2251.524861111111
2020-03-12 10:00:00,3540.5033333333336
2020-03-12 11:00:00,4014.0816666666665
2020-03-12 12:00:00,3894.5686111111113
2020-03-12 13:00:00,2681.8780555555554
2020-03-12 14:00:00,1152.44375
2020-03-12 15:00:00,1279.5645833333333
2020-03-12 16:00:00,1827.9106944444445
2020-03-12 17:00:00,2010.9591666666668
2020-03-12 18:00:00,1344.2766666666666
2020-03-12 19:00:00,1911.294861111111
2020-03-12 20:00:00,2028.4391666666668
2020-03-12 21:00:00,2088.221666666667
2020-03-12 22:00:00,2092.126111111111
2020-03-12 23:00:00,2093.1716666666666
2020-03-13 00:00:00,2070.2366666666667
2020-03-13 01:00:00,2023.3022222222223
2020-03-13 02:00:00,2007.6593055555556
2020-03-13 03:00:00,2039.3975
2020-03-13 04:00:00,2178.7697222222223
2020-03-13 05:00:00,2393.5725
2020-03-13 06:00:00,4053.455
2020-03-13 07:00:00,4142.276944444445
2020-03-13 08:00:00,3291.226111111111
2020-03-13 09:00:00,2245.9995833333332
2020-03-13 10:00:00,3800.3475
2020-03-13 11:00:00,1683.8847222222223
2020-03-13 12:00:00,561.9966666666667
2020-03-13 13:00:00,559.1624305555556
2020-03-13 14:00:00,365.69368055555555
2020-03-13 15:00:00,472.4240277777778
2020-03-13 16:00:00,557.0286111111111
2020-03-13 17:00:00,802.0445833333333
2020-03-13 18:00:00,652.8209027777777
2020-03-13 19:00:00,828.4372222222222
2020-03-13 20:00:00,811.9597222222222
2020-03-13 21:00:00,821.1583333333333
2020-03-13 22:00:00,835.5540972222223
2020-03-13 23:00:00,815.5025
2020-03-14 00:00:00,822.5797222222222
2020-03-14 01:00:00,829.6345833333334
2020-03-14 02:00:00,826.4939583333334
2020-03-14 03:00:00,829.1433333333333
2020-03-14 04:00:00,837.0029166666667
2020-03-14 05:00:00,833.8979166666667
2020-03-14 06:00:00,607.6580555555555
2020-03-14 07:00:00,557.4349305555555
2020-03-14 08:00:00,2366.7897222222223
2020-03-14 09:00:00,3054.101388888889
2020-03-14 10:00:00,635.1869444444444
2020-03-14 11:00:00,578.0433333333333
2020-03-14 12:00:00,571.5125347222222
2020-03-14 13:00:00,566.6567361111111
2020-03-14 14:00:00,406.84975694444444
2020-03-14 15:00:00,467.3777777777778
2020-03-14 16:00:00,565.1169097222222
2020-03-14 17:00:00,731.7220833333333
2020-03-14 18:00:00,583.0840277777778
2020-03-14 19:00:00,816.3354166666667
2020-03-14 20:00:00,833.015
2020-03-14 21:00:00,836.2920138888888
2020-03-14 22:00:00,840.1643055555555
2020-03-14 23:00:00,848.9995138888889
2020-03-15 00:00:00,847.0013888888889
2020-03-15 01:00:00,844.3080034722223
2020-03-15 02:00:00,838.3701388888888
2020-03-15 03:00:00,836.3602777777778
2020-03-15 04:00:00,922.625
2020-03-15 05:00:00,2935.3566666666666
2020-03-15 06:00:00,4039.243611111111
2020-03-15 07:00:00,3597.3844444444444
2020-03-15 08:00:00,561.7778472222222
2020-03-15 09:00:00,389.9145486111111
2020-03-15 10:00:00,549.9780555555556
2020-03-15 11:00:00,579.368125
2020-03-15 12:00:00,580.8811805555556
2020-03-15 13:00:00,569.2024305555556
2020-03-15 14:00:00,427.02979166666665
2020-03-15 15:00:00,468.9295138888889
2020-03-15 16:00:00,862.0588194444445
2020-03-15 17:00:00,848.7051388888889
2020-03-15 18:00:00,714.4472222222222
2020-03-15 19:00:00,841.1244444444444
2020-03-15 20:00:00,842.4048611111111
2020-03-15 21:00:00,847.7595833333334
2020-03-15 22:00:00,841.4420833333334
2020-03-15 23:00:00,827.9730555555556
2020-03-16 00:00:00,837.1934027777778
2020-03-16 01:00:00,831.5665277777778
2020-03-16 02:00:00,825.7961111111111
2020-03-16 03:00:00,822.6341666666667
2020-03-16 04:00:00,1659.0075
2020-03-16 05:00:00,1642.0843055555556
2020-03-16 06:00:00,1584.7819444444444
2020-03-16 07:00:00,4779.971111111111
2020-03-16 08:00:00,4311.34
2020-03-16 09:00:00,2364.915
2020-03-16 10:00:00,2226.6283333333336
2020-03-16 11:00:00,2596.2516666666666
2020-03-16 12:00:00,1204.4219444444445
2020-03-16 13:00:00,565.9913541666666
2020-03-16 14:00:00,431.1923958333333
2020-03-16 15:00:00,566.2546180555555
2020-03-16 16:00:00,561.6194444444444
2020-03-16 17:00:00,742.245
2020-03-16 18:00:00,636.37625
2020-03-16 19:00:00,824.7300694444444
2020-03-16 20:00:00,824.288125
2020-03-16 21:00:00,825.8234722222222
2020-03-16 22:00:00,830.5609027777778
2020-03-16 23:00:00,832.1293055555556
2020-03-17 00:00:00,829.4708333333333
2020-03-17 01:00:00,815.8267361111111
2020-03-17 02:00:00,799.8315277777778
2020-03-17 03:00:00,807.8667361111111
2020-03-17 04:00:00,953.9509722222223
2020-03-17 05:00:00,1943.263888888889
2020-03-17 06:00:00,4128.731111111111
2020-03-17 07:00:00,3796.0286111111113
2020-03-17 08:00:00,3717.6844444444446
2020-03-17 09:00:00,2913.717777777778
2020-03-17 10:00:00,2935.2083333333335
2020-03-17 11:00:00,2456.55
2020-03-17 12:00:00,2975.8955555555553
2020-03-17 13:00:00,587.8411111111111
2020-03-17 14:00:00,389.8540972222222
2020-03-17 15:00:00,555.7222916666667
2020-03-17 16:00:00,701.8661111111111
2020-03-17 17:00:00,820.9120833333334
2020-03-17 18:00:00,609.3766666666667
2020-03-17 19:00:00,830.3384722222222
2020-03-17 20:00:00,832.4144444444445
2020-03-17 21:00:00,821.5338888888889
2020-03-17 22:00:00,818.3279166666666
2020-03-17 23:00:00,829.5533333333333
2020-03-18 00:00:00,824.8363194444445
2020-03-18 01:00:00,818.0006944444444
2020-03-18 02:00:00,811.6595833333333
2020-03-18 03:00:00,799.4173611111111
2020-03-18 04:00:00,867.0479166666667
2020-03-18 05:00:00,1825.3430555555556
2020-03-18 06:00:00,3976.3122222222223
2020-03-18 07:00:00,3019.4166666666665
2020-03-18 08:00:00,3092.4377777777777
2020-03-18 09:00:00,1411.1352777777777
2020-03-18 10:00:00,1657.641388888889
2020-03-18 11:00:00,2116.2034722222224
2020-03-18 12:00:00,1288.4258333333332
2020-03-18 13:00:00,566.9187152777778
2020-03-18 14:00:00,427.5776736111111
2020-03-18 15:00:00,554.7923611111111
2020-03-18 16:00:00,791.5063888888889
2020-03-18 17:00:00,801.2749305555556
2020-03-18 18:00:00,665.8242361111111
2020-03-18 19:00:00,825.3386111111112
2020-03-18 20:00:00,831.8441666666666
2020-03-18 21:00:00,826.2168055555555
2020-03-18 22:00:00,837.7518055555555
2020-03-18 23:00:00,841.8829166666667
2020-03-19 00:00:00,841.8963888888889
2020-03-19 01:00:00,838.8558333333333
2020-03-19 02:00:00,841.5765277777778
2020-03-19 03:00:00,837.9529166666666
2020-03-19 04:00:00,1886.2191666666668
2020-03-19 05:00:00,1585.4266666666667
2020-03-19 06:00:00,2566.8308333333334
2020-03-19 07:00:00,1887.747361111111
2020-03-19 08:00:00,1596.4443055555555
2020-03-19 09:00:00,1423.4461111111111
2020-03-19 10:00:00,1571.1825
2020-03-19 11:00:00,1621.0804166666667
2020-03-19 12:00:00,1608.1808333333333
2020-03-19 13:00:00,1647.09375
2020-03-19 14:00:00,1417.878888888889
2020-03-19 15:00:00,1951.5083333333334
2020-03-19 16:00:00,994.3854861111112
2020-03-19 17:00:00,802.2785416666667
2020-03-19 18:00:00,596.7209722222223
2020-03-19 19:00:00,733.2979861111111
2020-03-19 20:00:00,821.6020833333333
2020-03-19 21:00:00,820.0201388888889
2020-03-19 22:00:00,820.6758333333333
2020-03-19 23:00:00,826.1832638888889
2020-03-20 00:00:00,825.9200694444445
2020-03-20 01:00:00,832.0540277777778
2020-03-20 02:00:00,828.4871527777777
2020-03-20 03:00:00,818.5622222222222
2020-03-20 04:00:00,883.4775
2020-03-20 05:00:00,1738.2730555555556
2020-03-20 06:00:00,4635.64
2020-03-20 07:00:00,4154.097777777778
2020-03-20 08:00:00,3656.7905555555553
2020-03-20 09:00:00,2610.438888888889
2020-03-20 10:00:00,3546.4944444444445
2020-03-20 11:00:00,2614.7883333333334
2020-03-20 12:00:00,1141.5521527777778
2020-03-20 13:00:00,556.3083680555555
2020-03-20 14:00:00,380.74069444444444
2020-03-20 15:00:00,544.5990625
2020-03-20 16:00:00,696.1919444444444
2020-03-20 17:00:00,823.8794444444444
2020-03-20 18:00:00,600.8230555555556
2020-03-20 19:00:00,828.4230555555556
2020-03-20 20:00:00,829.9520833333333
2020-03-20 21:00:00,813.8954861111112
2020-03-20 22:00:00,808.6786805555555
2020-03-20 23:00:00,813.9213194444444
2020-03-21 00:00:00,813.0523611111112
2020-03-21 01:00:00,820.5204166666666
2020-03-21 02:00:00,821.21625
2020-03-21 03:00:00,824.551875
2020-03-21 04:00:00,829.6347222222222
2020-03-21 05:00:00,1753.6397222222222
2020-03-21 06:00:00,4229.289722222222
2020-03-21 07:00:00,3601.738888888889
2020-03-21 08:00:00,2643.3077777777776
2020-03-21 09:00:00,1680.7288888888888
2020-03-21 10:00:00,2682.3216666666667
2020-03-21 11:00:00,2754.3083333333334
2020-03-21 12:00:00,2731.152777777778
2020-03-21 13:00:00,2715.1883333333335
2020-03-21 14:00:00,1318.75
2020-03-21 15:00:00,2597.195833333333
2020-03-21 16:00:00,2630.845
2020-03-21 17:00:00,2679.1494444444443
2020-03-21 18:00:00,1704.3215277777779
2020-03-21 19:00:00,2923.0080555555555
2020-03-21 20:00:00,2930.7483333333334
2020-03-21 21:00:00,2999.820833333333
2020-03-21 22:00:00,3017.983333333333
2020-03-21 23:00:00,3004.37
2020-03-22 00:00:00,3032.572222222222
2020-03-22 01:00:00,3016.2130555555555
2020-03-22 02:00:00,2927.052777777778
2020-03-22 03:00:00,2917.8527777777776
2020-03-22 04:00:00,2891.257222222222
2020-03-22 05:00:00,1475.24125
2020-03-22 06:00:00,3323.6894444444442
2020-03-22 07:00:00,2028.6725
2020-03-22 08:00:00,555.7792361111111
2020-03-22 09:00:00,407.28555555555556
2020-03-22 10:00:00,557.2633333333333
2020-03-22 11:00:00,570.8036111111111
2020-03-22 12:00:00,558.2965972222222
2020-03-22 13:00:00,566.3204166666667
2020-03-22 14:00:00,346.7729861111111
2020-03-22 15:00:00,549.251875
2020-03-22 16:00:00,554.6784722222222
2020-03-22 17:00:00,655.333125
2020-03-22 18:00:00,802.2354166666667
2020-03-22 19:00:00,826.9240277777777
2020-03-22 20:00:00,814.1872222222222
2020-03-22 21:00:00,811.6140972222222
2020-03-22 22:00:00,816.8941666666667
2020-03-22 23:00:00,828.5511805555556
2020-03-23 00:00:00,835.4670833333333
2020-03-23 01:00:00,821.615
2020-03-23 02:00:00,805.7710416666666
2020-03-23 03:00:00,819.1613194444444
2020-03-23 04:00:00,983.9908333333333
2020-03-23 05:00:00,2792.325
2020-03-23 06:00:00,3495.6277777777777
2020-03-23 07:00:00,4111.905277777778
2020-03-23 08:00:00,3576.0022222222224
2020-03-23 09:00:00,2355.88
2020-03-23 10:00:00,2285.447222222222
2020-03-23 11:00:00,2736.1241666666665
2020-03-23 12:00:00,1938.4929166666666
2020-03-23 13:00:00,1624.0234722222222
2020-03-23 14:00:00,1841.293888888889
2020-03-23 15:00:00,545.8508333333333
2020-03-23 16:00:00,542.5892361111111
2020-03-23 17:00:00,622.3684722222222
2020-03-23 18:00:00,688.3120138888889
2020-03-23 19:00:00,785.5461111111111
2020-03-23 20:00:00,799.8936111111111
2020-03-23 21:00:00,810.4336111111111
2020-03-23 22:00:00,794.1797222222223
2020-03-23 23:00:00,796.7844444444445
2020-03-24 00:00:00,803.4106944444444
2020-03-24 01:00:00,803.5286805555555
2020-03-24 02:00:00,808.9494444444445
2020-03-24 03:00:00,800.6811805555556
2020-03-24 04:00:00,968.7329861111111
2020-03-24 05:00:00,2549.6422222222222
2020-03-24 06:00:00,4185.0327777777775
2020-03-24 07:00:00,4010.8322222222223
2020-03-24 08:00:00,3170.021111111111
2020-03-24 09:00:00,2336.843888888889
2020-03-24 10:00:00,2525.7194444444444
2020-03-24 11:00:00,2353.1944444444443
2020-03-24 12:00:00,2271.401388888889
2020-03-24 13:00:00,544.0135763888889
2020-03-24 14:00:00,497.2367361111111
2020-03-24 15:00:00,539.5709027777777
2020-03-24 16:00:00,541.9634722222222
2020-03-24 17:00:00,617.0352083333333
2020-03-24 18:00:00,682.5439583333333
2020-03-24 19:00:00,790.6140277777778
2020-03-24 20:00:00,795.895
2020-03-24 21:00:00,805.0116666666667
2020-03-24 22:00:00,810.02875
2020-03-24 23:00:00,816.2416666666667
2020-03-25 00:00:00,816.3027777777778
2020-03-25 01:00:00,803.7010416666667
2020-03-25 02:00:00,807.5068055555555
2020-03-25 03:00:00,803.7238888888888
2020-03-25 04:00:00,964.3408333333333
2020-03-25 05:00:00,2609.8116666666665
2020-03-25 06:00:00,3060.535277777778
2020-03-25 07:00:00,3265.576666666667
2020-03-25 08:00:00,3963.802777777778
2020-03-25 09:00:00,3556.1016666666665
2020-03-25 10:00:00,2026.4925
2020-03-25 11:00:00,2715.4552777777776
2020-03-25 12:00:00,1676.0680555555555
2020-03-25 13:00:00,571.8404861111111
2020-03-25 14:00:00,512.6488194444445
2020-03-25 15:00:00,554.2057638888889
2020-03-25 16:00:00,546.2838888888889
2020-03-25 17:00:00,622.3434722222222
2020-03-25 18:00:00,699.5004166666666
2020-03-25 19:00:00,784.4306944444445
2020-03-25 20:00:00,798.6151388888889
2020-03-25 21:00:00,810.8733333333333
2020-03-25 22:00:00,819.5508333333333
2020-03-25 23:00:00,811.1115277777777
2020-03-26 00:00:00,809.4698611111111
2020-03-26 01:00:00,814.9724305555555
2020-03-26 02:00:00,817.7491666666666
2020-03-26 03:00:00,814.5215277777778
2020-03-26 04:00:00,1971.591111111111
2020-03-26 05:00:00,1664.3191666666667
2020-03-26 06:00:00,2147.6230555555558
2020-03-26 07:00:00,1492.6715277777778
2020-03-26 08:00:00,1374.7634722222222
2020-03-26 09:00:00,1341.1916666666666
2020-03-26 10:00:00,1392.2722222222221
2020-03-26 11:00:00,1488.2495833333332
2020-03-26 12:00:00,1500.51375
2020-03-26 13:00:00,1469.0241666666666
2020-03-26 14:00:00,1397.2502777777777
2020-03-26 15:00:00,1065.1387847222222
2020-03-26 16:00:00,494.6879861111111
2020-03-26 17:00:00,585.0986111111112
2020-03-26 18:00:00,561.0130208333334
2020-03-26 19:00:00,770.1956944444445
2020-03-26 20:00:00,770.1029166666667
2020-03-26 21:00:00,775.5705555555555
2020-03-26 22:00:00,779.4802777777778
2020-03-26 23:00:00,763.9070833333334
2020-03-27 00:00:00,765.13875
2020-03-27 01:00:00,768.7230555555556
2020-03-27 02:00:00,769.4994444444444
2020-03-27 03:00:00,768.4116666666666
2020-03-27 04:00:00,757.7118055555555
2020-03-27 05:00:00,1990.6116666666667
2020-03-27 06:00:00,3750.9041666666667
2020-03-27 07:00:00,3469.7308333333335
2020-03-27 08:00:00,3192.1344444444444
2020-03-27 09:00:00,2114.764583333333
2020-03-27 10:00:00,2926.110833333333
2020-03-27 11:00:00,3826.186111111111
2020-03-27 12:00:00,1544.736388888889
2020-03-27 13:00:00,565.3198611111111
2020-03-27 14:00:00,479.02166666666665
2020-03-27 15:00:00,564.0440972222223
2020-03-27 16:00:00,549.0835416666666
2020-03-27 17:00:00,630.400625
2020-03-27 18:00:00,629.3252777777777
2020-03-27 19:00:00,820.4969444444445
2020-03-27 20:00:00,821.8901388888889
2020-03-27 21:00:00,804.7474305555555
2020-03-27 22:00:00,810.8993055555555
2020-03-27 23:00:00,824.5946527777778
2020-03-28 00:00:00,821.1063888888889
2020-03-28 01:00:00,819.100625
2020-03-28 02:00:00,820.9858333333333
2020-03-28 03:00:00,820.1479166666667
2020-03-28 04:00:00,812.4213888888889
2020-03-28 05:00:00,1974.1154166666668
2020-03-28 06:00:00,1889.8066666666666
2020-03-28 07:00:00,3453.4333333333334
2020-03-28 08:00:00,971.783125
2020-03-28 09:00:00,462.73229166666664
2020-03-28 10:00:00,550.7484722222222
2020-03-28 11:00:00,562.3982291666666
2020-03-28 12:00:00,569.4332986111111
2020-03-28 13:00:00,563.1877430555555
2020-03-28 14:00:00,470.4458333333333
2020-03-28 15:00:00,547.9302777777777
2020-03-28 16:00:00,546.3114930555555
2020-03-28 17:00:00,611.1277083333333
2020-03-28 18:00:00,641.1454166666666
2020-03-28 19:00:00,836.7135416666666
2020-03-28 20:00:00,832.0452777777778
2020-03-28 21:00:00,830.0673611111112
2020-03-28 22:00:00,821.4038888888889
2020-03-28 23:00:00,823.7335416666666
2020-03-29 00:00:00,830.1883333333334
2020-03-29 01:00:00,828.8306944444445
2020-03-29 02:00:00,823.2561111111111
2020-03-29 03:00:00,817.2592361111111
2020-03-29 04:00:00,822.5701388888889
2020-03-29 05:00:00,2275.0218055555556
2020-03-29 06:00:00,2083.08125
2020-03-29 07:00:00,3346.965277777778
2020-03-29 08:00:00,467.1428472222222
2020-03-29 09:00:00,549.0295486111111
2020-03-29 10:00:00,553.5394444444445
2020-03-29 11:00:00,558.1004861111111
2020-03-29 12:00:00,553.0784722222222
2020-03-29 13:00:00,473.33736111111114
2020-03-29 14:00:00,549.8774305555555
2020-03-29 15:00:00,554.1432291666666
2020-03-29 16:00:00,547.3617708333334
2020-03-29 17:00:00,460.40211805555555
2020-03-29 18:00:00,804.3510416666667
2020-03-29 19:00:00,816.2655555555556
2020-03-29 20:00:00,817.0893055555556
2020-03-29 21:00:00,826.1446527777778
2020-03-29 22:00:00,827.3114583333333
2020-03-29 23:00:00,823.8404166666667
2020-03-30 00:00:00,826.52875
2020-03-30 01:00:00,819.0038888888889
2020-03-30 02:00:00,807.6715277777778
2020-03-30 03:00:00,1362.9158333333332
2020-03-30 04:00:00,2421.85
2020-03-30 05:00:00,3865.4977777777776
2020-03-30 06:00:00,3129.5225
2020-03-30 07:00:00,2171.544027777778
2020-03-30 08:00:00,2139.820833333333
2020-03-30 09:00:00,2124.7466666666664
2020-03-30 10:00:00,1472.5772222222222
2020-03-30 11:00:00,2018.6408333333334
2020-03-30 12:00:00,554.9496527777778
2020-03-30 13:00:00,522.618125
2020-03-30 14:00:00,548.1094097222223
2020-03-30 15:00:00,549.466875
2020-03-30 16:00:00,542.9077777777778
2020-03-30 17:00:00,452.38628472222223
2020-03-30 18:00:00,762.3066666666666
2020-03-30 19:00:00,802.3493055555556
2020-03-30 20:00:00,822.9863194444445
2020-03-30 21:00:00,819.6619444444444
2020-03-30 22:00:00,813.6628472222222
2020-03-30 23:00:00,820.5998611111111
2020-03-31 00:00:00,818.0690277777778
2020-03-31 01:00:00,816.0745833333333
2020-03-31 02:00:00,816.9434027777778
2020-03-31 03:00:00,997.5480555555556
2020-03-31 04:00:00,2735.7205555555556
2020-03-31 05:00:00,4017.5016666666666
2020-03-31 06:00:00,3250.4958333333334
2020-03-31 07:00:00,3921.1175
2020-03-31 08:00:00,2651.5222222222224
2020-03-31 09:00:00,3086.1666666666665
2020-03-31 10:00:00,2118.5447222222224
2020-03-31 11:00:00,2533.2033333333334
2020-03-31 12:00:00,1268.5327777777777
2020-03-31 13:00:00,530.7339236111111
2020-03-31 14:00:00,561.3236111111111
2020-03-31 15:00:00,561.7559027777778
2020-03-31 16:00:00,551.8409027777777
2020-03-31 17:00:00,417.6910763888889
2020-03-31 18:00:00,794.0931944444444
2020-03-31 19:00:00,803.9975
2020-03-31 20:00:00,830.6702777777778
2020-03-31 21:00:00,816.8825694444445
2020-03-31 22:00:00,816.2588194444445
2020-03-31 23:00:00,825.5974305555555
2020-04-01 00:00:00,831.7623611111111
2020-04-01 01:00:00,831.9704166666667
2020-04-01 02:00:00,827.6724305555556
2020-04-01 03:00:00,952.7458333333333
2020-04-01 04:00:00,3243.755
2020-04-01 05:00:00,4305.806666666666
2020-04-01 06:00:00,2447.4119444444445
2020-04-01 07:00:00,2340.072222222222
2020-04-01 08:00:00,2194.65875
2020-04-01 09:00:00,3228.7144444444443
2020-04-01 10:00:00,2688.5216666666665
2020-04-01 11:00:00,1068.4006944444445
2020-04-01 12:00:00,579.2799305555556
2020-04-01 13:00:00,559.5690625
2020-04-01 14:00:00,548.0285069444444
2020-04-01 15:00:00,556.5178472222223
2020-04-01 16:00:00,801.4163888888888
2020-04-01 17:00:00,573.0724305555556
2020-04-01 18:00:00,785.4072222222222
2020-04-01 19:00:00,794.8720138888889
2020-04-01 20:00:00,803.2330555555556
2020-04-01 21:00:00,821.3138888888889
2020-04-01 22:00:00,807.3972222222222
2020-04-01 23:00:00,807.8272222222222
2020-04-02 00:00:00,807.1315277777778
2020-04-02 01:00:00,810.4884722222222
2020-04-02 02:00:00,808.9436111111111
2020-04-02 03:00:00,1488.7170833333332
2020-04-02 04:00:00,1679.6456944444444
2020-04-02 05:00:00,2820.9194444444443
2020-04-02 06:00:00,2654.0344444444445
2020-04-02 07:00:00,2095.9183333333335
2020-04-02 08:00:00,2059.0333333333333
2020-04-02 09:00:00,2152.1233333333334
2020-04-02 10:00:00,2000.7925
2020-04-02 11:00:00,1938.5066666666667
2020-04-02 12:00:00,2084.2669444444446
2020-04-02 13:00:00,692.9477777777778
2020-04-02 14:00:00,556.4235069444444
2020-04-02 15:00:00,559.01125
2020-04-02 16:00:00,757.3548611111111
2020-04-02 17:00:00,773.4532638888888
2020-04-02 18:00:00,768.5918055555555
2020-04-02 19:00:00,824.0320833333334
2020-04-02 20:00:00,839.3426388888889
2020-04-02 21:00:00,838.4425
2020-04-02 22:00:00,848.13375
2020-04-02 23:00:00,844.7206944444445
2020-04-03 00:00:00,846.0484722222222
2020-04-03 01:00:00,823.1381944444445
2020-04-03 02:00:00,819.2758333333334
2020-04-03 03:00:00,919.9309722222222
2020-04-03 04:00:00,3158.652777777778
2020-04-03 05:00:00,4265.252777777778
2020-04-03 06:00:00,4270.9075
2020-04-03 07:00:00,3723.4938888888887
2020-04-03 08:00:00,2907.1844444444446
2020-04-03 09:00:00,2604.244722222222
2020-04-03 10:00:00,2609.79
2020-04-03 11:00:00,1458.7129166666666
2020-04-03 12:00:00,564.1702777777778
2020-04-03 13:00:00,544.5118055555556
2020-04-03 14:00:00,559.3881944444445
2020-04-03 15:00:00,615.9047222222222
2020-04-03 16:00:00,818.0826388888889
2020-04-03 17:00:00,793.4852083333334
2020-04-03 18:00:00,818.3459027777777
2020-04-03 19:00:00,823.5722222222222
2020-04-03 20:00:00,840.2065277777778
2020-04-03 21:00:00,852.1807638888889
2020-04-03 22:00:00,855.3079166666666
2020-04-03 23:00:00,850.9847916666666
2020-04-04 00:00:00,828.8733333333333
2020-04-04 01:00:00,834.7729166666667
2020-04-04 02:00:00,832.9716666666667
2020-04-04 03:00:00,831.4720833333333
2020-04-04 04:00:00,2722.991666666667
2020-04-04 05:00:00,3902.9455555555555
2020-04-04 06:00:00,4589.442222222222
2020-04-04 07:00:00,975.1109722222222
2020-04-04 08:00:00,551.7985763888889
2020-04-04 09:00:00,581.0954513888889
2020-04-04 10:00:00,586.7809722222222
2020-04-04 11:00:00,586.4178472222222
2020-04-04 12:00:00,579.1926736111111
2020-04-04 13:00:00,562.0445138888889
2020-04-04 14:00:00,585.3041666666667
2020-04-04 15:00:00,580.1054166666667
2020-04-04 16:00:00,571.8948263888889
2020-04-04 17:00:00,545.6311111111111
2020-04-04 18:00:00,834.6749305555555
2020-04-04 19:00:00,847.2752777777778
2020-04-04 20:00:00,861.7179166666666
2020-04-04 21:00:00,857.2327777777778
2020-04-04 22:00:00,848.0848611111111
2020-04-04 23:00:00,851.4468055555556
2020-04-05 00:00:00,844.9598611111111
2020-04-05 01:00:00,846.6604166666667
2020-04-05 02:00:00,847.0018055555555
2020-04-05 03:00:00,1077.4206944444445
2020-04-05 04:00:00,2649.948888888889
2020-04-05 05:00:00,3410.9175
2020-04-05 06:00:00,2696.146111111111
2020-04-05 07:00:00,608.2281944444444
2020-04-05 08:00:00,549.4465972222222
2020-04-05 09:00:00,550.2167708333334
2020-04-05 10:00:00,583.1516666666666
2020-04-05 11:00:00,590.8827777777777
2020-04-05 12:00:00,593.2301388888889
2020-04-05 13:00:00,561.7485416666667
2020-04-05 14:00:00,580.4972916666667
2020-04-05 15:00:00,584.0005555555556
2020-04-05 16:00:00,569.8775694444445
2020-04-05 17:00:00,544.7430555555555
2020-04-05 18:00:00,816.8197222222223
2020-04-05 19:00:00,834.5830555555556
2020-04-05 20:00:00,841.6100694444444
2020-04-05 21:00:00,851.8269444444444
2020-04-05 22:00:00,855.8963194444444
2020-04-05 23:00:00,859.6575694444444
2020-04-06 00:00:00,857.0549305555555
2020-04-06 01:00:00,854.7011111111111
2020-04-06 02:00:00,854.9272222222222
2020-04-06 03:00:00,1988.4555555555555
2020-04-06 04:00:00,2847.3283333333334
2020-04-06 05:00:00,2555.5069444444443
2020-04-06 06:00:00,2219.54125
2020-04-06 07:00:00,2695.2394444444444
2020-04-06 08:00:00,3039.6827777777776
2020-04-06 09:00:00,2367.429722222222
2020-04-06 10:00:00,2483.4636111111113
2020-04-06 11:00:00,2443.3705555555557
2020-04-06 12:00:00,2313.862222222222
2020-04-06 13:00:00,753.6269444444445
2020-04-06 14:00:00,567.7145486111111
2020-04-06 15:00:00,556.5514236111111
2020-04-06 16:00:00,550.5863888888889
2020-04-06 17:00:00,581.0473263888889
2020-04-06 18:00:00,821.3072222222222
2020-04-06 19:00:00,833.1658333333334
2020-04-06 20:00:00,849.1461805555556
2020-04-06 21:00:00,851.9478472222222
2020-04-06 22:00:00,839.9931944444445
2020-04-06 23:00:00,829.1402777777778
2020-04-07 00:00:00,829.0906944444445
2020-04-07 01:00:00,831.6498611111111
2020-04-07 02:00:00,826.0543055555555
2020-04-07 03:00:00,1015.5182638888889
2020-04-07 04:00:00,2407.0641666666666
2020-04-07 05:00:00,2737.7106944444445
2020-04-07 06:00:00,2658.1758333333332
2020-04-07 07:00:00,2754.708888888889
2020-04-07 08:00:00,3279.6808333333333
2020-04-07 09:00:00,2548.835
2020-04-07 10:00:00,2649.1830555555557
2020-04-07 11:00:00,2718.3758333333335
2020-04-07 12:00:00,675.5498611111111
2020-04-07 13:00:00,544.7367708333334
2020-04-07 14:00:00,566.1626388888889
2020-04-07 15:00:00,576.9874652777778
2020-04-07 16:00:00,570.8521527777777
2020-04-07 17:00:00,533.1019444444445
2020-04-07 18:00:00,821.9113888888888
2020-04-07 19:00:00,843.2579166666667
2020-04-07 20:00:00,855.3815972222222
2020-04-07 21:00:00,841.9920833333333
2020-04-07 22:00:00,845.1809027777778
2020-04-07 23:00:00,844.8644444444444
2020-04-08 00:00:00,844.6909722222222
2020-04-08 01:00:00,845.4170833333334
2020-04-08 02:00:00,848.2645833333333
2020-04-08 03:00:00,1032.9940277777778
2020-04-08 04:00:00,2737.030277777778
2020-04-08 05:00:00,3709.8277777777776
2020-04-08 06:00:00,3402.7325
2020-04-08 07:00:00,3437.4127777777776
2020-04-08 08:00:00,3641.237777777778
2020-04-08 09:00:00,2711.9327777777776
2020-04-08 10:00:00,1771.2366666666667
2020-04-08 11:00:00,565.8207638888889
2020-04-08 12:00:00,568.9022916666667
2020-04-08 13:00:00,543.83875
2020-04-08 14:00:00,560.4405555555555
2020-04-08 15:00:00,566.0290277777777
2020-04-08 16:00:00,563.5944444444444
2020-04-08 17:00:00,551.0327083333333
2020-04-08 18:00:00,819.24
2020-04-08 19:00:00,835.9597222222222
2020-04-08 20:00:00,828.9183333333333
2020-04-08 21:00:00,838.7788888888889
2020-04-08 22:00:00,846.8079166666666
2020-04-08 23:00:00,849.5720833333334
2020-04-09 00:00:00,851.7365277777777
2020-04-09 01:00:00,854.0109027777778
2020-04-09 02:00:00,853.3743055555556
2020-04-09 03:00:00,1916.2388888888888
2020-04-09 04:00:00,2710.412222222222
2020-04-09 05:00:00,3052.7527777777777
2020-04-09 06:00:00,2766.005
2020-04-09 07:00:00,2705.613888888889
2020-04-09 08:00:00,2615.632222222222
2020-04-09 09:00:00,2721.433611111111
2020-04-09 10:00:00,2412.036111111111
2020-04-09 11:00:00,846.6606944444444
2020-04-09 12:00:00,576.4720833333333
2020-04-09 13:00:00,544.688125
2020-04-09 14:00:00,555.1985763888889
2020-04-09 15:00:00,573.3275694444444
2020-04-09 16:00:00,568.6338888888889
2020-04-09 17:00:00,539.3418402777778
2020-04-09 18:00:00,809.1811111111111
2020-04-09 19:00:00,842.6222222222223
2020-04-09 20:00:00,835.7358333333333
2020-04-09 21:00:00,837.3045833333333
2020-04-09 22:00:00,841.7902777777778
2020-04-09 23:00:00,853.9168055555556
2020-04-10 00:00:00,853.3794444444444
2020-04-10 01:00:00,853.4115277777778
2020-04-10 02:00:00,853.8517361111111
2020-04-10 03:00:00,873.7596527777778
2020-04-10 04:00:00,2793.5916666666667
2020-04-10 05:00:00,3020.7444444444445
2020-04-10 06:00:00,2003.1779166666668
2020-04-10 07:00:00,2691.9369444444446
2020-04-10 08:00:00,2525.8233333333333
2020-04-10 09:00:00,3000.68
2020-04-10 10:00:00,691.8070138888888
2020-04-10 11:00:00,572.3340972222222
2020-04-10 12:00:00,578.8158333333333
2020-04-10 13:00:00,550.8994791666667
2020-04-10 14:00:00,552.6418055555556
2020-04-10 15:00:00,563.6227777777777
2020-04-10 16:00:00,560.8589583333334
2020-04-10 17:00:00,534.1252083333334
2020-04-10 18:00:00,802.0747916666667
2020-04-10 19:00:00,827.0638888888889
2020-04-10 20:00:00,835.1238194444444
2020-04-10 21:00:00,849.1870138888889
2020-04-10 22:00:00,845.7397222222222
2020-04-10 23:00:00,848.2366666666667
2020-04-11 00:00:00,850.5272916666667
2020-04-11 01:00:00,852.9454166666667
2020-04-11 02:00:00,852.1970138888889
2020-04-11 03:00:00,841.2945833333333
2020-04-11 04:00:00,827.1955555555555
2020-04-11 05:00:00,618.6909027777778
2020-04-11 06:00:00,558.2075
2020-04-11 07:00:00,694.0075
2020-04-11 08:00:00,1558.4554166666667
2020-04-11 09:00:00,815.3427083333333
2020-04-11 10:00:00,564.2377430555556
2020-04-11 11:00:00,571.7452777777778
2020-04-11 12:00:00,575.2207291666666
2020-04-11 13:00:00,547.1751041666666
2020-04-11 14:00:00,583.374375
2020-04-11 15:00:00,576.9312847222222
2020-04-11 16:00:00,568.2313888888889
2020-04-11 17:00:00,536.9734722222222
2020-04-11 18:00:00,787.20125
2020-04-11 19:00:00,849.8127777777778
2020-04-11 20:00:00,850.0477777777778
2020-04-11 21:00:00,848.9396527777777
2020-04-11 22:00:00,851.9147222222222
2020-04-11 23:00:00,855.3320833333333
2020-04-12 00:00:00,859.6627777777778
2020-04-12 01:00:00,853.6532638888889
2020-04-12 02:00:00,849.8338888888889
2020-04-12 03:00:00,843.8625
2020-04-12 04:00:00,831.0304861111111
2020-04-12 05:00:00,2170.3298611111113
2020-04-12 06:00:00,2826.1277777777777
2020-04-12 07:00:00,2603.52
2020-04-12 08:00:00,554.2413194444445
2020-04-12 09:00:00,573.6646527777777
2020-04-12 10:00:00,579.7793055555555
2020-04-12 11:00:00,586.326875
2020-04-12 12:00:00,587.9915972222223
2020-04-12 13:00:00,543.2947222222223
2020-04-12 14:00:00,556.7473263888888
2020-04-12 15:00:00,587.1940277777778
2020-04-12 16:00:00,679.4115972222222
2020-04-12 17:00:00,649.4570833333333
2020-04-12 18:00:00,840.9229166666667
2020-04-12 19:00:00,834.3264583333333
2020-04-12 20:00:00,831.5618055555556
2020-04-12 21:00:00,834.7761111111112
2020-04-12 22:00:00,857.1098611111111
2020-04-12 23:00:00,852.6327777777777
2020-04-13 00:00:00,856.2095486111111
2020-04-13 01:00:00,864.7870138888889
2020-04-13 02:00:00,854.4925694444445
2020-04-13 03:00:00,1059.9184722222221
2020-04-13 04:00:00,2838.6672222222223
2020-04-13 05:00:00,3610.72
2020-04-13 06:00:00,4148.501111111111
2020-04-13 07:00:00,3442.2722222222224
2020-04-13 08:00:00,3162.94
2020-04-13 09:00:00,3495.323888888889
2020-04-13 10:00:00,582.0615277777778
2020-04-13 11:00:00,579.6016666666667
2020-04-13 12:00:00,588.7953472222222
2020-04-13 13:00:00,548.7935763888889
2020-04-13 14:00:00,565.2257638888889
2020-04-13 15:00:00,581.4051388888889
2020-04-13 16:00:00,575.5479513888889
2020-04-13 17:00:00,543.1508333333334
2020-04-13 18:00:00,810.4508333333333
2020-04-13 19:00:00,839.2761111111112
2020-04-13 20:00:00,843.1472916666667
2020-04-13 21:00:00,851.8723611111111
2020-04-13 22:00:00,847.9809722222222
2020-04-13 23:00:00,847.8338888888889
2020-04-14 00:00:00,831.3332638888888
2020-04-14 01:00:00,830.11
2020-04-14 02:00:00,845.4567361111111
2020-04-14 03:00:00,2015.6758333333332
2020-04-14 04:00:00,2696.6447222222223
2020-04-14 05:00:00,2495.0911111111113
2020-04-14 06:00:00,2654.742777777778
2020-04-14 07:00:00,3006.16
2020-04-14 08:00:00,2477.918611111111
2020-04-14 09:00:00,2631.8597222222224
2020-04-14 10:00:00,2639.6455555555553
2020-04-14 11:00:00,2610.3405555555555
2020-04-14 12:00:00,626.9895833333334
2020-04-14 13:00:00,538.6625694444444
2020-04-14 14:00:00,559.3375
2020-04-14 15:00:00,574.3896875
2020-04-14 16:00:00,572.4494444444445
2020-04-14 17:00:00,540.5469444444444
2020-04-14 18:00:00,764.9379861111111
2020-04-14 19:00:00,831.0129166666667
2020-04-14 20:00:00,839.8113888888889
2020-04-14 21:00:00,849.7166666666667
2020-04-14 22:00:00,852.2243055555556
2020-04-14 23:00:00,857.9023611111111
2020-04-15 00:00:00,846.3702777777778
2020-04-15 01:00:00,844.1154166666666
2020-04-15 02:00:00,841.32875
2020-04-15 03:00:00,916.7440277777778
2020-04-15 04:00:00,2716.5172222222222
2020-04-15 05:00:00,2943.616666666667
2020-04-15 06:00:00,2610.1213888888888
2020-04-15 07:00:00,2714.4366666666665
2020-04-15 08:00:00,3855.8905555555557
2020-04-15 09:00:00,4961.922222222222
2020-04-15 10:00:00,3378.9416666666666
2020-04-15 11:00:00,2733.656388888889
2020-04-15 12:00:00,2010.2890277777778
2020-04-15 13:00:00,538.8380555555556
2020-04-15 14:00:00,551.8911111111111
2020-04-15 15:00:00,570.4208333333333
2020-04-15 16:00:00,562.9864583333333
2020-04-15 17:00:00,530.3677777777777
2020-04-15 18:00:00,774.6161111111111
2020-04-15 19:00:00,839.3794444444444
2020-04-15 20:00:00,844.9559722222223
2020-04-15 21:00:00,842.6775694444444
2020-04-15 22:00:00,841.7879861111111
2020-04-15 23:00:00,844.4934722222222
2020-04-16 00:00:00,849.1227777777777
2020-04-16 01:00:00,850.6841666666667
2020-04-16 02:00:00,848.1120833333333
2020-04-16 03:00:00,2037.9981944444444
2020-04-16 04:00:00,2628.7786111111113
2020-04-16 05:00:00,3004.7525
2020-04-16 06:00:00,2791.1219444444446
2020-04-16 07:00:00,2864.7894444444446
2020-04-16 08:00:00,2674.342777777778
2020-04-16 09:00:00,2815.224166666667
2020-04-16 10:00:00,2887.7533333333336
2020-04-16 11:00:00,2640.7419444444445
2020-04-16 12:00:00,2786.903888888889
2020-04-16 13:00:00,2417.4041666666667
2020-04-16 14:00:00,2343.5816666666665
2020-04-16 15:00:00,573.7092361111111
2020-04-16 16:00:00,565.5553472222222
2020-04-16 17:00:00,528.3872916666667
2020-04-16 18:00:00,741.9454166666667
2020-04-16 19:00:00,842.779375
2020-04-16 20:00:00,846.3060416666667
2020-04-16 21:00:00,846.8897222222222
2020-04-16 22:00:00,835.5186111111111
2020-04-16 23:00:00,839.0841666666666
2020-04-17 00:00:00,839.2847916666667
2020-04-17 01:00:00,839.1229166666667
2020-04-17 02:00:00,838.1700694444445
2020-04-17 03:00:00,817.1226388888889
2020-04-17 04:00:00,2672.088888888889
2020-04-17 05:00:00,2745.219722222222
2020-04-17 06:00:00,4172.191111111111
2020-04-17 07:00:00,4785.347777777778
2020-04-17 08:00:00,4694.236111111111
2020-04-17 09:00:00,4794.583888888889
2020-04-17 10:00:00,4799.957777777778
2020-04-17 11:00:00,2857.428888888889
2020-04-17 12:00:00,2832.516666666667
2020-04-17 13:00:00,2457.7444444444445
2020-04-17 14:00:00,1627.3305555555555
2020-04-17 15:00:00,562.8261805555555
2020-04-17 16:00:00,550.5297916666667
2020-04-17 17:00:00,437.27722222222224
2020-04-17 18:00:00,672.9566666666667
2020-04-17 19:00:00,810.5138888888889
2020-04-17 20:00:00,825.4270833333334
2020-04-17 21:00:00,826.0973611111111
2020-04-17 22:00:00,804.0609027777778
2020-04-17 23:00:00,806.7686111111111
2020-04-18 00:00:00,805.9526388888889
2020-04-18 01:00:00,807.6045833333334
2020-04-18 02:00:00,808.2193055555556
2020-04-18 03:00:00,854.1515972222222
2020-04-18 04:00:00,1638.3136111111112
2020-04-18 05:00:00,2608.612222222222
2020-04-18 06:00:00,2516.1216666666664
2020-04-18 07:00:00,548.7956597222222
2020-04-18 08:00:00,405.4061111111111
2020-04-18 09:00:00,547.8482986111111
2020-04-18 10:00:00,561.3782638888889
2020-04-18 11:00:00,561.5492708333334
2020-04-18 12:00:00,566.9269444444444
2020-04-18 13:00:00,446.8784375
2020-04-18 14:00:00,492.7134375
2020-04-18 15:00:00,566.0973611111111
2020-04-18 16:00:00,566.8893402777778
2020-04-18 17:00:00,470.4392361111111
2020-04-18 18:00:00,721.5533333333333
2020-04-18 19:00:00,836.1165451388889
2020-04-18 20:00:00,824.1116666666667
2020-04-18 21:00:00,825.8552777777778
2020-04-18 22:00:00,842.0938194444444
2020-04-18 23:00:00,824.6584027777777
2020-04-19 00:00:00,821.5830555555556
2020-04-19 01:00:00,825.1331944444445
2020-04-19 02:00:00,831.2856944444444
2020-04-19 03:00:00,1045.05125
2020-04-19 04:00:00,1703.5495833333334
2020-04-19 05:00:00,1804.2744444444445
2020-04-19 06:00:00,2102.8879166666666
2020-04-19 07:00:00,548.7981597222222
2020-04-19 08:00:00,414.2943055555556
2020-04-19 09:00:00,558.7947916666667
2020-04-19 10:00:00,554.8935416666667
2020-04-19 11:00:00,559.8982986111112
2020-04-19 12:00:00,566.4120833333334
2020-04-19 13:00:00,398.5344097222222
2020-04-19 14:00:00,429.62409722222225
2020-04-19 15:00:00,563.9313194444444
2020-04-19 16:00:00,545.3555555555556
2020-04-19 17:00:00,410.06618055555555
2020-04-19 18:00:00,672.3668055555555
2020-04-19 19:00:00,798.3236111111111
2020-04-19 20:00:00,811.379375
2020-04-19 21:00:00,809.8492361111112
2020-04-19 22:00:00,817.4275
2020-04-19 23:00:00,825.1456944444444
2020-04-20 00:00:00,827.3584722222222
2020-04-20 01:00:00,819.8183333333334
2020-04-20 02:00:00,816.3931944444445
2020-04-20 03:00:00,1465.3302777777778
2020-04-20 04:00:00,2947.0177777777776
2020-04-20 05:00:00,2642.3205555555555
2020-04-20 06:00:00,1618.4104166666666
2020-04-20 07:00:00,2548.958611111111
2020-04-20 08:00:00,4155.084722222222
2020-04-20 09:00:00,3504.2825
2020-04-20 10:00:00,3775.1911111111112
2020-04-20 11:00:00,3993.643888888889
2020-04-20 12:00:00,566.38
2020-04-20 13:00:00,386.73631944444446
2020-04-20 14:00:00,442.9945486111111
2020-04-20 15:00:00,564.7031944444444
2020-04-20 16:00:00,561.4259722222222
2020-04-20 17:00:00,412.77784722222225
2020-04-20 18:00:00,658.1184027777778
2020-04-20 19:00:00,812.7102777777778
2020-04-20 20:00:00,832.385
2020-04-20 21:00:00,834.6747222222223
2020-04-20 22:00:00,813.4898611111112
2020-04-20 23:00:00,805.9768055555555
2020-04-21 00:00:00,808.5829166666666
2020-04-21 01:00:00,811.1343055555556
2020-04-21 02:00:00,802.4948611111112
2020-04-21 03:00:00,825.0101388888888
2020-04-21 04:00:00,1450.0927777777779
2020-04-21 05:00:00,3414.246111111111
2020-04-21 06:00:00,2642.6594444444445
2020-04-21 07:00:00,2139.1641666666665
2020-04-21 08:00:00,2070.8255555555556
2020-04-21 09:00:00,2691.637222222222
2020-04-21 10:00:00,2686.673333333333
2020-04-21 11:00:00,2718.8358333333335
2020-04-21 12:00:00,863.6232638888889
2020-04-21 13:00:00,416.06458333333336
2020-04-21 14:00:00,479.62388888888887
2020-04-21 15:00:00,567.9415277777778
2020-04-21 16:00:00,560.1865972222222
2020-04-21 17:00:00,422.57055555555553
2020-04-21 18:00:00,655.8381944444444
2020-04-21 19:00:00,807.6468055555556
2020-04-21 20:00:00,819.1410416666666
2020-04-21 21:00:00,833.2679861111111
2020-04-21 22:00:00,839.8472222222222
2020-04-21 23:00:00,825.4353472222223
2020-04-22 00:00:00,823.7475694444445
2020-04-22 01:00:00,822.4686111111112
2020-04-22 02:00:00,814.4721527777778
2020-04-22 03:00:00,810.9556944444445
2020-04-22 04:00:00,1344.85
2020-04-22 05:00:00,3161.8283333333334
2020-04-22 06:00:00,2509.6897222222224
2020-04-22 07:00:00,2036.1643055555555
2020-04-22 08:00:00,2403.2855555555557
2020-04-22 09:00:00,1576.6377777777777
2020-04-22 10:00:00,1741.6177777777777
2020-04-22 11:00:00,1424.36875
2020-04-22 12:00:00,575.7800347222222
2020-04-22 13:00:00,545.7138888888888
2020-04-22 14:00:00,547.4310416666667
2020-04-22 15:00:00,577.3240972222222
2020-04-22 16:00:00,567.6562152777777
2020-04-22 17:00:00,534.9249305555555
2020-04-22 18:00:00,670.6820833333334
2020-04-22 19:00:00,811.8311111111111
2020-04-22 20:00:00,841.3952083333334
2020-04-22 21:00:00,840.5754166666667
2020-04-22 22:00:00,842.4011805555556
2020-04-22 23:00:00,827.0559027777778
2020-04-23 00:00:00,840.2502777777778
2020-04-23 01:00:00,832.9885416666667
2020-04-23 02:00:00,831.8631944444444
2020-04-23 03:00:00,1442.6584722222221
2020-04-23 04:00:00,2601.2616666666668
2020-04-23 05:00:00,2274.521527777778
2020-04-23 06:00:00,3069.3716666666664
2020-04-23 07:00:00,2453.8005555555555
2020-04-23 08:00:00,1900.2119444444445
2020-04-23 09:00:00,2565.9538888888887
2020-04-23 10:00:00,2784.817777777778
2020-04-23 11:00:00,2242.7791666666667
2020-04-23 12:00:00,2400.661111111111
2020-04-23 13:00:00,2573.6666666666665
2020-04-23 14:00:00,587.6934722222222
2020-04-23 15:00:00,570.071875
2020-04-23 16:00:00,564.2671180555556
2020-04-23 17:00:00,508.35256944444444
2020-04-23 18:00:00,728.5302083333333
2020-04-23 19:00:00,833.1352083333334
2020-04-23 20:00:00,845.4460416666667
2020-04-23 21:00:00,841.3729166666667
2020-04-23 22:00:00,839.0516666666666
2020-04-23 23:00:00,839.855
2020-04-24 00:00:00,839.3498611111111
2020-04-24 01:00:00,841.5474305555556
2020-04-24 02:00:00,837.0447222222223
2020-04-24 03:00:00,818.6920833333334
2020-04-24 04:00:00,1516.2230555555554
2020-04-24 05:00:00,2785.275833333333
2020-04-24 06:00:00,4913.110555555556
2020-04-24 07:00:00,3961.6316666666667
2020-04-24 08:00:00,3648.9044444444444
2020-04-24 09:00:00,3090.5866666666666
2020-04-24 10:00:00,2857.847777777778
2020-04-24 11:00:00,1053.1275
2020-04-24 12:00:00,585.0197222222222
2020-04-24 13:00:00,508.6932638888889
2020-04-24 14:00:00,516.9300043402778
2020-04-24 15:00:00,579.8796180555555
2020-04-24 16:00:00,577.0981944444444
2020-04-24 17:00:00,449.01229166666667
2020-04-24 18:00:00,660.8805555555556
2020-04-24 19:00:00,820.6884722222222
2020-04-24 20:00:00,831.9068055555556
2020-04-24 21:00:00,831.9714583333333
2020-04-24 22:00:00,828.5708333333333
2020-04-24 23:00:00,828.6195833333334
2020-04-25 00:00:00,829.7010416666667
2020-04-25 01:00:00,823.6477083333333
2020-04-25 02:00:00,812.9527083333334
2020-04-25 03:00:00,813.0997916666666
2020-04-25 04:00:00,1381.7756944444445
2020-04-25 05:00:00,2599.0066666666667
2020-04-25 06:00:00,4178.4625
2020-04-25 07:00:00,2880.0444444444443
2020-04-25 08:00:00,421.6927430555556
2020-04-25 09:00:00,525.5971527777778
2020-04-25 10:00:00,570.3891666666667
2020-04-25 11:00:00,574.3536458333333
2020-04-25 12:00:00,576.4496875
2020-04-25 13:00:00,456.22729166666664
2020-04-25 14:00:00,475.14986111111114
2020-04-25 15:00:00,562.7465277777778
2020-04-25 16:00:00,565.8444444444444
2020-04-25 17:00:00,442.87125
2020-04-25 18:00:00,639.4209027777778
2020-04-25 19:00:00,842.7520833333333
2020-04-25 20:00:00,840.1095138888888
2020-04-25 21:00:00,827.5882638888888
2020-04-25 22:00:00,829.3951388888889
2020-04-25 23:00:00,832.2228472222222
2020-04-26 00:00:00,835.5559722222222
2020-04-26 01:00:00,834.4891666666666
2020-04-26 02:00:00,836.2145138888889
2020-04-26 03:00:00,834.7027777777778
2020-04-26 04:00:00,1344.992638888889
2020-04-26 05:00:00,1838.3952777777777
2020-04-26 06:00:00,3147.1094444444443
2020-04-26 07:00:00,2313.624861111111
2020-04-26 08:00:00,417.8877430555556
2020-04-26 09:00:00,538.6088888888889
2020-04-26 10:00:00,561.3060069444444
2020-04-26 11:00:00,570.8449305555556
2020-04-26 12:00:00,576.2846527777778
2020-04-26 13:00:00,448.4290277777778
2020-04-26 14:00:00,472.4715625
2020-04-26 15:00:00,554.1130555555555
2020-04-26 16:00:00,575.51875
2020-04-26 17:00:00,470.2003125
2020-04-26 18:00:00,628.891875
2020-04-26 19:00:00,820.4108333333334
2020-04-26 20:00:00,817.2260416666667
2020-04-26 21:00:00,825.4606944444445
2020-04-26 22:00:00,827.0052777777778
2020-04-26 23:00:00,828.38875
2020-04-27 00:00:00,824.5393055555555
2020-04-27 01:00:00,817.5331944444445
2020-04-27 02:00:00,808.6461805555556
2020-04-27 03:00:00,1724.3190277777778
2020-04-27 04:00:00,2505.529722222222
2020-04-27 05:00:00,1701.2120833333333
2020-04-27 06:00:00,2726.9005555555555
2020-04-27 07:00:00,3195.1266666666666
2020-04-27 08:00:00,3144.8044444444445
2020-04-27 09:00:00,4937.412222222222
2020-04-27 10:00:00,5236.952222222222
2020-04-27 11:00:00,3910.5569444444445
2020-04-27 12:00:00,2837.697222222222
2020-04-27 13:00:00,1218.0959722222221
2020-04-27 14:00:00,543.0178819444444
2020-04-27 15:00:00,572.5453819444444
2020-04-27 16:00:00,569.5648611111111
2020-04-27 17:00:00,526.1211111111111
2020-04-27 18:00:00,686.5655555555555
2020-04-27 19:00:00,830.7206944444445
2020-04-27 20:00:00,842.851875
2020-04-27 21:00:00,836.7001388888889
2020-04-27 22:00:00,841.0091666666667
2020-04-27 23:00:00,830.8065277777778
2020-04-28 00:00:00,822.80875
2020-04-28 01:00:00,818.8602083333334
2020-04-28 02:00:00,816.18
2020-04-28 03:00:00,817.3220833333334
2020-04-28 04:00:00,1826.6676388888889
2020-04-28 05:00:00,2466.2044444444446
2020-04-28 06:00:00,3664.3016666666667
2020-04-28 07:00:00,4095.9758333333334
2020-04-28 08:00:00,2810.9416666666666
2020-04-28 09:00:00,3296.8688888888887
2020-04-28 10:00:00,5123.637777777778
2020-04-28 11:00:00,3392.001388888889
2020-04-28 12:00:00,2550.0844444444447
2020-04-28 13:00:00,487.5207638888889
2020-04-28 14:00:00,537.3739583333333
2020-04-28 15:00:00,631.7527083333333
2020-04-28 16:00:00,842.4963194444445
2020-04-28 17:00:00,685.7764583333334
2020-04-28 18:00:00,778.2027777777778
2020-04-28 19:00:00,849.2277777777778
2020-04-28 20:00:00,839.0820833333333
2020-04-28 21:00:00,846.6004861111111
2020-04-28 22:00:00,849.0402083333333
2020-04-28 23:00:00,845.7473611111111
2020-04-29 00:00:00,848.7108333333333
2020-04-29 01:00:00,829.2673611111111
2020-04-29 02:00:00,826.5958333333333
2020-04-29 03:00:00,920.6802777777777
2020-04-29 04:00:00,1829.5170833333334
2020-04-29 05:00:00,2797.0233333333335
2020-04-29 06:00:00,3108.4730555555557
2020-04-29 07:00:00,2767.313888888889
2020-04-29 08:00:00,1547.7570833333334
2020-04-29 09:00:00,1601.5297222222223
2020-04-29 10:00:00,1784.9161111111111
2020-04-29 11:00:00,943.5675694444444
2020-04-29 12:00:00,572.5132986111112
2020-04-29 13:00:00,445.42027777777776
2020-04-29 14:00:00,448.9560763888889
2020-04-29 15:00:00,587.5222222222222
2020-04-29 16:00:00,567.3713541666667
2020-04-29 17:00:00,449.7733333333333
2020-04-29 18:00:00,643.8948611111111
2020-04-29 19:00:00,848.5304861111111
2020-04-29 20:00:00,842.9075694444444
2020-04-29 21:00:00,861.9745833333334
2020-04-29 22:00:00,846.6616666666666
2020-04-29 23:00:00,837.861875
2020-04-30 00:00:00,842.9822222222223
2020-04-30 01:00:00,853.629375
2020-04-30 02:00:00,852.6172222222223
2020-04-30 03:00:00,1923.753888888889
2020-04-30 04:00:00,3403.9625
2020-04-30 05:00:00,3526.398611111111
2020-04-30 06:00:00,4314.602222222222
2020-04-30 07:00:00,4412.797222222222
2020-04-30 08:00:00,3435.528385416667
2020-04-30 09:00:00,4212.012222222223
2020-04-30 10:00:00,4078.6805555555557
2020-04-30 11:00:00,2283.5280555555555
2020-04-30 12:00:00,543.8815625
2020-04-30 13:00:00,446.50604166666665
2020-04-30 14:00:00,460.2159722222222
2020-04-30 15:00:00,522.8979861111111
2020-04-30 16:00:00,537.3204861111111
2020-04-30 17:00:00,562.7472569444444
2020-04-30 18:00:00,683.466875
2020-04-30 19:00:00,829.8130555555556
2020-04-30 20:00:00,818.815
2020-04-30 21:00:00,810.8411805555555
2020-04-30 22:00:00,812.0995833333334
2020-04-30 23:00:00,818.6809722222222
2020-05-01 00:00:00,818.8248611111111
2020-05-01 01:00:00,824.3480555555556
2020-05-01 02:00:00,821.0668055555556
2020-05-01 03:00:00,873.5075
2020-05-01 04:00:00,1735.76
2020-05-01 05:00:00,2965.35
2020-05-01 06:00:00,3058.9933333333333
2020-05-01 07:00:00,2403.8244444444445
2020-05-01 08:00:00,2234.0858333333335
2020-05-01 09:00:00,2413.170833333333
2020-05-01 10:00:00,588.9248611111111
2020-05-01 11:00:00,579.0553125
2020-05-01 12:00:00,579.1003472222222
2020-05-01 13:00:00,430.08493055555556
2020-05-01 14:00:00,469.0240277777778
2020-05-01 15:00:00,485.3063888888889
2020-05-01 16:00:00,569.3522222222222
2020-05-01 17:00:00,416.5252777777778
2020-05-01 18:00:00,636.5346527777778
2020-05-01 19:00:00,851.0252083333334
2020-05-01 20:00:00,865.0359027777778
2020-05-01 21:00:00,861.1963888888889
2020-05-01 22:00:00,858.4229166666667
2020-05-01 23:00:00,866.2863888888888
2020-05-02 00:00:00,869.5475694444444
2020-05-02 01:00:00,863.3626388888889
2020-05-02 02:00:00,859.6515277777778
2020-05-02 03:00:00,1033.906875
2020-05-02 04:00:00,1702.6905555555556
2020-05-02 05:00:00,3248.8883333333333
2020-05-02 06:00:00,2308.6844444444446
2020-05-02 07:00:00,568.8475694444444
2020-05-02 08:00:00,423.07756944444446
2020-05-02 09:00:00,533.8154861111111
2020-05-02 10:00:00,581.1319097222222
2020-05-02 11:00:00,579.2221527777778
2020-05-02 12:00:00,575.5925347222222
2020-05-02 13:00:00,448.34767361111113
2020-05-02 14:00:00,454.10777777777776
2020-05-02 15:00:00,570.3281944444444
2020-05-02 16:00:00,571.2015277777778
2020-05-02 17:00:00,438.9735416666667
2020-05-02 18:00:00,676.6213888888889
2020-05-02 19:00:00,857.795
2020-05-02 20:00:00,843.7117361111111
2020-05-02 21:00:00,849.4461111111111
2020-05-02 22:00:00,864.4744444444444
2020-05-02 23:00:00,860.4606944444445
2020-05-03 00:00:00,858.6525
2020-05-03 01:00:00,863.990625
2020-05-03 02:00:00,864.4880555555555
2020-05-03 03:00:00,1007.0163888888889
2020-05-03 04:00:00,1767.8518055555555
2020-05-03 05:00:00,2221.005277777778
2020-05-03 06:00:00,1573.8104166666667
2020-05-03 07:00:00,532.8006944444444
2020-05-03 08:00:00,430.0563888888889
2020-05-03 09:00:00,503.5153472222222
2020-05-03 10:00:00,557.8976388888889
2020-05-03 11:00:00,572.9980555555555
2020-05-03 12:00:00,545.1521875
2020-05-03 13:00:00,448.2103125
2020-05-03 14:00:00,462.3880208333333
2020-05-03 15:00:00,522.8027083333334
2020-05-03 16:00:00,544.10875
2020-05-03 17:00:00,452.66784722222224
2020-05-03 18:00:00,677.6588888888889
2020-05-03 19:00:00,799.2079166666666
2020-05-03 20:00:00,804.5079166666667
2020-05-03 21:00:00,806.7411111111111
2020-05-03 22:00:00,811.1483333333333
2020-05-03 23:00:00,809.0608333333333
2020-05-04 00:00:00,800.2306944444445
2020-05-04 01:00:00,794.988125
2020-05-04 02:00:00,788.3641666666666
2020-05-04 03:00:00,1910.056388888889
2020-05-04 04:00:00,1771.6527777777778
2020-05-04 05:00:00,3497.27
2020-05-04 06:00:00,4862.056111111111
2020-05-04 07:00:00,3187.275277777778
2020-05-04 08:00:00,3268.7544444444443
2020-05-04 09:00:00,4731.2733333333335
2020-05-04 10:00:00,3537.6241666666665
2020-05-04 11:00:00,2691.6255555555554
2020-05-04 12:00:00,571.1781944444444
2020-05-04 13:00:00,452.1063888888889
2020-05-04 14:00:00,503.4375694444444
2020-05-04 15:00:00,576.7055555555555
2020-05-04 16:00:00,576.2461111111111
2020-05-04 17:00:00,435.5387847222222
2020-05-04 18:00:00,594.5198611111111
2020-05-04 19:00:00,847.8155555555555
2020-05-04 20:00:00,851.9381944444444
2020-05-04 21:00:00,854.6795833333333
2020-05-04 22:00:00,846.4560416666667
2020-05-04 23:00:00,840.7672222222222
2020-05-05 00:00:00,832.9656944444445
2020-05-05 01:00:00,845.1281944444445
2020-05-05 02:00:00,843.9455555555555
2020-05-05 03:00:00,866.751875
2020-05-05 04:00:00,1468.401388888889
2020-05-05 05:00:00,4576.789444444445
2020-05-05 06:00:00,5150.48
2020-05-05 07:00:00,5227.482222222222
2020-05-05 08:00:00,2726.340277777778
2020-05-05 09:00:00,2959.6877777777777
2020-05-05 10:00:00,4322.208333333333
2020-05-05 11:00:00,3079.0222222222224
2020-05-05 12:00:00,756.7718055555556
2020-05-05 13:00:00,424.38979166666667
2020-05-05 14:00:00,524.9398611111111
2020-05-05 15:00:00,815.4915277777778
2020-05-05 16:00:00,574.0986458333333
2020-05-05 17:00:00,459.6769097222222
2020-05-05 18:00:00,604.2336111111111
2020-05-05 19:00:00,849.2213194444445
2020-05-05 20:00:00,850.1876388888888
2020-05-05 21:00:00,830.2566666666667
2020-05-05 22:00:00,828.5796527777778
2020-05-05 23:00:00,827.1645833333333
2020-05-06 00:00:00,825.8781944444445
2020-05-06 01:00:00,825.961875
2020-05-06 02:00:00,823.9995833333334
2020-05-06 03:00:00,1034.2034722222222
2020-05-06 04:00:00,1522.145
2020-05-06 05:00:00,3241.551111111111
2020-05-06 06:00:00,2433.8169444444443
2020-05-06 07:00:00,2490.6872222222223
2020-05-06 08:00:00,1688.1741666666667
2020-05-06 09:00:00,1504.9913888888889
2020-05-06 10:00:00,1862.5472222222222
2020-05-06 11:00:00,581.1402083333334
2020-05-06 12:00:00,581.7818055555556
2020-05-06 13:00:00,478.25885416666665
2020-05-06 14:00:00,520.4960069444444
2020-05-06 15:00:00,582.9429861111112
2020-05-06 16:00:00,579.3644444444444
2020-05-06 17:00:00,497.86614583333335
2020-05-06 18:00:00,601.9653472222222
2020-05-06 19:00:00,834.0369444444444
2020-05-06 20:00:00,844.6120138888889
2020-05-06 21:00:00,845.3334722222222
2020-05-06 22:00:00,830.2797222222222
2020-05-06 23:00:00,834.8592361111112
2020-05-07 00:00:00,838.0247222222222
2020-05-07 01:00:00,836.9900694444444
2020-05-07 02:00:00,832.4497222222222
2020-05-07 03:00:00,1988.0705555555555
2020-05-07 04:00:00,1478.0791666666667
2020-05-07 05:00:00,2803.1247222222223
2020-05-07 06:00:00,3888.9544444444446
2020-05-07 07:00:00,3999.488611111111
2020-05-07 08:00:00,2664.7383333333332
2020-05-07 09:00:00,3557.9183333333335
2020-05-07 10:00:00,4176.499722222222
2020-05-07 11:00:00,4184.998888888889
2020-05-07 12:00:00,4200.277222222222
2020-05-07 13:00:00,1788.3747222222223
2020-05-07 14:00:00,520.6694444444445
2020-05-07 15:00:00,573.7197222222222
2020-05-07 16:00:00,567.0084027777777
2020-05-07 17:00:00,507.29048611111114
2020-05-07 18:00:00,573.6310069444445
2020-05-07 19:00:00,838.9720138888889
2020-05-07 20:00:00,845.5755555555555
2020-05-07 21:00:00,842.1883333333334
2020-05-07 22:00:00,834.3536111111111
2020-05-07 23:00:00,837.4222916666666
2020-05-08 00:00:00,839.6542361111111
2020-05-08 01:00:00,834.8418055555555
2020-05-08 02:00:00,828.2330555555556
2020-05-08 03:00:00,891.5838888888889
2020-05-08 04:00:00,1547.200138888889
2020-05-08 05:00:00,3525.5255555555555
2020-05-08 06:00:00,4046.8483333333334
2020-05-08 07:00:00,3064.898611111111
2020-05-08 08:00:00,2428.545
2020-05-08 09:00:00,3104.536111111111
2020-05-08 10:00:00,1710.7402777777777
2020-05-08 11:00:00,590.4113888888888
2020-05-08 12:00:00,591.6835416666667
2020-05-08 13:00:00,545.2770138888889
2020-05-08 14:00:00,559.9075
2020-05-08 15:00:00,576.0616319444445
2020-05-08 16:00:00,566.9709722222223
2020-05-08 17:00:00,530.5222222222222
2020-05-08 18:00:00,769.4133333333333
2020-05-08 19:00:00,848.6654166666667
2020-05-08 20:00:00,847.3660416666667
2020-05-08 21:00:00,846.6955555555555
2020-05-08 22:00:00,833.2361111111111
2020-05-08 23:00:00,830.6756944444444
2020-05-09 00:00:00,832.2606944444444
2020-05-09 01:00:00,832.4603472222223
2020-05-09 02:00:00,840.65875
2020-05-09 03:00:00,834.0867361111111
2020-05-09 04:00:00,1544.5352777777778
2020-05-09 05:00:00,3958.873888888889
2020-05-09 06:00:00,4659.2155555555555
2020-05-09 07:00:00,1065.7201388888889
2020-05-09 08:00:00,500.2752777777778
2020-05-09 09:00:00,570.3264583333333
2020-05-09 10:00:00,588.77375
2020-05-09 11:00:00,591.3791666666667
2020-05-09 12:00:00,591.3254166666667
2020-05-09 13:00:00,544.0321875
2020-05-09 14:00:00,554.5615972222222
2020-05-09 15:00:00,589.7227777777778
2020-05-09 16:00:00,582.2228125
2020-05-09 17:00:00,541.5384722222223
2020-05-09 18:00:00,605.7025
2020-05-09 19:00:00,839.4220138888888
2020-05-09 20:00:00,855.6702777777778
2020-05-09 21:00:00,865.8376388888889
2020-05-09 22:00:00,876.9672222222222
2020-05-09 23:00:00,868.3205555555555
2020-05-10 00:00:00,858.5279166666667
2020-05-10 01:00:00,857.3313194444445
2020-05-10 02:00:00,851.9345833333333
2020-05-10 03:00:00,840.3565277777777
2020-05-10 04:00:00,674.0896527777778
2020-05-10 05:00:00,887.5985416666666
2020-05-10 06:00:00,2040.8119444444444
2020-05-10 07:00:00,2463.115
2020-05-10 08:00:00,1489.3205555555555
2020-05-10 09:00:00,587.0791666666667
2020-05-10 10:00:00,587.3915277777778
2020-05-10 11:00:00,584.0881944444444
2020-05-10 12:00:00,585.9315972222222
2020-05-10 13:00:00,547.7068055555555
2020-05-10 14:00:00,556.1138194444444
2020-05-10 15:00:00,756.3169444444444
2020-05-10 16:00:00,855.4238194444445
2020-05-10 17:00:00,759.8894444444444
2020-05-10 18:00:00,852.9520833333333
2020-05-10 19:00:00,848.7901388888889
2020-05-10 20:00:00,852.4956944444444
2020-05-10 21:00:00,867.6069444444445
2020-05-10 22:00:00,860.9307638888889
2020-05-10 23:00:00,855.4455555555555
2020-05-11 00:00:00,837.6019444444445
2020-05-11 01:00:00,831.5491666666667
2020-05-11 02:00:00,842.8442361111111
2020-05-11 03:00:00,1832.6308333333334
2020-05-11 04:00:00,1648.705138888889
2020-05-11 05:00:00,1977.5191666666667
2020-05-11 06:00:00,3918.6675
2020-05-11 07:00:00,4090.967777777778
2020-05-11 08:00:00,2944.553888888889
2020-05-11 09:00:00,2389.503888888889
2020-05-11 10:00:00,3696.007222222222
2020-05-11 11:00:00,680.9402777777777
2020-05-11 12:00:00,572.8204861111111
2020-05-11 13:00:00,389.43340277777776
2020-05-11 14:00:00,542.2968055555556
2020-05-11 15:00:00,578.626875
2020-05-11 16:00:00,574.4905555555556
2020-05-11 17:00:00,387.0575
2020-05-11 18:00:00,532.2988541666666
2020-05-11 19:00:00,839.2531944444445
2020-05-11 20:00:00,839.4679166666666
2020-05-11 21:00:00,823.05375
2020-05-11 22:00:00,835.2002256944445
2020-05-11 23:00:00,835.3123611111112
2020-05-12 00:00:00,831.3952777777778
2020-05-12 01:00:00,825.6852083333333
2020-05-12 02:00:00,828.7241666666666
2020-05-12 03:00:00,970.1026388888889
2020-05-12 04:00:00,1413.9920833333333
2020-05-12 05:00:00,3751.6580555555556
2020-05-12 06:00:00,3933.338888888889
2020-05-12 07:00:00,3989.961388888889
2020-05-12 08:00:00,2083.1388888888887
2020-05-12 09:00:00,2379.1033333333335
2020-05-12 10:00:00,2612.833611111111
2020-05-12 11:00:00,2095.6647222222223
2020-05-12 12:00:00,395.6945138888889
2020-05-12 13:00:00,377.39708333333334
2020-05-12 14:00:00,388.2790277777778
2020-05-12 15:00:00,583.0561111111111
2020-05-12 16:00:00,625.1063888888889
2020-05-12 17:00:00,537.7797916666667
2020-05-12 18:00:00,788.7827083333333
2020-05-12 19:00:00,831.4134027777778
2020-05-12 20:00:00,827.06125
2020-05-12 21:00:00,824.9433333333334
2020-05-12 22:00:00,837.78875
2020-05-12 23:00:00,832.2568055555555
2020-05-13 00:00:00,825.5984722222222
2020-05-13 01:00:00,826.1008333333333
2020-05-13 02:00:00,816.9340277777778
2020-05-13 03:00:00,1069.8534027777778
2020-05-13 04:00:00,1913.2511111111112
2020-05-13 05:00:00,2390.1433333333334
2020-05-13 06:00:00,2469.6466666666665
2020-05-13 07:00:00,2499.8633333333332
2020-05-13 08:00:00,2170.032638888889
2020-05-13 09:00:00,2844.493611111111
2020-05-13 10:00:00,1264.1476388888889
2020-05-13 11:00:00,571.3927083333333
2020-05-13 12:00:00,552.1229861111111
2020-05-13 13:00:00,390.6345138888889
2020-05-13 14:00:00,521.9060416666666
2020-05-13 15:00:00,560.3836111111111
2020-05-13 16:00:00,562.7503472222222
2020-05-13 17:00:00,394.45788194444447
2020-05-13 18:00:00,584.1100694444444
2020-05-13 19:00:00,833.0576388888888
2020-05-13 20:00:00,849.5730555555556
2020-05-13 21:00:00,846.4581944444444
2020-05-13 22:00:00,834.6891666666667
2020-05-13 23:00:00,830.4688194444444
2020-05-14 00:00:00,836.2100694444445
2020-05-14 01:00:00,836.7473611111111
2020-05-14 02:00:00,831.1811111111111
2020-05-14 03:00:00,2001.8209722222223
2020-05-14 04:00:00,1426.4375
2020-05-14 05:00:00,3371.9780555555553
2020-05-14 06:00:00,3957.8411111111113
2020-05-14 07:00:00,3978.6519444444443
2020-05-14 08:00:00,2531.2030555555557
2020-05-14 09:00:00,4050.5305555555556
2020-05-14 10:00:00,4051.8355555555554
2020-05-14 11:00:00,4102.706111111111
2020-05-14 12:00:00,4148.828888888889
2020-05-14 13:00:00,626.3059722222222
2020-05-14 14:00:00,538.3085416666667
2020-05-14 15:00:00,561.1196875
2020-05-14 16:00:00,559.0630555555556
2020-05-14 17:00:00,416.3149305555556
2020-05-14 18:00:00,566.8921527777778
2020-05-14 19:00:00,834.4761111111111
2020-05-14 20:00:00,832.7144444444444
2020-05-14 21:00:00,836.076875
2020-05-14 22:00:00,818.7617361111111
2020-05-14 23:00:00,822.0630555555556
2020-05-15 00:00:00,819.3176388888888
2020-05-15 01:00:00,814.3757638888889
2020-05-15 02:00:00,820.2824305555556
2020-05-15 03:00:00,982.4838194444444
2020-05-15 04:00:00,1397.6041666666667
2020-05-15 05:00:00,4389.5552777777775
2020-05-15 06:00:00,5125.737222222222
2020-05-15 07:00:00,4738.587777777778
2020-05-15 08:00:00,2469.6633333333334
2020-05-15 09:00:00,3638.1294444444443
2020-05-15 10:00:00,2174.275972222222
2020-05-15 11:00:00,1859.6769444444444
2020-05-15 12:00:00,1488.4384722222221
2020-05-15 13:00:00,1595.9333333333334
2020-05-15 14:00:00,1375.4573611111111
2020-05-15 15:00:00,566.6758333333333
2020-05-15 16:00:00,568.0967361111111
2020-05-15 17:00:00,412.5259375
2020-05-15 18:00:00,526.0381944444445
2020-05-15 19:00:00,807.1119444444445
2020-05-15 20:00:00,827.5549305555555
2020-05-15 21:00:00,833.9404166666667
2020-05-15 22:00:00,844.0116666666667
2020-05-15 23:00:00,840.9986111111111
2020-05-16 00:00:00,826.5397222222222
2020-05-16 01:00:00,826.8527777777778
2020-05-16 02:00:00,823.0495833333333
2020-05-16 03:00:00,1019.3515277777777
2020-05-16 04:00:00,1767.4379166666668
2020-05-16 05:00:00,3213.9372222222223
2020-05-16 06:00:00,2425.858333333333
2020-05-16 07:00:00,562.2579861111111
2020-05-16 08:00:00,451.87645833333335
2020-05-16 09:00:00,578.6360416666666
2020-05-16 10:00:00,576.1763194444444
2020-05-16 11:00:00,574.4620138888889
2020-05-16 12:00:00,572.4739583333334
2020-05-16 13:00:00,472.58190972222224
2020-05-16 14:00:00,545.4629861111111
2020-05-16 15:00:00,580.8776041666666
2020-05-16 16:00:00,581.9321527777778
2020-05-16 17:00:00,465.16753472222223
2020-05-16 18:00:00,666.0574305555556
2020-05-16 19:00:00,831.28875
2020-05-16 20:00:00,826.0570833333334
2020-05-16 21:00:00,829.0822222222222
2020-05-16 22:00:00,829.1102777777778
2020-05-16 23:00:00,829.0742361111111
2020-05-17 00:00:00,832.56125
2020-05-17 01:00:00,838.0403472222222
2020-05-17 02:00:00,840.2926388888889
2020-05-17 03:00:00,1042.040763888889
2020-05-17 04:00:00,1490.2211111111112
2020-05-17 05:00:00,3454.3955555555553
2020-05-17 06:00:00,2675.3702777777776
2020-05-17 07:00:00,809.4422222222222
2020-05-17 08:00:00,449.0129166666667
2020-05-17 09:00:00,576.8698611111112
2020-05-17 10:00:00,586.76875
2020-05-17 11:00:00,582.8109027777778
2020-05-17 12:00:00,585.6606944444444
2020-05-17 13:00:00,501.69631944444444
2020-05-17 14:00:00,553.7415277777778
2020-05-17 15:00:00,584.1309722222222
2020-05-17 16:00:00,584.2465277777778
2020-05-17 17:00:00,551.2466493055556
2020-05-17 18:00:00,571.1672916666666
2020-05-17 19:00:00,832.4822222222223
2020-05-17 20:00:00,842.7059722222223
2020-05-17 21:00:00,843.8193055555555
2020-05-17 22:00:00,845.4096527777778
2020-05-17 23:00:00,830.8496527777778
2020-05-18 00:00:00,826.5161111111111
2020-05-18 01:00:00,822.0388888888889
2020-05-18 02:00:00,824.3290972222222
2020-05-18 03:00:00,1506.8320833333332
2020-05-18 04:00:00,1946.1959722222223
2020-05-18 05:00:00,5008.42
2020-05-18 06:00:00,4028.7855555555557
2020-05-18 07:00:00,4504.455555555555
2020-05-18 08:00:00,4258.602222222222
2020-05-18 09:00:00,5301.888333333333
2020-05-18 10:00:00,4278.756944444444
2020-05-18 11:00:00,2130.025972222222
2020-05-18 12:00:00,572.2175347222222
2020-05-18 13:00:00,516.2921527777778
2020-05-18 14:00:00,585.99
2020-05-18 15:00:00,583.2188888888888
2020-05-18 16:00:00,578.5769444444444
2020-05-18 17:00:00,505.71958333333333
2020-05-18 18:00:00,627.0008333333334
2020-05-18 19:00:00,849.7409027777778
2020-05-18 20:00:00,830.8801388888888
2020-05-18 21:00:00,832.3677777777777
2020-05-18 22:00:00,838.6616666666666
2020-05-18 23:00:00,822.2709722222222
2020-05-19 00:00:00,819.4280555555556
2020-05-19 01:00:00,819.095
2020-05-19 02:00:00,820.9179166666667
2020-05-19 03:00:00,1040.8265277777778
2020-05-19 04:00:00,2259.5516666666667
2020-05-19 05:00:00,2913.126111111111
2020-05-19 06:00:00,3207.9844444444443
2020-05-19 07:00:00,3300.023611111111
2020-05-19 08:00:00,2544.8105555555558
2020-05-19 09:00:00,3796.697222222222
2020-05-19 10:00:00,4079.8816666666667
2020-05-19 11:00:00,2762.8533333333335
2020-05-19 12:00:00,3358.0233333333335
2020-05-19 13:00:00,1939.058888888889
2020-05-19 14:00:00,1967.246388888889
2020-05-19 15:00:00,642.1353472222222
2020-05-19 16:00:00,801.1388888888889
2020-05-19 17:00:00,722.6426388888889
2020-05-19 18:00:00,791.9613888888889
2020-05-19 19:00:00,782.5766666666667
2020-05-19 20:00:00,798.5925
2020-05-19 21:00:00,790.5164583333334
2020-05-19 22:00:00,801.5334722222223
2020-05-19 23:00:00,788.9058333333334
2020-05-20 00:00:00,780.1185416666667
2020-05-20 01:00:00,772.8145138888889
2020-05-20 02:00:00,764.5388888888889
2020-05-20 03:00:00,1513.2472222222223
2020-05-20 04:00:00,1583.3744444444444
2020-05-20 05:00:00,1692.0052777777778
2020-05-20 06:00:00,3025.9622222222224
2020-05-20 07:00:00,3009.45
2020-05-20 08:00:00,3019.0461111111113
2020-05-20 09:00:00,3316.141666666667
2020-05-20 10:00:00,3237.467777777778
2020-05-20 11:00:00,3447.472222222222
2020-05-20 12:00:00,3538.295
2020-05-20 13:00:00,1587.4730555555554
2020-05-20 14:00:00,596.3902777777778
2020-05-20 15:00:00,568.1611805555556
2020-05-20 16:00:00,562.4969444444445
2020-05-20 17:00:00,501.73631944444446
2020-05-20 18:00:00,561.5840277777778
2020-05-20 19:00:00,789.8979166666667
2020-05-20 20:00:00,839.1130555555555
2020-05-20 21:00:00,833.345
2020-05-20 22:00:00,839.4293055555555
2020-05-20 23:00:00,827.2711111111112
2020-05-21 00:00:00,829.9097916666667
2020-05-21 01:00:00,826.2743055555555
2020-05-21 02:00:00,823.2493055555556
2020-05-21 03:00:00,833.9593055555556
2020-05-21 04:00:00,1773.2201388888889
2020-05-21 05:00:00,4072.6072222222224
2020-05-21 06:00:00,2239.278333333333
2020-05-21 07:00:00,1013.6829861111111
2020-05-21 08:00:00,470.6172222222222
2020-05-21 09:00:00,574.8196180555556
2020-05-21 10:00:00,585.4668055555555
2020-05-21 11:00:00,587.0590972222222
2020-05-21 12:00:00,583.8333333333334
2020-05-21 13:00:00,522.2725347222222
2020-05-21 14:00:00,585.2048611111111
2020-05-21 15:00:00,583.6686111111111
2020-05-21 16:00:00,577.5104861111112
2020-05-21 17:00:00,487.4355902777778
2020-05-21 18:00:00,637.080625
2020-05-21 19:00:00,830.715
2020-05-21 20:00:00,841.4597916666667
2020-05-21 21:00:00,858.8755555555556
2020-05-21 22:00:00,866.0419444444444
2020-05-21 23:00:00,861.8004861111111
2020-05-22 00:00:00,858.5440972222223
2020-05-22 01:00:00,854.9008333333334
2020-05-22 02:00:00,859.9313194444444
2020-05-22 03:00:00,841.4861111111111
2020-05-22 04:00:00,2096.6076388888887
2020-05-22 05:00:00,5240.495
2020-05-22 06:00:00,4204.423055555556
2020-05-22 07:00:00,2762.0036111111112
2020-05-22 08:00:00,2342.516111111111
2020-05-22 09:00:00,1530.1581944444445
2020-05-22 10:00:00,565.3622222222223
2020-05-22 11:00:00,571.754375
2020-05-22 12:00:00,572.3627430555556
2020-05-22 13:00:00,512.3671875
2020-05-22 14:00:00,664.9765277777777
2020-05-22 15:00:00,622.9941666666666
2020-05-22 16:00:00,580.0167361111111
2020-05-22 17:00:00,495.4481944444444
2020-05-22 18:00:00,620.9469444444444
2020-05-22 19:00:00,844.1111805555555
2020-05-22 20:00:00,843.0922222222222
2020-05-22 21:00:00,849.4022222222222
2020-05-22 22:00:00,846.7516666666667
2020-05-22 23:00:00,848.7136111111112
2020-05-23 00:00:00,849.90375
2020-05-23 01:00:00,845.3725
2020-05-23 02:00:00,843.3475
2020-05-23 03:00:00,831.3345833333333
2020-05-23 04:00:00,654.8490277777778
2020-05-23 05:00:00,3520.395
2020-05-23 06:00:00,4181.372222222222
2020-05-23 07:00:00,791.6720833333334
2020-05-23 08:00:00,448.26354166666664
2020-05-23 09:00:00,569.17
2020-05-23 10:00:00,571.0445486111112
2020-05-23 11:00:00,572.1427430555556
2020-05-23 12:00:00,580.5111458333333
2020-05-23 13:00:00,503.2839583333333
2020-05-23 14:00:00,588.0481944444444
2020-05-23 15:00:00,584.5440972222223
2020-05-23 16:00:00,581.3773611111111
2020-05-23 17:00:00,492.0042361111111
2020-05-23 18:00:00,575.2525694444445
2020-05-23 19:00:00,846.3323611111111
2020-05-23 20:00:00,847.7543055555556
2020-05-23 21:00:00,854.4051388888889
2020-05-23 22:00:00,862.1205555555556
2020-05-23 23:00:00,849.1194444444444
2020-05-24 00:00:00,842.8226388888888
2020-05-24 01:00:00,847.4951388888888
2020-05-24 02:00:00,842.4291666666667
2020-05-24 03:00:00,842.5302777777778
2020-05-24 04:00:00,741.4848611111111
2020-05-24 05:00:00,1523.8079166666666
2020-05-24 06:00:00,1978.9319444444445
2020-05-24 07:00:00,5014.136666666666
2020-05-24 08:00:00,2690.237222222222
2020-05-24 09:00:00,1736.3340277777777
2020-05-24 10:00:00,703.1200694444444
2020-05-24 11:00:00,816.7756944444444
2020-05-24 12:00:00,556.3195138888889
2020-05-24 13:00:00,470.6179861111111
2020-05-24 14:00:00,607.1798611111111
2020-05-24 15:00:00,554.9223263888889
2020-05-24 16:00:00,599.4143055555555
2020-05-24 17:00:00,585.3652083333334
2020-05-24 18:00:00,625.0860416666667
2020-05-24 19:00:00,801.8952777777778
2020-05-24 20:00:00,828.969375
2020-05-24 21:00:00,831.0500694444445
2020-05-24 22:00:00,831.9304166666667
2020-05-24 23:00:00,835.1288888888889
2020-05-25 00:00:00,824.7189583333334
2020-05-25 01:00:00,819.80125
2020-05-25 02:00:00,821.9692361111111
2020-05-25 03:00:00,1309.5730555555556
2020-05-25 04:00:00,1641.8081944444446
2020-05-25 05:00:00,2429.9266666666667
2020-05-25 06:00:00,3725.055
2020-05-25 07:00:00,3229.313888888889
2020-05-25 08:00:00,3681.4377777777777
2020-05-25 09:00:00,5217.522222222222
2020-05-25 10:00:00,3708.7327777777778
2020-05-25 11:00:00,2782.5116666666668
2020-05-25 12:00:00,2736.657777777778
2020-05-25 13:00:00,2397.4669444444444
2020-05-25 14:00:00,2161.88
2020-05-25 15:00:00,540.77125
2020-05-25 16:00:00,547.3635416666667
2020-05-25 17:00:00,486.0963194444444
2020-05-25 18:00:00,531.6105555555556
2020-05-25 19:00:00,751.2190277777778
2020-05-25 20:00:00,802.4444444444445
2020-05-25 21:00:00,814.1108333333333
2020-05-25 22:00:00,810.2369444444445
2020-05-25 23:00:00,813.6843055555555
2020-05-26 00:00:00,807.0521527777778
2020-05-26 01:00:00,791.8161111111111
2020-05-26 02:00:00,795.7018055555556
2020-05-26 03:00:00,813.2493055555556
2020-05-26 04:00:00,2456.5777777777776
2020-05-26 05:00:00,3371.005833333333
2020-05-26 06:00:00,3821.1311111111113
2020-05-26 07:00:00,3286.496111111111
2020-05-26 08:00:00,2208.1827777777776
2020-05-26 09:00:00,2300.6627777777776
2020-05-26 10:00:00,2313.9422222222224
2020-05-26 11:00:00,2333.3716666666664
2020-05-26 12:00:00,2640.748888888889
2020-05-26 13:00:00,2793.5305555555556
2020-05-26 14:00:00,2067.2455555555557
2020-05-26 15:00:00,549.5456597222222
2020-05-26 16:00:00,536.8869097222222
2020-05-26 17:00:00,455.13336805555554
2020-05-26 18:00:00,538.4001388888889
2020-05-26 19:00:00,751.7448611111112
2020-05-26 20:00:00,803.5156944444444
2020-05-26 21:00:00,814.2795138888889
2020-05-26 22:00:00,801.4607638888889
2020-05-26 23:00:00,808.4868055555555
2020-05-27 00:00:00,812.5365277777778
2020-05-27 01:00:00,794.9266666666666
2020-05-27 02:00:00,792.2627083333333
2020-05-27 03:00:00,1094.201875
2020-05-27 04:00:00,2628.9333333333334
2020-05-27 05:00:00,2858.3922222222222
2020-05-27 06:00:00,3018.9866666666667
2020-05-27 07:00:00,3168.811111111111
2020-05-27 08:00:00,2893.738611111111
2020-05-27 09:00:00,2924.186111111111
2020-05-27 10:00:00,1956.7677777777778
2020-05-27 11:00:00,1160.4051388888888
2020-05-27 12:00:00,1126.9298611111112
2020-05-27 13:00:00,1088.5658333333333
2020-05-27 14:00:00,1396.9319444444445
2020-05-27 15:00:00,1220.317638888889
2020-05-27 16:00:00,1202.2658333333334
2020-05-27 17:00:00,1137.1241666666667
2020-05-27 18:00:00,1325.943611111111
2020-05-27 19:00:00,1462.6459722222223
2020-05-27 20:00:00,1463.3848611111111
2020-05-27 21:00:00,1473.0827777777777
2020-05-27 22:00:00,1465.0690277777778
2020-05-27 23:00:00,1465.1806944444445
2020-05-28 00:00:00,1468.4166666666667
2020-05-28 01:00:00,1468.2308333333333
2020-05-28 02:00:00,1464.8313888888888
2020-05-28 03:00:00,2582.162222222222
2020-05-28 04:00:00,1990.2455555555555
2020-05-28 05:00:00,1755.9352777777779
2020-05-28 06:00:00,2205.886388888889
2020-05-28 07:00:00,2282.5340277777777
2020-05-28 08:00:00,2202.6408333333334
2020-05-28 09:00:00,2244.2131944444445
2020-05-28 10:00:00,2208.09
2020-05-28 11:00:00,2176.501388888889
2020-05-28 12:00:00,2282.7981944444446
2020-05-28 13:00:00,2455.032222222222
2020-05-28 14:00:00,1347.6265277777777
2020-05-28 15:00:00,558.5177083333333
2020-05-28 16:00:00,551.9758680555556
2020-05-28 17:00:00,483.97819444444445
2020-05-28 18:00:00,538.9192013888888
2020-05-28 19:00:00,704.1244444444444
2020-05-28 20:00:00,815.4791666666666
2020-05-28 21:00:00,819.5175
2020-05-28 22:00:00,830.3719444444445
2020-05-28 23:00:00,825.2369444444445
2020-05-29 00:00:00,805.9223611111111
2020-05-29 01:00:00,804.8319444444444
2020-05-29 02:00:00,802.3157638888889
2020-05-29 03:00:00,783.8655555555556
2020-05-29 04:00:00,2593.9744444444445
2020-05-29 05:00:00,2160.2166666666667
2020-05-29 06:00:00,2963.695
2020-05-29 07:00:00,5004.504444444445
2020-05-29 08:00:00,2556.063888888889
2020-05-29 09:00:00,2558.253888888889
2020-05-29 10:00:00,2171.7955555555554
2020-05-29 11:00:00,486.23368055555557
2020-05-29 12:00:00,487.21520833333335
2020-05-29 13:00:00,456.141875
2020-05-29 14:00:00,488.5292013888889
2020-05-29 15:00:00,489.25395833333334
2020-05-29 16:00:00,480.9683333333333
2020-05-29 17:00:00,384.9590277777778
2020-05-29 18:00:00,476.98878472222225
2020-05-29 19:00:00,621.2280555555556
2020-05-29 20:00:00,685.6265277777778
2020-05-29 21:00:00,690.2759722222222
2020-05-29 22:00:00,694.0726388888888
2020-05-29 23:00:00,683.445
2020-05-30 00:00:00,684.2384722222222
2020-05-30 01:00:00,686.73
2020-05-30 02:00:00,688.6751388888889
2020-05-30 03:00:00,700.1911805555555
2020-05-30 04:00:00,1624.4025
2020-05-30 05:00:00,3037.927777777778
2020-05-30 06:00:00,2174.1866666666665
2020-05-30 07:00:00,1838.5877777777778
2020-05-30 08:00:00,1684.2354166666667
2020-05-30 09:00:00,1830.5258333333334
2020-05-30 10:00:00,1827.002638888889
2020-05-30 11:00:00,1833.639861111111
2020-05-30 12:00:00,1842.3513888888888
2020-05-30 13:00:00,1516.1480555555556
2020-05-30 14:00:00,1852.4580555555556
2020-05-30 15:00:00,1862.4640277777778
2020-05-30 16:00:00,1859.6170833333333
2020-05-30 17:00:00,1519.7241666666666
2020-05-30 18:00:00,2076.1405555555557
2020-05-30 19:00:00,2119.1266666666666
2020-05-30 20:00:00,2127.0159722222224
2020-05-30 21:00:00,2102.2590277777776
2020-05-30 22:00:00,2119.4231944444446
2020-05-30 23:00:00,2125.2580555555555
2020-05-31 00:00:00,2133.857916666667
2020-05-31 01:00:00,2146.268611111111
2020-05-31 02:00:00,2149.773611111111
2020-05-31 03:00:00,2209.368611111111
2020-05-31 04:00:00,1525.8533333333332
2020-05-31 05:00:00,3211.1272222222224
2020-05-31 06:00:00,5080.355555555556
2020-05-31 07:00:00,2967.884722222222
2020-05-31 08:00:00,2364.8644444444444
2020-05-31 09:00:00,3021.328611111111
2020-05-31 10:00:00,3075.291111111111
2020-05-31 11:00:00,3051.241111111111
2020-05-31 12:00:00,3093.225
2020-05-31 13:00:00,2235.0955555555556
2020-05-31 14:00:00,2985.61
2020-05-31 15:00:00,2960.998888888889
2020-05-31 16:00:00,2921.218611111111
2020-05-31 17:00:00,2716.946111111111
2020-05-31 18:00:00,2878.356111111111
2020-05-31 19:00:00,3136.0177777777776
2020-05-31 20:00:00,3172.8141666666666
2020-05-31 21:00:00,3145.6852777777776
2020-05-31 22:00:00,3144.9569444444446
2020-05-31 23:00:00,3173.1016666666665
2020-06-01 00:00:00,3221.9105555555557
2020-06-01 01:00:00,3248.6155555555556
2020-06-01 02:00:00,3245.427222222222
2020-06-01 03:00:00,3378.9930555555557
2020-06-01 04:00:00,3047.701666666667
2020-06-01 05:00:00,4112.5975
2020-06-01 06:00:00,2669.967777777778
2020-06-01 07:00:00,2646.092777777778
2020-06-01 08:00:00,2217.6005555555557
2020-06-01 09:00:00,1294.1995833333333
2020-06-01 10:00:00,503.0592361111111
2020-06-01 11:00:00,502.72729166666664
2020-06-01 12:00:00,503.8634375
2020-06-01 13:00:00,412.3252083333333
2020-06-01 14:00:00,506.46069444444447
2020-06-01 15:00:00,510.5879166666667
2020-06-01 16:00:00,511.3927777777778
2020-06-01 17:00:00,449.62340277777776
2020-06-01 18:00:00,509.1277777777778
2020-06-01 19:00:00,755.2036111111111
2020-06-01 20:00:00,744.8601388888889
2020-06-01 21:00:00,756.9020138888889
2020-06-01 22:00:00,765.4308333333333
2020-06-01 23:00:00,766.78875
2020-06-02 00:00:00,762.9691666666666
2020-06-02 01:00:00,765.575625
2020-06-02 02:00:00,760.1493055555555
2020-06-02 03:00:00,1918.8763888888889
2020-06-02 04:00:00,2340.0577777777776
2020-06-02 05:00:00,3332.3425
2020-06-02 06:00:00,3889.9616666666666
2020-06-02 07:00:00,3745.3425
2020-06-02 08:00:00,2846.962777777778
2020-06-02 09:00:00,3730.3294444444446
2020-06-02 10:00:00,4037.3794444444443
2020-06-02 11:00:00,2962.5116666666668
2020-06-02 12:00:00,562.0305555555556
2020-06-02 13:00:00,479.955
2020-06-02 14:00:00,555.1985416666666
2020-06-02 15:00:00,551.0451388888889
2020-06-02 16:00:00,548.1788888888889
2020-06-02 17:00:00,508.3146527777778
2020-06-02 18:00:00,540.803125
2020-06-02 19:00:00,803.44875
2020-06-02 20:00:00,820.5671527777778
2020-06-02 21:00:00,813.7129861111111
2020-06-02 22:00:00,810.2421527777777
2020-06-02 23:00:00,809.7307638888889
2020-06-03 00:00:00,806.3109722222222
2020-06-03 01:00:00,808.2555555555556
2020-06-03 02:00:00,797.9722916666667
2020-06-03 03:00:00,961.119375
2020-06-03 04:00:00,1741.6005555555555
2020-06-03 05:00:00,2758.6205555555557
2020-06-03 06:00:00,2497.0416666666665
2020-06-03 07:00:00,2328.3455555555556
2020-06-03 08:00:00,2387.4411111111112
2020-06-03 09:00:00,2959.302222222222
2020-06-03 10:00:00,2952.876111111111
2020-06-03 11:00:00,1582.7602777777777
2020-06-03 12:00:00,560.0146527777778
2020-06-03 13:00:00,474.62392361111114
2020-06-03 14:00:00,559.2749652777778
2020-06-03 15:00:00,547.7866666666666
2020-06-03 16:00:00,548.3026041666667
2020-06-03 17:00:00,498.3557638888889
2020-06-03 18:00:00,750.1819444444444
2020-06-03 19:00:00,807.5703472222223
2020-06-03 20:00:00,812.3552777777778
2020-06-03 21:00:00,821.1536805555555
2020-06-03 22:00:00,815.9534027777778
2020-06-03 23:00:00,803.7231944444444
2020-06-04 00:00:00,814.6050694444444
2020-06-04 01:00:00,816.6272222222223
2020-06-04 02:00:00,814.6250520833333
2020-06-04 03:00:00,1985.830138888889
2020-06-04 04:00:00,1501.5127777777777
2020-06-04 05:00:00,3312.395
2020-06-04 06:00:00,3973.657777777778
2020-06-04 07:00:00,2701.383888888889
2020-06-04 08:00:00,2277.68
2020-06-04 09:00:00,2336.5797222222222
2020-06-04 10:00:00,2392.5291666666667
2020-06-04 11:00:00,2882.952222222222
2020-06-04 12:00:00,3585.561111111111
2020-06-04 13:00:00,489.55788194444443
2020-06-04 14:00:00,701.1538888888889
2020-06-04 15:00:00,553.0440972222223
2020-06-04 16:00:00,607.3761111111111
2020-06-04 17:00:00,649.68125
2020-06-04 18:00:00,804.7695833333333
2020-06-04 19:00:00,807.7829166666667
2020-06-04 20:00:00,818.0694444444445
2020-06-04 21:00:00,812.8455555555555
2020-06-04 22:00:00,814.7938194444445
2020-06-04 23:00:00,819.9306944444445
2020-06-05 00:00:00,824.4777083333333
2020-06-05 01:00:00,820.9440972222222
2020-06-05 02:00:00,818.8714583333333
2020-06-05 03:00:00,1018.7054861111111
2020-06-05 04:00:00,1798.6680555555556
2020-06-05 05:00:00,3410.3955555555553
2020-06-05 06:00:00,4779.493333333333
2020-06-05 07:00:00,3865.222222222222
2020-06-05 08:00:00,3268.0533333333333
2020-06-05 09:00:00,3912.412222222222
2020-06-05 10:00:00,2454.8930555555557
2020-06-05 11:00:00,586.0797222222222
2020-06-05 12:00:00,545.2505902777777
2020-06-05 13:00:00,408.14399305555554
2020-06-05 14:00:00,547.6714583333334
2020-06-05 15:00:00,549.7056597222222
2020-06-05 16:00:00,676.0529861111111
2020-06-05 17:00:00,550.1424652777778
2020-06-05 18:00:00,557.8038888888889
2020-06-05 19:00:00,787.9829166666667
2020-06-05 20:00:00,801.6133333333333
2020-06-05 21:00:00,820.3261111111111
2020-06-05 22:00:00,814.9301388888889
2020-06-05 23:00:00,803.1184722222222
2020-06-06 00:00:00,815.7120138888889
2020-06-06 01:00:00,817.3511805555555
2020-06-06 02:00:00,819.5676388888888
2020-06-06 03:00:00,818.43375
2020-06-06 04:00:00,1009.3918055555556
2020-06-06 05:00:00,2917.0455555555554
2020-06-06 06:00:00,3795.9705555555556
2020-06-06 07:00:00,1175.1425
2020-06-06 08:00:00,358.568125
2020-06-06 09:00:00,551.0707638888889
2020-06-06 10:00:00,551.649375
2020-06-06 11:00:00,552.6389930555556
2020-06-06 12:00:00,556.0579861111111
2020-06-06 13:00:00,501.5565277777778
2020-06-06 14:00:00,553.5428819444444
2020-06-06 15:00:00,549.9129861111111
2020-06-06 16:00:00,548.5755208333334
2020-06-06 17:00:00,525.0568402777777
2020-06-06 18:00:00,555.1975
2020-06-06 19:00:00,816.1885416666667
2020-06-06 20:00:00,817.0090972222222
2020-06-06 21:00:00,821.0461111111111
2020-06-06 22:00:00,819.4952777777778
2020-06-06 23:00:00,823.5454166666667
2020-06-07 00:00:00,831.3852777777778
2020-06-07 01:00:00,834.3866666666667
2020-06-07 02:00:00,838.6286111111111
2020-06-07 03:00:00,834.0563194444444
2020-06-07 04:00:00,2653.8605555555555
2020-06-07 05:00:00,3840.465
2020-06-07 06:00:00,3865.3077777777776
2020-06-07 07:00:00,750.0282638888889
2020-06-07 08:00:00,380.59788194444445
2020-06-07 09:00:00,549.769375
2020-06-07 10:00:00,557.2385069444445
2020-06-07 11:00:00,599.4169444444444
2020-06-07 12:00:00,611.3722222222223
2020-06-07 13:00:00,431.4240277777778
2020-06-07 14:00:00,555.8196527777778
2020-06-07 15:00:00,553.9100694444444
2020-06-07 16:00:00,553.0389583333333
2020-06-07 17:00:00,452.866875
2020-06-07 18:00:00,545.4704861111111
2020-06-07 19:00:00,730.2184027777778
2020-06-07 20:00:00,809.0584722222222
2020-06-07 21:00:00,810.9756944444445
2020-06-07 22:00:00,809.9661111111111
2020-06-07 23:00:00,815.7065972222222
2020-06-08 00:00:00,816.4210416666666
2020-06-08 01:00:00,802.9489583333333
2020-06-08 02:00:00,796.5049305555556
2020-06-08 03:00:00,2027.9872222222223
2020-06-08 04:00:00,1758.8277777777778
2020-06-08 05:00:00,3959.1627777777776
2020-06-08 06:00:00,3550.4725
2020-06-08 07:00:00,3469.305277777778
2020-06-08 08:00:00,2341.6452777777777
2020-06-08 09:00:00,2850.7008333333333
2020-06-08 10:00:00,3973.9333333333334
2020-06-08 11:00:00,4078.69
2020-06-08 12:00:00,3615.333888888889
2020-06-08 13:00:00,2160.0425
2020-06-08 14:00:00,1142.98375
2020-06-08 15:00:00,547.2173263888889
2020-06-08 16:00:00,548.4586805555556
2020-06-08 17:00:00,461.7363888888889
2020-06-08 18:00:00,662.075
2020-06-08 19:00:00,820.3138888888889
2020-06-08 20:00:00,828.8159722222222
2020-06-08 21:00:00,819.0848611111111
2020-06-08 22:00:00,814.3334722222222
2020-06-08 23:00:00,814.709375
2020-06-09 00:00:00,815.9065277777778
2020-06-09 01:00:00,811.3134722222222
2020-06-09 02:00:00,811.5350694444444
2020-06-09 03:00:00,1031.045138888889
2020-06-09 04:00:00,1835.8972222222221
2020-06-09 05:00:00,3093.9622222222224
2020-06-09 06:00:00,4053.8366666666666
2020-06-09 07:00:00,3961.097777777778
2020-06-09 08:00:00,3203.643611111111
2020-06-09 09:00:00,2678.9966666666664
2020-06-09 10:00:00,2677.963333333333
2020-06-09 11:00:00,979.9367361111111
2020-06-09 12:00:00,558.8386805555556
2020-06-09 13:00:00,485.7811111111111
2020-06-09 14:00:00,555.3874305555555
2020-06-09 15:00:00,553.2743055555555
2020-06-09 16:00:00,551.5818402777778
2020-06-09 17:00:00,458.1754861111111
2020-06-09 18:00:00,494.66506944444444
2020-06-09 19:00:00,729.2164583333333
2020-06-09 20:00:00,818.5799305555555
2020-06-09 21:00:00,814.0352604166667
2020-06-09 22:00:00,814.6180555555555
2020-06-09 23:00:00,817.8376388888889
2020-06-10 00:00:00,815.5538194444445
2020-06-10 01:00:00,816.0120833333333
2020-06-10 02:00:00,812.2061111111111
2020-06-10 03:00:00,805.3997916666667
2020-06-10 04:00:00,2023.0645833333333
2020-06-10 05:00:00,3142.5783333333334
2020-06-10 06:00:00,2650.831111111111
2020-06-10 07:00:00,2336.01
2020-06-10 08:00:00,2458.458888888889
2020-06-10 09:00:00,2046.0841666666668
2020-06-10 10:00:00,2695.606388888889
2020-06-10 11:00:00,932.1833333333333
2020-06-10 12:00:00,563.2614583333333
2020-06-10 13:00:00,529.8572222222223
2020-06-10 14:00:00,558.0294444444445
2020-06-10 15:00:00,556.8789930555556
2020-06-10 16:00:00,558.4786111111111
2020-06-10 17:00:00,506.43614583333334
2020-06-10 18:00:00,532.8394444444444
2020-06-10 19:00:00,763.3544444444444
2020-06-10 20:00:00,812.06875
2020-06-10 21:00:00,831.8504166666667
2020-06-10 22:00:00,839.1147916666666
2020-06-10 23:00:00,843.2954861111111
2020-06-11 00:00:00,822.1497222222222
2020-06-11 01:00:00,815.9897916666666
2020-06-11 02:00:00,812.9886805555556
2020-06-11 03:00:00,2017.1084722222222
2020-06-11 04:00:00,2250.5661111111112
2020-06-11 05:00:00,3180.311111111111
2020-06-11 06:00:00,2765.38
2020-06-11 07:00:00,2745.673888888889
2020-06-11 08:00:00,2203.275
2020-06-11 09:00:00,2447.5233333333335
2020-06-11 10:00:00,2798.9597222222224
2020-06-11 11:00:00,2607.452222222222
2020-06-11 12:00:00,2697.1838888888888
2020-06-11 13:00:00,1467.5891666666666
2020-06-11 14:00:00,561.5761111111111
2020-06-11 15:00:00,558.5821875
2020-06-11 16:00:00,557.2226736111111
2020-06-11 17:00:00,632.2565277777778
2020-06-11 18:00:00,764.8552777777778
2020-06-11 19:00:00,843.496875
2020-06-11 20:00:00,839.1546527777778
2020-06-11 21:00:00,824.0226388888889
2020-06-11 22:00:00,829.4598611111111
2020-06-11 23:00:00,807.2897916666667
2020-06-12 00:00:00,806.6811805555556
2020-06-12 01:00:00,828.7454166666666
2020-06-12 02:00:00,821.4301388888889
2020-06-12 03:00:00,1027.8724305555556
2020-06-12 04:00:00,2723.748888888889
2020-06-12 05:00:00,3705.0294444444444
2020-06-12 06:00:00,4052.8644444444444
2020-06-12 07:00:00,4084.8605555555555
2020-06-12 08:00:00,3896.677777777778
2020-06-12 09:00:00,4845.651111111111
2020-06-12 10:00:00,3150.172777777778
2020-06-12 11:00:00,1149.1576388888889
2020-06-12 12:00:00,578.6095833333334
2020-06-12 13:00:00,559.8440625
2020-06-12 14:00:00,574.8969444444444
2020-06-12 15:00:00,570.0427083333333
2020-06-12 16:00:00,568.1574305555556
2020-06-12 17:00:00,535.1925347222223
2020-06-12 18:00:00,540.8407638888889
2020-06-12 19:00:00,746.1954166666667
2020-06-12 20:00:00,832.4147222222222
2020-06-12 21:00:00,835.4288888888889
2020-06-12 22:00:00,836.0711111111111
2020-06-12 23:00:00,840.55625
2020-06-13 00:00:00,846.5006944444444
2020-06-13 01:00:00,841.2690277777778
2020-06-13 02:00:00,828.5572222222222
2020-06-13 03:00:00,834.0048611111112
2020-06-13 04:00:00,1132.3422916666666
2020-06-13 05:00:00,2598.9622222222224
2020-06-13 06:00:00,2686.0941666666668
2020-06-13 07:00:00,1388.3275
2020-06-13 08:00:00,517.6347569444445
2020-06-13 09:00:00,550.0984722222222
2020-06-13 10:00:00,556.3372916666667
2020-06-13 11:00:00,559.0564583333334
2020-06-13 12:00:00,558.8552777777778
2020-06-13 13:00:00,525.1268402777778
2020-06-13 14:00:00,548.5705902777778
2020-06-13 15:00:00,637.1577777777778
2020-06-13 16:00:00,815.1375
2020-06-13 17:00:00,764.6832638888889
2020-06-13 18:00:00,763.04
2020-06-13 19:00:00,798.7002777777777
2020-06-13 20:00:00,821.6640277777777
2020-06-13 21:00:00,835.6061111111111
2020-06-13 22:00:00,827.1397222222222
2020-06-13 23:00:00,827.7715277777778
2020-06-14 00:00:00,817.5057638888889
2020-06-14 01:00:00,814.765
2020-06-14 02:00:00,816.4774305555555
2020-06-14 03:00:00,1097.0165972222221
2020-06-14 04:00:00,2928.695833333333
2020-06-14 05:00:00,2726.6244444444446
2020-06-14 06:00:00,2624.9194444444443
2020-06-14 07:00:00,678.4894444444444
2020-06-14 08:00:00,526.7601041666667
2020-06-14 09:00:00,552.1556944444444
2020-06-14 10:00:00,564.5829166666666
2020-06-14 11:00:00,564.4215972222222
2020-06-14 12:00:00,571.7170138888889
2020-06-14 13:00:00,551.7484722222222
2020-06-14 14:00:00,568.2092361111111
2020-06-14 15:00:00,560.3094444444445
2020-06-14 16:00:00,558.0247222222222
2020-06-14 17:00:00,743.1288888888889
2020-06-14 18:00:00,791.05875
2020-06-14 19:00:00,828.560625
2020-06-14 20:00:00,819.5144444444444
2020-06-14 21:00:00,826.5826388888889
2020-06-14 22:00:00,824.1152083333334
2020-06-14 23:00:00,828.1766666666666
2020-06-15 00:00:00,827.4751388888889
2020-06-15 01:00:00,830.3365277777777
2020-06-15 02:00:00,825.4597916666667
2020-06-15 03:00:00,1840.55375
2020-06-15 04:00:00,3988.6030555555553
2020-06-15 05:00:00,2606.248888888889
2020-06-15 06:00:00,5022.057222222223
2020-06-15 07:00:00,5555.037222222222
2020-06-15 08:00:00,5194.22
2020-06-15 09:00:00,5009.185555555556
2020-06-15 10:00:00,2699.5994444444445
2020-06-15 11:00:00,1273.5951388888889
2020-06-15 12:00:00,565.3304861111111
2020-06-15 13:00:00,546.4692013888889
2020-06-15 14:00:00,568.6601041666667
2020-06-15 15:00:00,559.1746875
2020-06-15 16:00:00,556.5694010416667
2020-06-15 17:00:00,595.6727083333334
2020-06-15 18:00:00,788.2394444444444
2020-06-15 19:00:00,824.7872222222222
2020-06-15 20:00:00,845.2584722222222
2020-06-15 21:00:00,828.0477777777778
2020-06-15 22:00:00,836.7084027777778
2020-06-15 23:00:00,844.2214583333333
2020-06-16 00:00:00,848.5688888888889
2020-06-16 01:00:00,851.7310416666667
2020-06-16 02:00:00,853.2480555555555
2020-06-16 03:00:00,1076.1086805555556
2020-06-16 04:00:00,2738.0588888888888
2020-06-16 05:00:00,2988.543611111111
2020-06-16 06:00:00,3924.067777777778
2020-06-16 07:00:00,3867.467777777778
2020-06-16 08:00:00,3518.0405555555553
2020-06-16 09:00:00,3402.7097222222224
2020-06-16 10:00:00,1629.815
2020-06-16 11:00:00,563.5290277777777
2020-06-16 12:00:00,569.3127777777778
2020-06-16 13:00:00,541.2682986111112
2020-06-16 14:00:00,561.7959027777778
2020-06-16 15:00:00,563.9922222222223
2020-06-16 16:00:00,559.7605902777777
2020-06-16 17:00:00,526.8936458333334
2020-06-16 18:00:00,533.7890972222223
2020-06-16 19:00:00,751.3332638888888
2020-06-16 20:00:00,827.3577083333333
2020-06-16 21:00:00,822.7697222222222
2020-06-16 22:00:00,824.3066666666666
2020-06-16 23:00:00,834.1996527777778
2020-06-17 00:00:00,831.0451388888889
2020-06-17 01:00:00,823.6791666666667
2020-06-17 02:00:00,824.3946527777778
2020-06-17 03:00:00,1090.8055555555557
2020-06-17 04:00:00,2711.7438888888887
2020-06-17 05:00:00,3808.429166666667
2020-06-17 06:00:00,3554.387222222222
2020-06-17 07:00:00,3876.7863888888887
2020-06-17 08:00:00,3514.0094444444444
2020-06-17 09:00:00,4392.143055555555
2020-06-17 10:00:00,3341.7944444444443
2020-06-17 11:00:00,1945.0436111111112
2020-06-17 12:00:00,567.1932986111111
2020-06-17 13:00:00,544.1353472222222
2020-06-17 14:00:00,563.3338888888889
2020-06-17 15:00:00,569.5419444444444
2020-06-17 16:00:00,567.8543055555556
2020-06-17 17:00:00,533.2982291666667
2020-06-17 18:00:00,546.3198611111111
2020-06-17 19:00:00,746.3779166666667
2020-06-17 20:00:00,833.2858333333334
2020-06-17 21:00:00,838.3005555555555
2020-06-17 22:00:00,836.3349305555555
2020-06-17 23:00:00,834.0844444444444
2020-06-18 00:00:00,837.3380555555556
2020-06-18 01:00:00,834.3897916666666
2020-06-18 02:00:00,830.1352777777778
2020-06-18 03:00:00,1986.952361111111
2020-06-18 04:00:00,2671.3972222222224
2020-06-18 05:00:00,3405.025833333333
2020-06-18 06:00:00,4175.841111111111
2020-06-18 07:00:00,4031.633888888889
2020-06-18 08:00:00,3755.4411111111112
2020-06-18 09:00:00,3876.1066666666666
2020-06-18 10:00:00,4055.575277777778
2020-06-18 11:00:00,4124.463333333333
2020-06-18 12:00:00,4076.8572222222224
2020-06-18 13:00:00,3013.3733333333334
2020-06-18 14:00:00,551.6624652777778
2020-06-18 15:00:00,564.9815625
2020-06-18 16:00:00,613.5597222222223
2020-06-18 17:00:00,787.6729166666667
2020-06-18 18:00:00,795.0820833333333
2020-06-18 19:00:00,842.6108333333333
2020-06-18 20:00:00,846.4961111111111
2020-06-18 21:00:00,825.2240277777778
2020-06-18 22:00:00,834.9865972222223
2020-06-18 23:00:00,835.354375
2020-06-19 00:00:00,837.575625
2020-06-19 01:00:00,841.9616666666667
2020-06-19 02:00:00,841.8623611111111
2020-06-19 03:00:00,933.5184027777777
2020-06-19 04:00:00,2585.097222222222
2020-06-19 05:00:00,3402.8405555555555
2020-06-19 06:00:00,4085.5094444444444
2020-06-19 07:00:00,3831.6188888888887
2020-06-19 08:00:00,2678.469722222222
2020-06-19 09:00:00,2665.083611111111
2020-06-19 10:00:00,611.6331944444445
2020-06-19 11:00:00,579.0372569444445
2020-06-19 12:00:00,569.0643402777778
2020-06-19 13:00:00,543.8817361111111
2020-06-19 14:00:00,566.8097916666667
2020-06-19 15:00:00,575.0568055555556
2020-06-19 16:00:00,560.3229513888889
2020-06-19 17:00:00,744.8244444444445
2020-06-19 18:00:00,782.31875
2020-06-19 19:00:00,817.4663888888889
2020-06-19 20:00:00,819.5703472222223
2020-06-19 21:00:00,821.8677083333333
2020-06-19 22:00:00,839.8657638888889
2020-06-19 23:00:00,851.3959027777778
2020-06-20 00:00:00,858.7204861111111
2020-06-20 01:00:00,845.5724305555556
2020-06-20 02:00:00,833.5979166666667
2020-06-20 03:00:00,841.4122222222222
2020-06-20 04:00:00,2554.286111111111
2020-06-20 05:00:00,3646.179722222222
2020-06-20 06:00:00,3381.953611111111
2020-06-20 07:00:00,568.5025694444445
2020-06-20 08:00:00,539.5057638888889
2020-06-20 09:00:00,556.8847222222222
2020-06-20 10:00:00,568.4135763888889
2020-06-20 11:00:00,579.4532986111111
2020-06-20 12:00:00,576.7382638888889
2020-06-20 13:00:00,549.8053472222222
2020-06-20 14:00:00,560.3844791666667
2020-06-20 15:00:00,571.0727777777778
2020-06-20 16:00:00,570.2724305555555
2020-06-20 17:00:00,536.0109722222222
2020-06-20 18:00:00,543.0589236111111
2020-06-20 19:00:00,710.1833333333333
2020-06-20 20:00:00,852.4944444444444
2020-06-20 21:00:00,842.1072222222223
2020-06-20 22:00:00,844.9072222222222
2020-06-20 23:00:00,844.4717361111111
2020-06-21 00:00:00,845.5746527777778
2020-06-21 01:00:00,844.7138194444444
2020-06-21 02:00:00,844.8145833333333
2020-06-21 03:00:00,845.6888194444444
2020-06-21 04:00:00,1608.0958333333333
2020-06-21 05:00:00,2025.3156944444445
2020-06-21 06:00:00,2654.3366666666666
2020-06-21 07:00:00,781.8643055555556
2020-06-21 08:00:00,505.8103125
2020-06-21 09:00:00,635.5327083333333
2020-06-21 10:00:00,638.7701215277777
2020-06-21 11:00:00,644.5419444444444
2020-06-21 12:00:00,642.0922222222222
2020-06-21 13:00:00,609.7007638888889
2020-06-21 14:00:00,624.6588194444445
2020-06-21 15:00:00,643.2573611111111
2020-06-21 16:00:00,631.0934722222222
2020-06-21 17:00:00,700.33875
2020-06-21 18:00:00,857.5022222222223
2020-06-21 19:00:00,894.0680555555556
2020-06-21 20:00:00,898.3325
2020-06-21 21:00:00,900.7988888888889
2020-06-21 22:00:00,901.3201388888889
2020-06-21 23:00:00,908.2008333333333
2020-06-22 00:00:00,911.6838888888889
2020-06-22 01:00:00,904.3764583333333
2020-06-22 02:00:00,893.5475694444444
2020-06-22 03:00:00,1046.3530555555556
2020-06-22 04:00:00,2593.6180555555557
2020-06-22 05:00:00,3405.617777777778
2020-06-22 06:00:00,2880.487222222222
2020-06-22 07:00:00,2711.206111111111
2020-06-22 08:00:00,3599.333611111111
2020-06-22 09:00:00,3620.133611111111
2020-06-22 10:00:00,2813.8844444444444
2020-06-22 11:00:00,2840.615
2020-06-22 12:00:00,3278.4963888888888
2020-06-22 13:00:00,3489.0494444444444
2020-06-22 14:00:00,893.7005555555555
2020-06-22 15:00:00,563.4572916666667
2020-06-22 16:00:00,558.9522222222222
2020-06-22 17:00:00,525.9346527777777
2020-06-22 18:00:00,533.5976388888889
2020-06-22 19:00:00,715.7574305555555
2020-06-22 20:00:00,837.3386111111112
2020-06-22 21:00:00,818.9220833333334
2020-06-22 22:00:00,831.9194444444445
2020-06-22 23:00:00,841.6865972222222
2020-06-23 00:00:00,846.8146527777777
2020-06-23 01:00:00,840.6490277777777
2020-06-23 02:00:00,840.6073611111111
2020-06-23 03:00:00,820.4885416666667
2020-06-23 04:00:00,2225.132638888889
2020-06-23 05:00:00,2586.8127777777777
2020-06-23 06:00:00,2761.4538888888887
2020-06-23 07:00:00,2495.66
2020-06-23 08:00:00,2799.8575
2020-06-23 09:00:00,3140.3558333333335
2020-06-23 10:00:00,2634.5375
2020-06-23 11:00:00,2718.2055555555557
2020-06-23 12:00:00,2700.0061111111113
2020-06-23 13:00:00,2165.300138888889
2020-06-23 14:00:00,537.7628472222223
2020-06-23 15:00:00,566.2682291666666
2020-06-23 16:00:00,556.8906597222223
2020-06-23 17:00:00,534.5257986111111
2020-06-23 18:00:00,547.69875
2020-06-23 19:00:00,700.5633333333334
2020-06-23 20:00:00,849.9172222222222
2020-06-23 21:00:00,839.7602777777778
2020-06-23 22:00:00,849.7954166666667
2020-06-23 23:00:00,852.485
2020-06-24 00:00:00,855.9852083333334
2020-06-24 01:00:00,854.8879861111111
2020-06-24 02:00:00,845.1805555555555
2020-06-24 03:00:00,1073.2754861111111
2020-06-24 04:00:00,2464.007222222222
2020-06-24 05:00:00,2265.240138888889
2020-06-24 06:00:00,2556.9330555555557
2020-06-24 07:00:00,2415.2555555555555
2020-06-24 08:00:00,1916.4598611111112
2020-06-24 09:00:00,2202.000138888889
2020-06-24 10:00:00,1462.8419444444444
2020-06-24 11:00:00,612.7333333333333
2020-06-24 12:00:00,574.5853472222223
2020-06-24 13:00:00,548.3021527777778
2020-06-24 14:00:00,552.2208680555556
2020-06-24 15:00:00,573.6408680555555
2020-06-24 16:00:00,564.4633333333334
2020-06-24 17:00:00,535.2740277777777
2020-06-24 18:00:00,552.6994791666667
2020-06-24 19:00:00,726.2028472222222
2020-06-24 20:00:00,835.2105555555555
2020-06-24 21:00:00,842.4636111111112
2020-06-24 22:00:00,837.4758333333333
2020-06-24 23:00:00,845.5044444444444
2020-06-25 00:00:00,845.2314583333333
2020-06-25 01:00:00,849.2929166666667
2020-06-25 02:00:00,848.99375
2020-06-25 03:00:00,1956.2555555555555
2020-06-25 04:00:00,2466.7722222222224
2020-06-25 05:00:00,2341.648888888889
2020-06-25 06:00:00,2686.3883333333333
2020-06-25 07:00:00,2725.152222222222
2020-06-25 08:00:00,2540.7483333333334
2020-06-25 09:00:00,2729.043888888889
2020-06-25 10:00:00,2778.84
2020-06-25 11:00:00,2778.176111111111
2020-06-25 12:00:00,2761.7855555555557
2020-06-25 13:00:00,991.6616666666666
2020-06-25 14:00:00,540.788125
2020-06-25 15:00:00,560.490625
2020-06-25 16:00:00,564.6308333333334
2020-06-25 17:00:00,528.8883333333333
2020-06-25 18:00:00,533.6086111111111
2020-06-25 19:00:00,727.4433333333334
2020-06-25 20:00:00,830.4632638888888
2020-06-25 21:00:00,839.8300694444445
2020-06-25 22:00:00,835.16125
2020-06-25 23:00:00,844.8351388888889
2020-06-26 00:00:00,847.4802777777778
2020-06-26 01:00:00,847.0720833333334
2020-06-26 02:00:00,849.1959722222222
2020-06-26 03:00:00,1012.9097916666667
2020-06-26 04:00:00,2474.1394444444445
2020-06-26 05:00:00,2517.6744444444444
2020-06-26 06:00:00,2707.2722222222224
2020-06-26 07:00:00,2787.58
2020-06-26 08:00:00,2610.7030555555557
2020-06-26 09:00:00,2707.8444444444444
2020-06-26 10:00:00,2223.4508333333333
2020-06-26 11:00:00,1895.2580555555555
2020-06-26 12:00:00,594.3429166666666
2020-06-26 13:00:00,543.8416666666667
2020-06-26 14:00:00,545.2718402777778
2020-06-26 15:00:00,562.4595138888889
2020-06-26 16:00:00,557.5498263888888
2020-06-26 17:00:00,526.6015277777777
2020-06-26 18:00:00,533.3096875
2020-06-26 19:00:00,719.4670833333333
2020-06-26 20:00:00,840.1405555555556
2020-06-26 21:00:00,829.4090277777777
2020-06-26 22:00:00,825.3843055555556
2020-06-26 23:00:00,834.2934722222222
2020-06-27 00:00:00,837.3173611111112
2020-06-27 01:00:00,835.9871527777777
2020-06-27 02:00:00,837.6093055555556
2020-06-27 03:00:00,1040.9680555555556
2020-06-27 04:00:00,2621.0775
2020-06-27 05:00:00,2715.042013888889
2020-06-27 06:00:00,2762.6916666666666
2020-06-27 07:00:00,992.0555555555555
2020-06-27 08:00:00,547.4889236111111
2020-06-27 09:00:00,566.2057638888889
2020-06-27 10:00:00,583.2230555555556
2020-06-27 11:00:00,578.3067013888889
2020-06-27 12:00:00,566.6344791666667
2020-06-27 13:00:00,541.2293055555556
2020-06-27 14:00:00,541.8302083333333
2020-06-27 15:00:00,563.8607986111111
2020-06-27 16:00:00,565.0158333333334
2020-06-27 17:00:00,538.7009375
2020-06-27 18:00:00,644.4627777777778
2020-06-27 19:00:00,819.2775
2020-06-27 20:00:00,848.9352083333333
2020-06-27 21:00:00,846.3988194444445
2020-06-27 22:00:00,846.6384722222223
2020-06-27 23:00:00,858.3119444444444
2020-06-28 00:00:00,846.3059027777778
2020-06-28 01:00:00,830.8870138888889
2020-06-28 02:00:00,833.9327083333334
2020-06-28 03:00:00,839.7530555555555
2020-06-28 04:00:00,2295.036666666667
2020-06-28 05:00:00,2809.910277777778
2020-06-28 06:00:00,2558.1655555555553
2020-06-28 07:00:00,961.1240277777778
2020-06-28 08:00:00,536.8381597222223
2020-06-28 09:00:00,562.6559027777778
2020-06-28 10:00:00,578.6369444444445
2020-06-28 11:00:00,582.4927083333333
2020-06-28 12:00:00,581.7752430555555
2020-06-28 13:00:00,546.2627083333333
2020-06-28 14:00:00,553.8478125
2020-06-28 15:00:00,583.5855555555555
2020-06-28 16:00:00,577.7988888888889
2020-06-28 17:00:00,540.1331944444445
2020-06-28 18:00:00,564.7829166666667
2020-06-28 19:00:00,849.0614583333333
2020-06-28 20:00:00,836.0227083333333
2020-06-28 21:00:00,838.6211111111111
2020-06-28 22:00:00,835.38125
2020-06-28 23:00:00,840.3548611111111
2020-06-29 00:00:00,847.275625
2020-06-29 01:00:00,839.4459027777777
2020-06-29 02:00:00,839.0883333333334
2020-06-29 03:00:00,1966.6865277777779
2020-06-29 04:00:00,2496.3716666666664
2020-06-29 05:00:00,3353.0016666666666
2020-06-29 06:00:00,3692.617222222222
2020-06-29 07:00:00,2477.341388888889
2020-06-29 08:00:00,2059.3625
2020-06-29 09:00:00,2445.516666666667
2020-06-29 10:00:00,2749.7155555555555
2020-06-29 11:00:00,2765.6594444444445
2020-06-29 12:00:00,3285.9955555555557
2020-06-29 13:00:00,693.5411111111111
2020-06-29 14:00:00,552.3100694444445
2020-06-29 15:00:00,573.0240277777777
2020-06-29 16:00:00,565.9445833333333
2020-06-29 17:00:00,629.7497222222222
2020-06-29 18:00:00,739.8341666666666
2020-06-29 19:00:00,821.3021527777778
2020-06-29 20:00:00,822.9870833333333
2020-06-29 21:00:00,855.6323611111111
2020-06-29 22:00:00,856.2854166666667
2020-06-29 23:00:00,838.6706944444444
2020-06-30 00:00:00,838.4940277777778
2020-06-30 01:00:00,840.6175
2020-06-30 02:00:00,832.1363888888889
2020-06-30 03:00:00,1011.0146527777778
2020-06-30 04:00:00,2768.9625
2020-06-30 05:00:00,2806.635
2020-06-30 06:00:00,2929.8322222222223
2020-06-30 07:00:00,4606.503333333333
2020-06-30 08:00:00,4574.564722222222
2020-06-30 09:00:00,2732.6936111111113
2020-06-30 10:00:00,2594.1844444444446
2020-06-30 11:00:00,1581.7131944444445
2020-06-30 12:00:00,567.1190972222222
2020-06-30 13:00:00,531.7872222222222
2020-06-30 14:00:00,540.4553472222223
2020-06-30 15:00:00,586.2252777777778
2020-06-30 16:00:00,830.2500694444444
2020-06-30 17:00:00,668.0147916666666
2020-06-30 18:00:00,812.3010416666667
2020-06-30 19:00:00,838.1431944444445
2020-06-30 20:00:00,842.6869444444444
2020-06-30 21:00:00,841.5827777777778
2020-06-30 22:00:00,845.4480555555556
2020-06-30 23:00:00,844.9935416666667
2020-07-01 00:00:00,842.4709722222223
2020-07-01 01:00:00,839.2447222222222
2020-07-01 02:00:00,837.2694444444444
2020-07-01 03:00:00,1103.3615972222221
2020-07-01 04:00:00,4029.3819444444443
2020-07-01 05:00:00,4169.321666666667
2020-07-01 06:00:00,3269.889166666667
2020-07-01 07:00:00,2529.1222222222223
2020-07-01 08:00:00,1975.4666666666667
2020-07-01 09:00:00,2640.33
2020-07-01 10:00:00,2721.2433333333333
2020-07-01 11:00:00,1302.899861111111
2020-07-01 12:00:00,566.2238541666667
2020-07-01 13:00:00,534.4426388888888
2020-07-01 14:00:00,555.50125
2020-07-01 15:00:00,582.6151388888889
2020-07-01 16:00:00,573.5126388888889
2020-07-01 17:00:00,539.8985069444444
2020-07-01 18:00:00,545.8198958333334
2020-07-01 19:00:00,743.58625
2020-07-01 20:00:00,837.9270138888888
2020-07-01 21:00:00,849.3100694444445
2020-07-01 22:00:00,847.2404861111111
2020-07-01 23:00:00,837.4916666666667
2020-07-02 00:00:00,836.9894444444444
2020-07-02 01:00:00,838.5894444444444
2020-07-02 02:00:00,841.4438194444444
2020-07-02 03:00:00,3048.1280555555554
2020-07-02 04:00:00,5082.192222222222
2020-07-02 05:00:00,4962.863333333334
2020-07-02 06:00:00,5297.987777777777
2020-07-02 07:00:00,5310.533888888889
2020-07-02 08:00:00,5034.205
2020-07-02 09:00:00,5379.971111111111
2020-07-02 10:00:00,5322.998333333333
2020-07-02 11:00:00,5348.958333333333
2020-07-02 12:00:00,4478.741111111111
2020-07-02 13:00:00,541.0482638888889
2020-07-02 14:00:00,534.4249305555555
2020-07-02 15:00:00,570.2592361111111
2020-07-02 16:00:00,573.2519444444445
2020-07-02 17:00:00,600.1101388888889
2020-07-02 18:00:00,602.3638888888889
2020-07-02 19:00:00,816.1604861111111
2020-07-02 20:00:00,841.3736805555556
2020-07-02 21:00:00,843.3420138888889
2020-07-02 22:00:00,850.8186111111111
2020-07-02 23:00:00,847.7713888888889
2020-07-03 00:00:00,850.5280208333334
2020-07-03 01:00:00,828.2809722222222
2020-07-03 02:00:00,820.9733333333334
2020-07-03 03:00:00,1024.9835416666667
2020-07-03 04:00:00,4065.7838888888887
2020-07-03 05:00:00,4508.751666666667
2020-07-03 06:00:00,5196.642777777778
2020-07-03 07:00:00,5055.163888888889
2020-07-03 08:00:00,4512.277222222222
2020-07-03 09:00:00,3858.0627777777777
2020-07-03 10:00:00,2306.3586111111113
2020-07-03 11:00:00,2626.465833333333
2020-07-03 12:00:00,626.4444444444445
2020-07-03 13:00:00,545.7292361111112
2020-07-03 14:00:00,668.0593055555555
2020-07-03 15:00:00,561.018125
2020-07-03 16:00:00,682.9490277777778
2020-07-03 17:00:00,538.5291319444444
2020-07-03 18:00:00,556.3465277777777
2020-07-03 19:00:00,761.0329861111111
2020-07-03 20:00:00,855.31875
2020-07-03 21:00:00,850.1970833333334
2020-07-03 22:00:00,846.5598611111111
2020-07-03 23:00:00,848.7959722222222
2020-07-04 00:00:00,844.9748611111111
2020-07-04 01:00:00,836.799375
2020-07-04 02:00:00,832.6843055555555
2020-07-04 03:00:00,1135.3377777777778
2020-07-04 04:00:00,4129.014722222222
2020-07-04 05:00:00,5124.836111111111
2020-07-04 06:00:00,1777.9644444444446
2020-07-04 07:00:00,566.6179513888889
2020-07-04 08:00:00,532.8057638888889
2020-07-04 09:00:00,562.4878125
2020-07-04 10:00:00,574.1783333333333
2020-07-04 11:00:00,575.1842361111111
2020-07-04 12:00:00,567.6041319444445
2020-07-04 13:00:00,537.0857638888889
2020-07-04 14:00:00,593.1691666666667
2020-07-04 15:00:00,754.6754166666667
2020-07-04 16:00:00,732.5158333333334
2020-07-04 17:00:00,807.5243055555555
2020-07-04 18:00:00,827.0003472222222
2020-07-04 19:00:00,858.4765972222223
2020-07-04 20:00:00,858.1398611111111
2020-07-04 21:00:00,855.5969444444445
2020-07-04 22:00:00,842.6545138888889
2020-07-04 23:00:00,841.0952777777778
2020-07-05 00:00:00,832.0110416666666
2020-07-05 01:00:00,830.9258333333333
2020-07-05 02:00:00,825.9665277777777
2020-07-05 03:00:00,832.0870138888889
2020-07-05 04:00:00,796.1822222222222
2020-07-05 05:00:00,786.8575
2020-07-05 06:00:00,2248.1052777777777
2020-07-05 07:00:00,574.1885416666667
2020-07-05 08:00:00,545.3365972222222
2020-07-05 09:00:00,586.825
2020-07-05 10:00:00,572.4587847222223
2020-07-05 11:00:00,580.6467013888889
2020-07-05 12:00:00,580.1474305555555
2020-07-05 13:00:00,3108.793888888889
2020-07-05 14:00:00,966.9186805555555
2020-07-05 15:00:00,578.5376736111111
2020-07-05 16:00:00,571.2065972222222
2020-07-05 17:00:00,648.9569444444444
2020-07-05 18:00:00,603.5549305555555
2020-07-05 19:00:00,739.3795833333334
2020-07-05 20:00:00,839.8099305555555
2020-07-05 21:00:00,830.7265277777777
2020-07-05 22:00:00,830.98
2020-07-05 23:00:00,826.7675694444445
2020-07-06 00:00:00,827.4588888888889
2020-07-06 01:00:00,837.4284722222222
2020-07-06 02:00:00,837.4318055555556
2020-07-06 03:00:00,1348.0145833333333
2020-07-06 04:00:00,2314.035138888889
2020-07-06 05:00:00,5067.383333333333
2020-07-06 06:00:00,4378.501666666667
2020-07-06 07:00:00,4735.804444444444
2020-07-06 08:00:00,4474.2011111111115
2020-07-06 09:00:00,2787.6838888888888
2020-07-06 10:00:00,986.2938888888889
2020-07-06 11:00:00,645.8194444444445
2020-07-06 12:00:00,564.4370138888889
2020-07-06 13:00:00,457.1139236111111
2020-07-06 14:00:00,524.1803819444444
2020-07-06 15:00:00,568.9099305555555
2020-07-06 16:00:00,566.6648611111111
2020-07-06 17:00:00,499.9562152777778
2020-07-06 18:00:00,594.6302083333334
2020-07-06 19:00:00,847.6527777777778
2020-07-06 20:00:00,838.9820833333333
2020-07-06 21:00:00,841.2325
2020-07-06 22:00:00,843.1111805555555
2020-07-06 23:00:00,827.61125
2020-07-07 00:00:00,830.6455555555556
2020-07-07 01:00:00,837.7079166666666
2020-07-07 02:00:00,839.7015972222222
2020-07-07 03:00:00,1039.0127777777777
2020-07-07 04:00:00,1714.1891666666668
2020-07-07 05:00:00,2415.516666666667
2020-07-07 06:00:00,4181.602777777778
2020-07-07 07:00:00,3890.0116666666668
2020-07-07 08:00:00,2612.764166666667
2020-07-07 09:00:00,2923.1683333333335
2020-07-07 10:00:00,2508.2433333333333
2020-07-07 11:00:00,1161.5341666666666
2020-07-07 12:00:00,547.968125
2020-07-07 13:00:00,551.264375
2020-07-07 14:00:00,555.7017708333333
2020-07-07 15:00:00,548.8178472222222
2020-07-07 16:00:00,547.2459722222222
2020-07-07 17:00:00,520.7287152777777
2020-07-07 18:00:00,799.3886111111111
2020-07-07 19:00:00,800.8000694444445
2020-07-07 20:00:00,806.8438888888888
2020-07-07 21:00:00,814.9852083333334
2020-07-07 22:00:00,815.0085416666667
2020-07-07 23:00:00,796.4102777777778
2020-07-08 00:00:00,799.1585416666667
2020-07-08 01:00:00,796.265
2020-07-08 02:00:00,794.9689583333334
2020-07-08 03:00:00,999.5157638888888
2020-07-08 04:00:00,2014.4120833333334
2020-07-08 05:00:00,3284.311111111111
2020-07-08 06:00:00,3400.1383333333333
2020-07-08 07:00:00,3649.9733333333334
2020-07-08 08:00:00,2862.295
2020-07-08 09:00:00,2114.26375
2020-07-08 10:00:00,1772.2941666666666
2020-07-08 11:00:00,1416.987361111111
2020-07-08 12:00:00,560.1244097222223
2020-07-08 13:00:00,462.26739583333335
2020-07-08 14:00:00,520.9062847222223
2020-07-08 15:00:00,570.9610069444444
2020-07-08 16:00:00,627.8116666666666
2020-07-08 17:00:00,596.2318055555555
2020-07-08 18:00:00,800.4355555555555
2020-07-08 19:00:00,837.5071875
2020-07-08 20:00:00,846.5588888888889
2020-07-08 21:00:00,835.3703472222222
2020-07-08 22:00:00,838.9673611111111
2020-07-08 23:00:00,842.19375
2020-07-09 00:00:00,837.8341666666666
2020-07-09 01:00:00,838.4094444444445
2020-07-09 02:00:00,829.1843055555555
2020-07-09 03:00:00,2016.3270833333333
2020-07-09 04:00:00,2231.9436111111113
2020-07-09 05:00:00,4601.365555555555
2020-07-09 06:00:00,4261.0905555555555
2020-07-09 07:00:00,4220.8261111111115
2020-07-09 08:00:00,3225.4616666666666
2020-07-09 09:00:00,4002.148888888889
2020-07-09 10:00:00,4011.488888888889
2020-07-09 11:00:00,4010.045833333333
2020-07-09 12:00:00,3144.8580555555554
2020-07-09 13:00:00,499.4529513888889
2020-07-09 14:00:00,550.3463888888889
2020-07-09 15:00:00,571.634375
2020-07-09 16:00:00,596.0054166666666
2020-07-09 17:00:00,649.7445833333334
2020-07-09 18:00:00,801.1858333333333
2020-07-09 19:00:00,827.8706944444444
2020-07-09 20:00:00,821.6257638888889
2020-07-09 21:00:00,837.11375
2020-07-09 22:00:00,844.5377777777778
2020-07-09 23:00:00,841.6481944444445
2020-07-10 00:00:00,839.7422222222223
2020-07-10 01:00:00,837.8494444444444
2020-07-10 02:00:00,836.5971527777778
2020-07-10 03:00:00,1115.7534722222222
2020-07-10 04:00:00,2426.0291666666667
2020-07-10 05:00:00,4457.718055555555
2020-07-10 06:00:00,3417.2719444444447
2020-07-10 07:00:00,2396.5391666666665
2020-07-10 08:00:00,1740.0861111111112
2020-07-10 09:00:00,1920.4766666666667
2020-07-10 10:00:00,2083.0652777777777
2020-07-10 11:00:00,719.8836111111111
2020-07-10 12:00:00,563.7663194444444
2020-07-10 13:00:00,459.8563541666667
2020-07-10 14:00:00,536.5985416666666
2020-07-10 15:00:00,552.8369791666667
2020-07-10 16:00:00,556.62875
2020-07-10 17:00:00,461.6567361111111
2020-07-10 18:00:00,549.5339930555556
2020-07-10 19:00:00,682.7108333333333
2020-07-10 20:00:00,839.6919444444444
2020-07-10 21:00:00,838.85
2020-07-10 22:00:00,832.7082638888888
2020-07-10 23:00:00,823.5522222222222
2020-07-11 00:00:00,830.5354166666667
2020-07-11 01:00:00,830.8629861111111
2020-07-11 02:00:00,835.1088888888889
2020-07-11 03:00:00,1157.7614583333334
2020-07-11 04:00:00,1652.5858333333333
2020-07-11 05:00:00,2449.4455555555555
2020-07-11 06:00:00,1376.1508333333334
2020-07-11 07:00:00,560.458125
2020-07-11 08:00:00,461.30104166666666
2020-07-11 09:00:00,566.1251736111111
2020-07-11 10:00:00,576.0913888888889
2020-07-11 11:00:00,578.0900694444445
2020-07-11 12:00:00,578.7076388888889
2020-07-11 13:00:00,494.74111111111114
2020-07-11 14:00:00,544.6982291666667
2020-07-11 15:00:00,570.9484027777778
2020-07-11 16:00:00,568.0321527777778
2020-07-11 17:00:00,494.1634722222222
2020-07-11 18:00:00,564.4161111111111
2020-07-11 19:00:00,797.3655555555556
2020-07-11 20:00:00,856.7679861111111
2020-07-11 21:00:00,855.3151388888889
2020-07-11 22:00:00,858.7005555555555
2020-07-11 23:00:00,846.7405555555556
2020-07-12 00:00:00,834.4675
2020-07-12 01:00:00,834.0654166666667
2020-07-12 02:00:00,835.07875
2020-07-12 03:00:00,1135.4947916666667
2020-07-12 04:00:00,2058.537083333333
2020-07-12 05:00:00,2591.3633333333332
2020-07-12 06:00:00,1958.5105555555556
2020-07-12 07:00:00,564.0907291666666
2020-07-12 08:00:00,468.73548611111113
2020-07-12 09:00:00,572.4496875
2020-07-12 10:00:00,579.9585416666666
2020-07-12 11:00:00,585.1502777777778
2020-07-12 12:00:00,586.1820138888888
2020-07-12 13:00:00,513.9969097222222
2020-07-12 14:00:00,558.2594444444444
2020-07-12 15:00:00,579.2337152777778
2020-07-12 16:00:00,574.2520138888889
2020-07-12 17:00:00,509.03770833333334
2020-07-12 18:00:00,570.1586111111111
2020-07-12 19:00:00,823.6461111111112
2020-07-12 20:00:00,829.128125
2020-07-12 21:00:00,837.983125
2020-07-12 22:00:00,837.2329166666667
2020-07-12 23:00:00,841.3856944444444
2020-07-13 00:00:00,841.6836805555556
2020-07-13 01:00:00,839.4622222222222
2020-07-13 02:00:00,825.6363888888889
2020-07-13 03:00:00,1445.2333333333333
2020-07-13 04:00:00,1533.4883333333332
2020-07-13 05:00:00,1558.7897222222223
2020-07-13 06:00:00,2247.29875
2020-07-13 07:00:00,2659.9527777777776
2020-07-13 08:00:00,4381.449444444444
2020-07-13 09:00:00,3452.6683333333335
2020-07-13 10:00:00,1761.1652777777779
2020-07-13 11:00:00,609.425
2020-07-13 12:00:00,560.4818402777778
2020-07-13 13:00:00,485.31927083333335
2020-07-13 14:00:00,575.4230555555556
2020-07-13 15:00:00,580.9844791666667
2020-07-13 16:00:00,569.3360069444444
2020-07-13 17:00:00,490.0075
2020-07-13 18:00:00,560.0266666666666
2020-07-13 19:00:00,748.1352777777778
2020-07-13 20:00:00,839.2980555555556
2020-07-13 21:00:00,842.7999305555555
2020-07-13 22:00:00,838.6129166666667
2020-07-13 23:00:00,840.2110416666667
2020-07-14 00:00:00,841.1895138888889
2020-07-14 01:00:00,838.3175
2020-07-14 02:00:00,833.92
2020-07-14 03:00:00,824.9041666666667
2020-07-14 04:00:00,1064.1119444444444
2020-07-14 05:00:00,4657.274444444444
2020-07-14 06:00:00,5113.4238888888885
2020-07-14 07:00:00,3184.2975
2020-07-14 08:00:00,1733.316388888889
2020-07-14 09:00:00,1861.5831944444444
2020-07-14 10:00:00,1993.3402777777778
2020-07-14 11:00:00,2061.4619444444443
2020-07-14 12:00:00,1652.2472222222223
2020-07-14 13:00:00,495.2134722222222
2020-07-14 14:00:00,581.9107118055556
2020-07-14 15:00:00,671.2045833333333
2020-07-14 16:00:00,745.0965972222223
2020-07-14 17:00:00,454.2705208333333
2020-07-14 18:00:00,793.9363888888889
2020-07-14 19:00:00,827.3763888888889
2020-07-14 20:00:00,842.7230555555556
2020-07-14 21:00:00,837.6118055555555
2020-07-14 22:00:00,842.7843055555555
2020-07-14 23:00:00,841.0683333333334
2020-07-15 00:00:00,842.3997222222222
2020-07-15 01:00:00,841.7135416666666
2020-07-15 02:00:00,831.9365277777778
2020-07-15 03:00:00,817.5110416666666
2020-07-15 04:00:00,1598.4429166666666
2020-07-15 05:00:00,4417.391666666666
2020-07-15 06:00:00,4073.6891666666666
2020-07-15 07:00:00,3585.8366666666666
2020-07-15 08:00:00,1787.398888888889
2020-07-15 09:00:00,1870.4941666666666
2020-07-15 10:00:00,2342.115277777778
2020-07-15 11:00:00,1007.41125
2020-07-15 12:00:00,571.7878819444444
2020-07-15 13:00:00,491.17270833333333
2020-07-15 14:00:00,569.7097569444444
2020-07-15 15:00:00,571.3973958333333
2020-07-15 16:00:00,559.225625
2020-07-15 17:00:00,603.4711111111111
2020-07-15 18:00:00,814.9365277777778
2020-07-15 19:00:00,827.8108333333333
2020-07-15 20:00:00,834.6011111111111
2020-07-15 21:00:00,838.2748611111111
2020-07-15 22:00:00,847.5365972222222
2020-07-15 23:00:00,822.0304861111111
2020-07-16 00:00:00,824.9270833333334
2020-07-16 01:00:00,824.4151388888889
2020-07-16 02:00:00,815.1359722222222
2020-07-16 03:00:00,1719.5355555555554
2020-07-16 04:00:00,1847.7858333333334
2020-07-16 05:00:00,1928.9684722222223
2020-07-16 06:00:00,2552.677222222222
2020-07-16 07:00:00,1904.3941666666667
2020-07-16 08:00:00,1701.512638888889
2020-07-16 09:00:00,1923.7158333333334
2020-07-16 10:00:00,1759.3258333333333
2020-07-16 11:00:00,1780.744861111111
2020-07-16 12:00:00,1845.1630555555555
2020-07-16 13:00:00,1489.963888888889
2020-07-16 14:00:00,561.6618402777777
2020-07-16 15:00:00,559.2476388888889
2020-07-16 16:00:00,561.1205902777778
2020-07-16 17:00:00,492.12854166666665
2020-07-16 18:00:00,554.7562847222222
2020-07-16 19:00:00,779.6145833333334
2020-07-16 20:00:00,840.3182638888889
2020-07-16 21:00:00,834.6613194444444
2020-07-16 22:00:00,837.8047222222223
2020-07-16 23:00:00,846.2041666666667
2020-07-17 00:00:00,844.3497222222222
2020-07-17 01:00:00,824.1215972222222
2020-07-17 02:00:00,814.1054861111111
2020-07-17 03:00:00,806.6352777777778
2020-07-17 04:00:00,1554.4952777777778
2020-07-17 05:00:00,2690.2922222222223
2020-07-17 06:00:00,3928.5025
2020-07-17 07:00:00,4041.7566666666667
2020-07-17 08:00:00,2289.9997222222223
2020-07-17 09:00:00,2688.8216666666667
2020-07-17 10:00:00,1442.452361111111
2020-07-17 11:00:00,580.8827083333333
2020-07-17 12:00:00,581.6583680555556
2020-07-17 13:00:00,495.9368402777778
2020-07-17 14:00:00,521.7829861111111
2020-07-17 15:00:00,568.4701388888889
2020-07-17 16:00:00,565.2476388888889
2020-07-17 17:00:00,500.4063888888889
2020-07-17 18:00:00,563.9785416666666
2020-07-17 19:00:00,792.6190277777778
2020-07-17 20:00:00,828.494375
2020-07-17 21:00:00,848.3086805555556
2020-07-17 22:00:00,840.2977777777778
2020-07-17 23:00:00,831.1808333333333
2020-07-18 00:00:00,836.3348611111111
2020-07-18 01:00:00,836.3350694444445
2020-07-18 02:00:00,840.1300694444444
2020-07-18 03:00:00,844.025
2020-07-18 04:00:00,1679.9619444444445
2020-07-18 05:00:00,2920.1930555555555
2020-07-18 06:00:00,3628.4155555555553
2020-07-18 07:00:00,1260.1822222222222
2020-07-18 08:00:00,500.68107638888887
2020-07-18 09:00:00,571.2867361111112
2020-07-18 10:00:00,574.7263194444445
2020-07-18 11:00:00,578.9800694444444
2020-07-18 12:00:00,582.85875
2020-07-18 13:00:00,496.9039583333333
2020-07-18 14:00:00,557.3542361111112
2020-07-18 15:00:00,568.7376736111111
2020-07-18 16:00:00,565.8140277777778
2020-07-18 17:00:00,495.3361111111111
2020-07-18 18:00:00,646.00375
2020-07-18 19:00:00,843.0154166666666
2020-07-18 20:00:00,846.4215277777778
2020-07-18 21:00:00,842.994375
2020-07-18 22:00:00,824.1864583333333
2020-07-18 23:00:00,834.0390972222223
2020-07-19 00:00:00,837.8038888888889
2020-07-19 01:00:00,839.1425
2020-07-19 02:00:00,840.1261111111111
2020-07-19 03:00:00,838.54125
2020-07-19 04:00:00,1212.275
2020-07-19 05:00:00,2768.1716666666666
2020-07-19 06:00:00,1067.40125
2020-07-19 07:00:00,595.593125
2020-07-19 08:00:00,512.1186805555556
2020-07-19 09:00:00,597.42375
2020-07-19 10:00:00,612.1040277777778
2020-07-19 11:00:00,570.9747222222222
2020-07-19 12:00:00,572.6161111111111
2020-07-19 13:00:00,498.52520833333335
2020-07-19 14:00:00,523.4055208333333
2020-07-19 15:00:00,565.5752083333333
2020-07-19 16:00:00,563.2997916666667
2020-07-19 17:00:00,559.8311458333334
2020-07-19 18:00:00,608.4148611111111
2020-07-19 19:00:00,822.8638888888889
2020-07-19 20:00:00,822.5575
2020-07-19 21:00:00,831.2883333333333
2020-07-19 22:00:00,835.0284027777777
2020-07-19 23:00:00,837.0677777777778
2020-07-20 00:00:00,836.3508333333333
2020-07-20 01:00:00,834.8977777777778
2020-07-20 02:00:00,823.9902083333334
2020-07-20 03:00:00,1904.2155555555555
2020-07-20 04:00:00,2345.761111111111
2020-07-20 05:00:00,3126.53
2020-07-20 06:00:00,4100.92
2020-07-20 07:00:00,2651.9222222222224
2020-07-20 08:00:00,2632.3519444444446
2020-07-20 09:00:00,2617.8859722222223
2020-07-20 10:00:00,3222.4066666666668
2020-07-20 11:00:00,2815.5022222222224
2020-07-20 12:00:00,3091.8161111111112
2020-07-20 13:00:00,390.36625
2020-07-20 14:00:00,444.69375
2020-07-20 15:00:00,446.4070138888889
2020-07-20 16:00:00,444.9684375
2020-07-20 17:00:00,424.7055555555556
2020-07-20 18:00:00,436.77666666666664
2020-07-20 19:00:00,594.8261805555555
2020-07-20 20:00:00,616.5755555555555
2020-07-20 21:00:00,609.5406944444444
2020-07-20 22:00:00,598.6907638888889
2020-07-20 23:00:00,596.0853472222223
2020-07-21 00:00:00,587.0943055555556
2020-07-21 01:00:00,583.8906944444444
2020-07-21 02:00:00,580.8763541666667
2020-07-21 03:00:00,700.9747916666666
2020-07-21 04:00:00,2301.8683333333333
2020-07-21 05:00:00,3128.3405555555555
2020-07-21 06:00:00,3392.146388888889
2020-07-21 07:00:00,2622.0172222222222
2020-07-21 08:00:00,1685.7752777777778
2020-07-21 09:00:00,1639.6344444444444
2020-07-21 10:00:00,2274.7316666666666
2020-07-21 11:00:00,818.8415277777777
2020-07-21 12:00:00,571.1128472222222
2020-07-21 13:00:00,476.53180555555554
2020-07-21 14:00:00,570.2797222222222
2020-07-21 15:00:00,572.2664930555555
2020-07-21 16:00:00,570.0153125
2020-07-21 17:00:00,541.5094444444444
2020-07-21 18:00:00,559.1710416666666
2020-07-21 19:00:00,788.1
2020-07-21 20:00:00,830.8456944444445
2020-07-21 21:00:00,835.1586805555555
2020-07-21 22:00:00,828.2895833333333
2020-07-21 23:00:00,831.8352777777778
2020-07-22 00:00:00,833.7529166666667
2020-07-22 01:00:00,834.0998611111111
2020-07-22 02:00:00,828.4788888888888
2020-07-22 03:00:00,940.0138888888889
2020-07-22 04:00:00,2232.8634722222223
2020-07-22 05:00:00,3356.173888888889
2020-07-22 06:00:00,3406.4041666666667
2020-07-22 07:00:00,3579.411111111111
2020-07-22 08:00:00,3387.951666666667
2020-07-22 09:00:00,4057.3416666666667
2020-07-22 10:00:00,3372.235833333333
2020-07-22 11:00:00,2707.8994444444443
2020-07-22 12:00:00,2779.268611111111
2020-07-22 13:00:00,1501.9754166666667
2020-07-22 14:00:00,572.3825347222222
2020-07-22 15:00:00,568.9443055555555
2020-07-22 16:00:00,557.9686805555556
2020-07-22 17:00:00,613.9322222222222
2020-07-22 18:00:00,825.4719444444445
2020-07-22 19:00:00,829.5421527777778
2020-07-22 20:00:00,838.255
2020-07-22 21:00:00,829.9802083333333
2020-07-22 22:00:00,829.7066666666667
2020-07-22 23:00:00,841.0038888888889
2020-07-23 00:00:00,840.2302777777778
2020-07-23 01:00:00,846.4875
2020-07-23 02:00:00,839.3904861111112
2020-07-23 03:00:00,2053.3797222222224
2020-07-23 04:00:00,2323.2430555555557
2020-07-23 05:00:00,3876.2238888888887
2020-07-23 06:00:00,2549.43
2020-07-23 07:00:00,2400.012777777778
2020-07-23 08:00:00,2302.802777777778
2020-07-23 09:00:00,2416.9825
2020-07-23 10:00:00,2199.2702777777777
2020-07-23 11:00:00,2245.68
2020-07-23 12:00:00,893.4029166666667
2020-07-23 13:00:00,548.1383680555556
2020-07-23 14:00:00,575.5614930555555
2020-07-23 15:00:00,571.9323611111112
2020-07-23 16:00:00,561.6228472222223
2020-07-23 17:00:00,583.2732638888889
2020-07-23 18:00:00,824.0554166666667
2020-07-23 19:00:00,833.6891666666667
2020-07-23 20:00:00,838.5902777777778
2020-07-23 21:00:00,838.8572916666667
2020-07-23 22:00:00,842.7461111111111
2020-07-23 23:00:00,847.1638888888889
2020-07-24 00:00:00,842.3909722222222
2020-07-24 01:00:00,824.4705555555555
2020-07-24 02:00:00,827.7825
2020-07-24 03:00:00,980.8570833333333
2020-07-24 04:00:00,3445.7025
2020-07-24 05:00:00,5022.927222222223
2020-07-24 06:00:00,3216.6375
2020-07-24 07:00:00,2579.7966666666666
2020-07-24 08:00:00,2627.507777777778
2020-07-24 09:00:00,2668.5197222222223
2020-07-24 10:00:00,2737.8263888888887
2020-07-24 11:00:00,2691.44
2020-07-24 12:00:00,573.4386111111111
2020-07-24 13:00:00,545.3123611111112
2020-07-24 14:00:00,616.8395833333333
2020-07-24 15:00:00,559.2809027777778
2020-07-24 16:00:00,559.453125
2020-07-24 17:00:00,554.8500694444444
2020-07-24 18:00:00,803.3156944444445
2020-07-24 19:00:00,831.6993055555556
2020-07-24 20:00:00,832.2852083333333
2020-07-24 21:00:00,850.7104166666667
2020-07-24 22:00:00,842.8076388888888
2020-07-24 23:00:00,847.3802777777778
2020-07-25 00:00:00,838.42125
2020-07-25 01:00:00,837.1625
2020-07-25 02:00:00,835.9083333333333
2020-07-25 03:00:00,1048.8131944444444
2020-07-25 04:00:00,2509.8527777777776
2020-07-25 05:00:00,2959.715
2020-07-25 06:00:00,1837.58125
2020-07-25 07:00:00,567.6975347222223
2020-07-25 08:00:00,571.9129861111111
2020-07-25 09:00:00,576.8234375
2020-07-25 10:00:00,572.3174652777777
2020-07-25 11:00:00,572.4832638888889
2020-07-25 12:00:00,574.6870486111111
2020-07-25 13:00:00,569.0440972222223
2020-07-25 14:00:00,556.9679861111111
2020-07-25 15:00:00,566.474375
2020-07-25 16:00:00,566.1519444444444
2020-07-25 17:00:00,564.428125
2020-07-25 18:00:00,697.8284722222222
2020-07-25 19:00:00,846.5086111111111
2020-07-25 20:00:00,857.3418055555555
2020-07-25 21:00:00,843.2151388888889
2020-07-25 22:00:00,840.7134027777778
2020-07-25 23:00:00,843.3018055555556
2020-07-26 00:00:00,840.2731944444445
2020-07-26 01:00:00,842.2345833333334
2020-07-26 02:00:00,835.6168055555555
2020-07-26 03:00:00,1160.7972222222222
2020-07-26 04:00:00,2894.7244444444445
2020-07-26 05:00:00,3554.3372222222224
2020-07-26 06:00:00,3778.8941666666665
2020-07-26 07:00:00,571.3716319444444
2020-07-26 08:00:00,569.0953472222222
2020-07-26 09:00:00,578.7919444444444
2020-07-26 10:00:00,579.3340625
2020-07-26 11:00:00,589.1384722222223
2020-07-26 12:00:00,584.8988888888889
2020-07-26 13:00:00,554.6806597222222
2020-07-26 14:00:00,558.5334722222223
2020-07-26 15:00:00,575.3964583333334
2020-07-26 16:00:00,572.9623611111111
2020-07-26 17:00:00,568.5364930555555
2020-07-26 18:00:00,562.3330208333333
2020-07-26 19:00:00,792.5995833333334
2020-07-26 20:00:00,820.1288194444444
2020-07-26 21:00:00,827.7951388888889
2020-07-26 22:00:00,838.7197222222222
2020-07-26 23:00:00,839.2369444444445
2020-07-27 00:00:00,837.1108333333333
2020-07-27 01:00:00,830.8586805555556
2020-07-27 02:00:00,823.0581944444444
2020-07-27 03:00:00,2222.267638888889
2020-07-27 04:00:00,2823.3958333333335
2020-07-27 05:00:00,2701.2880555555557
2020-07-27 06:00:00,2982.515
2020-07-27 07:00:00,2410.157777777778
2020-07-27 08:00:00,2243.851111111111
2020-07-27 09:00:00,2056.680138888889
2020-07-27 10:00:00,2382.224722222222
2020-07-27 11:00:00,1895.1927777777778
2020-07-27 12:00:00,534.9725347222222
2020-07-27 13:00:00,504.365
2020-07-27 14:00:00,529.0150347222223
2020-07-27 15:00:00,536.6635763888889
2020-07-27 16:00:00,532.2035416666666
2020-07-27 17:00:00,665.1409027777778
2020-07-27 18:00:00,764.0270833333333
2020-07-27 19:00:00,814.0554166666667
2020-07-27 20:00:00,811.9788888888888
2020-07-27 21:00:00,812.5398611111111
2020-07-27 22:00:00,798.4994444444444
2020-07-27 23:00:00,801.2522916666667
2020-07-28 00:00:00,800.5438194444445
2020-07-28 01:00:00,815.0467361111112
2020-07-28 02:00:00,815.5534027777778
2020-07-28 03:00:00,839.0236111111111
2020-07-28 04:00:00,3583.5716666666667
2020-07-28 05:00:00,4553.539722222222
2020-07-28 06:00:00,2721.123888888889
2020-07-28 07:00:00,2656.911666666667
2020-07-28 08:00:00,2541.148888888889
2020-07-28 09:00:00,2806.365
2020-07-28 10:00:00,2786.275
2020-07-28 11:00:00,2752.4088888888887
2020-07-28 12:00:00,1805.6469444444444
2020-07-28 13:00:00,1760.8234722222223
2020-07-28 14:00:00,1816.4905555555556
2020-07-28 15:00:00,1885.8627777777779
2020-07-28 16:00:00,1862.8976388888889
2020-07-28 17:00:00,1853.0466666666666
2020-07-28 18:00:00,1937.4683333333332
2020-07-28 19:00:00,2086.1097222222224
2020-07-28 20:00:00,2076.886388888889
2020-07-28 21:00:00,2142.0375
2020-07-28 22:00:00,2112.9045833333334
2020-07-28 23:00:00,2119.485
2020-07-29 00:00:00,2104.8269444444445
2020-07-29 01:00:00,2076.0777777777776
2020-07-29 02:00:00,2065.8733333333334
2020-07-29 03:00:00,2184.29375
2020-07-29 04:00:00,2589.6677777777777
2020-07-29 05:00:00,3476.853888888889
2020-07-29 06:00:00,3175.5333333333333
2020-07-29 07:00:00,3216.3
2020-07-29 08:00:00,3233.9691666666668
2020-07-29 09:00:00,4728.97
2020-07-29 10:00:00,2697.676388888889
2020-07-29 11:00:00,572.3952777777778
2020-07-29 12:00:00,568.5637847222222
2020-07-29 13:00:00,535.1265972222222
2020-07-29 14:00:00,551.4002083333334
2020-07-29 15:00:00,564.4877083333333
2020-07-29 16:00:00,560.3792361111111
2020-07-29 17:00:00,557.0098611111111
2020-07-29 18:00:00,588.2618055555556
2020-07-29 19:00:00,829.0796527777778
2020-07-29 20:00:00,845.9167361111112
2020-07-29 21:00:00,825.5436111111111
2020-07-29 22:00:00,830.8463888888889
2020-07-29 23:00:00,844.154375
2020-07-30 00:00:00,847.8714583333333
2020-07-30 01:00:00,852.6557638888889
2020-07-30 02:00:00,846.4886111111111
2020-07-30 03:00:00,2058.8722222222223
2020-07-30 04:00:00,2096.907361111111
2020-07-30 05:00:00,3207.5405555555553
2020-07-30 06:00:00,2635.5391666666665
2020-07-30 07:00:00,2208.0755555555556
2020-07-30 08:00:00,2144.6613888888887
2020-07-30 09:00:00,2106.2702777777777
2020-07-30 10:00:00,2170.9869444444444
2020-07-30 11:00:00,2264.659722222222
2020-07-30 12:00:00,2434.2205555555556
2020-07-30 13:00:00,2838.6
2020-07-30 14:00:00,2041.52625
2020-07-30 15:00:00,1017.2888194444445
2020-07-30 16:00:00,1019.0747916666667
2020-07-30 17:00:00,791.6194444444444
2020-07-30 18:00:00,619.7883333333333
2020-07-30 19:00:00,820.1246527777778
2020-07-30 20:00:00,829.7304166666667
2020-07-30 21:00:00,843.7333333333333
2020-07-30 22:00:00,838.6498611111111
2020-07-30 23:00:00,845.66625
2020-07-31 00:00:00,844.6918055555556
2020-07-31 01:00:00,841.430625
2020-07-31 02:00:00,839.7110416666667
2020-07-31 03:00:00,1166.503611111111
2020-07-31 04:00:00,2311.130277777778
2020-07-31 05:00:00,2885.3488888888887
2020-07-31 06:00:00,2708.447777777778
2020-07-31 07:00:00,2749.4816666666666
2020-07-31 08:00:00,2715.7877777777776
2020-07-31 09:00:00,3153.5208333333335
2020-07-31 10:00:00,3427.4783333333335
2020-07-31 11:00:00,3470.1419444444446
2020-07-31 12:00:00,3584.4205555555554
2020-07-31 13:00:00,2167.88125
2020-07-31 14:00:00,1859.2713888888889
2020-07-31 15:00:00,1862.806111111111
2020-07-31 16:00:00,1846.9956944444446
2020-07-31 17:00:00,1391.4356944444444
2020-07-31 18:00:00,1193.0466666666666
2020-07-31 19:00:00,1441.3455555555556
2020-07-31 20:00:00,1241.785138888889
2020-07-31 21:00:00,980.7541666666667
2020-07-31 22:00:00,889.4583333333334
2020-07-31 23:00:00,832.9550694444445
2020-08-01 00:00:00,834.8715277777778
2020-08-01 01:00:00,837.2659027777778
2020-08-01 02:00:00,836.0127777777777
2020-08-01 03:00:00,843.9998611111112
2020-08-01 04:00:00,2458.0430555555554
2020-08-01 05:00:00,4079.2425
2020-08-01 06:00:00,4948.326666666667
2020-08-01 07:00:00,1492.1929166666666
2020-08-01 08:00:00,618.546875
2020-08-01 09:00:00,975.7830555555555
2020-08-01 10:00:00,1155.3274305555556
2020-08-01 11:00:00,1220.161388888889
2020-08-01 12:00:00,1233.3094444444444
2020-08-01 13:00:00,1608.451388888889
2020-08-01 14:00:00,1836.6475
2020-08-01 15:00:00,1867.2083333333333
2020-08-01 16:00:00,1881.0823611111111
2020-08-01 17:00:00,1282.8030555555556
2020-08-01 18:00:00,1469.1883333333333
2020-08-01 19:00:00,1396.3034722222221
2020-08-01 20:00:00,1068.8240972222222
2020-08-01 21:00:00,906.7126388888889
2020-08-01 22:00:00,851.7958333333333
2020-08-01 23:00:00,854.471875
2020-08-02 00:00:00,836.8654861111111
2020-08-02 01:00:00,840.7764583333334
2020-08-02 02:00:00,845.840625
2020-08-02 03:00:00,841.8747916666666
2020-08-02 04:00:00,1231.6273611111112
2020-08-02 05:00:00,2044.6130555555555
2020-08-02 06:00:00,3050.843888888889
2020-08-02 07:00:00,1614.31375
2020-08-02 08:00:00,572.9162152777777
2020-08-02 09:00:00,712.3775
2020-08-02 10:00:00,882.445625
2020-08-02 11:00:00,990.8431944444444
2020-08-02 12:00:00,1231.4666666666667
2020-08-02 13:00:00,889.0672222222222
2020-08-02 14:00:00,562.5538194444445
2020-08-02 15:00:00,576.4857638888889
2020-08-02 16:00:00,574.3650694444444
2020-08-02 17:00:00,569.6955555555555
2020-08-02 18:00:00,589.7458333333333
2020-08-02 19:00:00,836.8908333333334
2020-08-02 20:00:00,840.9947916666666
2020-08-02 21:00:00,846.3283333333334
2020-08-02 22:00:00,849.9266666666666
2020-08-02 23:00:00,851.8874305555555
2020-08-03 00:00:00,849.57625
2020-08-03 01:00:00,848.0534027777778
2020-08-03 02:00:00,837.7764583333334
2020-08-03 03:00:00,1464.7745833333333
2020-08-03 04:00:00,2231.150277777778
2020-08-03 05:00:00,2549.7744444444443
2020-08-03 06:00:00,4944.662222222222
2020-08-03 07:00:00,2863.070833333333
2020-08-03 08:00:00,2724.3616666666667
2020-08-03 09:00:00,2744.8088888888888
2020-08-03 10:00:00,2747.5094444444444
2020-08-03 11:00:00,2719.3302777777776
2020-08-03 12:00:00,2059.7527777777777
2020-08-03 13:00:00,911.4319444444444
2020-08-03 14:00:00,559.3703125
2020-08-03 15:00:00,564.4509027777777
2020-08-03 16:00:00,558.3622222222223
2020-08-03 17:00:00,592.8849305555556
2020-08-03 18:00:00,818.3570833333333
2020-08-03 19:00:00,838.2390277777778
2020-08-03 20:00:00,841.0584027777778
2020-08-03 21:00:00,844.1497222222222
2020-08-03 22:00:00,840.8009722222222
2020-08-03 23:00:00,826.0151388888889
2020-08-04 00:00:00,830.8205555555555
2020-08-04 01:00:00,832.7495833333334
2020-08-04 02:00:00,830.0265277777778
2020-08-04 03:00:00,820.9108333333334
2020-08-04 04:00:00,905.3522916666667
2020-08-04 05:00:00,4317.6577777777775
2020-08-04 06:00:00,4257.86
2020-08-04 07:00:00,4527.516111111111
2020-08-04 08:00:00,3170.8744444444446
2020-08-04 09:00:00,3840.541111111111
2020-08-04 10:00:00,3036.7891666666665
2020-08-04 11:00:00,1309.2840277777777
2020-08-04 12:00:00,567.228125
2020-08-04 13:00:00,536.3782291666666
2020-08-04 14:00:00,562.0403472222222
2020-08-04 15:00:00,574.7594444444444
2020-08-04 16:00:00,556.1065625
2020-08-04 17:00:00,522.4390972222222
2020-08-04 18:00:00,662.2377083333333
2020-08-04 19:00:00,825.3347222222222
2020-08-04 20:00:00,836.0854861111111
2020-08-04 21:00:00,831.3805555555556
2020-08-04 22:00:00,831.8763888888889
2020-08-04 23:00:00,824.6159722222222
2020-08-05 00:00:00,850.9000694444444
2020-08-05 01:00:00,844.9591666666666
2020-08-05 02:00:00,843.3683333333333
2020-08-05 03:00:00,830.6882638888889
2020-08-05 04:00:00,2024.4540277777778
2020-08-05 05:00:00,2241.4655555555555
2020-08-05 06:00:00,4076.0855555555554
2020-08-05 07:00:00,3375.597222222222
2020-08-05 08:00:00,2923.403888888889
2020-08-05 09:00:00,2548.1188888888887
2020-08-05 10:00:00,2109.5508333333332
2020-08-05 11:00:00,2465.8908333333334
2020-08-05 12:00:00,1226.5747222222221
2020-08-05 13:00:00,1175.9145833333334
2020-08-05 14:00:00,1208.390138888889
2020-08-05 15:00:00,1227.1806944444445
2020-08-05 16:00:00,1210.391111111111
2020-08-05 17:00:00,1149.8130555555556
2020-08-05 18:00:00,1213.5745833333333
2020-08-05 19:00:00,866.4504166666667
2020-08-05 20:00:00,827.2652777777778
2020-08-05 21:00:00,821.9604166666667
2020-08-05 22:00:00,840.1881944444444
2020-08-05 23:00:00,841.9884722222222
2020-08-06 00:00:00,842.2129166666666
2020-08-06 01:00:00,840.150625
2020-08-06 02:00:00,832.67125
2020-08-06 03:00:00,1367.2177777777779
2020-08-06 04:00:00,2667.3575
2020-08-06 05:00:00,2477.322777777778
2020-08-06 06:00:00,2938.31
2020-08-06 07:00:00,2646.9905555555556
2020-08-06 08:00:00,2707.7672222222222
2020-08-06 09:00:00,3502.412222222222
2020-08-06 10:00:00,3522.5758333333333
2020-08-06 11:00:00,3373.9544444444446
2020-08-06 12:00:00,2932.913611111111
2020-08-06 13:00:00,1184.21125
2020-08-06 14:00:00,1208.5925
2020-08-06 15:00:00,1233.8730555555555
2020-08-06 16:00:00,1216.3191666666667
2020-08-06 17:00:00,1156.9818055555556
2020-08-06 18:00:00,1248.4521527777779
2020-08-06 19:00:00,1464.3422222222223
2020-08-06 20:00:00,1114.9446527777777
2020-08-06 21:00:00,829.7650694444444
2020-08-06 22:00:00,843.5197222222222
2020-08-06 23:00:00,845.3622222222223
2020-08-07 00:00:00,841.31125
2020-08-07 01:00:00,839.2433333333333
2020-08-07 02:00:00,839.2877777777778
2020-08-07 03:00:00,827.7727777777778
2020-08-07 04:00:00,2209.0543055555554
2020-08-07 05:00:00,4159.322222222222
2020-08-07 06:00:00,4117.541111111111
2020-08-07 07:00:00,5240.051666666666
2020-08-07 08:00:00,4062.5138888888887
2020-08-07 09:00:00,3334.9805555555554
2020-08-07 10:00:00,3358.31
2020-08-07 11:00:00,1631.3766666666668
2020-08-07 12:00:00,1228.3951388888888
2020-08-07 13:00:00,1184.3947222222223
2020-08-07 14:00:00,1209.1543055555555
2020-08-07 15:00:00,1222.0725
2020-08-07 16:00:00,1206.8472222222222
2020-08-07 17:00:00,1149.1794444444445
2020-08-07 18:00:00,1256.6484722222222
2020-08-07 19:00:00,1474.153611111111
2020-08-07 20:00:00,1464.2233333333334
2020-08-07 21:00:00,1479.8673611111112
2020-08-07 22:00:00,1195.4347222222223
2020-08-07 23:00:00,877.0244444444445
2020-08-08 00:00:00,837.43
2020-08-08 01:00:00,841.4506944444445
2020-08-08 02:00:00,840.1209722222222
2020-08-08 03:00:00,835.8884722222223
2020-08-08 04:00:00,2311.0316666666668
2020-08-08 05:00:00,3395.0416666666665
2020-08-08 06:00:00,3516.9094444444445
2020-08-08 07:00:00,1537.3113888888888
2020-08-08 08:00:00,1180.151388888889
2020-08-08 09:00:00,1212.0734722222223
2020-08-08 10:00:00,1232.1776388888889
2020-08-08 11:00:00,1233.1561111111112
2020-08-08 12:00:00,1238.3931944444444
2020-08-08 13:00:00,1174.9452777777778
2020-08-08 14:00:00,1184.8101388888888
2020-08-08 15:00:00,1219.97375
2020-08-08 16:00:00,1210.9066666666668
2020-08-08 17:00:00,1156.9829166666666
2020-08-08 18:00:00,1330.1944444444443
2020-08-08 19:00:00,1469.9905555555556
2020-08-08 20:00:00,1477.2140277777778
2020-08-08 21:00:00,1490.5095833333332
2020-08-08 22:00:00,1490.4304166666666
2020-08-08 23:00:00,1477.6920833333334
2020-08-09 00:00:00,1482.5072222222223
2020-08-09 01:00:00,1221.9952777777778
2020-08-09 02:00:00,1091.6525
2020-08-09 03:00:00,1174.8469444444445
2020-08-09 04:00:00,3630.9661111111113
2020-08-09 05:00:00,2998.306111111111
2020-08-09 06:00:00,1751.4727777777778
2020-08-09 07:00:00,1213.7597222222223
2020-08-09 08:00:00,1182.7765277777778
2020-08-09 09:00:00,1237.9066666666668
2020-08-09 10:00:00,1235.0822222222223
2020-08-09 11:00:00,1224.2094444444444
2020-08-09 12:00:00,1220.74
2020-08-09 13:00:00,1167.925
2020-08-09 14:00:00,1168.9955555555555
2020-08-09 15:00:00,1219.3175
2020-08-09 16:00:00,1212.2581944444444
2020-08-09 17:00:00,1256.6916666666666
2020-08-09 18:00:00,1439.1704166666666
2020-08-09 19:00:00,1464.7794444444444
2020-08-09 20:00:00,1464.9205555555557
2020-08-09 21:00:00,1468.1627777777778
2020-08-09 22:00:00,1480.4355555555555
2020-08-09 23:00:00,1415.024861111111
2020-08-10 00:00:00,1133.4152777777779
2020-08-10 01:00:00,889.3597916666666
2020-08-10 02:00:00,908.7468055555555
2020-08-10 03:00:00,858.9588888888889
2020-08-10 04:00:00,1317.8538888888888
2020-08-10 05:00:00,2297.612777777778
2020-08-10 06:00:00,3041.067777777778
2020-08-10 07:00:00,3358.198888888889
2020-08-10 08:00:00,3185.616666666667
2020-08-10 09:00:00,3331.241666666667
2020-08-10 10:00:00,3359.128888888889
2020-08-10 11:00:00,3321.295
2020-08-10 12:00:00,2015.5890277777778
2020-08-10 13:00:00,1154.971388888889
2020-08-10 14:00:00,1163.1551388888888
2020-08-10 15:00:00,1216.5284722222223
2020-08-10 16:00:00,1210.285
2020-08-10 17:00:00,1155.645763888889
2020-08-10 18:00:00,1319.808611111111
2020-08-10 19:00:00,1456.1183333333333
2020-08-10 20:00:00,1477.3213888888888
2020-08-10 21:00:00,1474.1152777777777
2020-08-10 22:00:00,1469.901388888889
2020-08-10 23:00:00,1483.2723611111112
2020-08-11 00:00:00,1479.5258333333334
2020-08-11 01:00:00,1481.8377777777778
2020-08-11 02:00:00,1208.6241666666667
2020-08-11 03:00:00,1261.9330555555555
2020-08-11 04:00:00,1959.4008333333334
2020-08-11 05:00:00,2097.7008333333333
2020-08-11 06:00:00,2227.430138888889
2020-08-11 07:00:00,3066.6252777777777
2020-08-11 08:00:00,3523.766111111111
2020-08-11 09:00:00,4600.321111111111
2020-08-11 10:00:00,3294.558611111111
2020-08-11 11:00:00,3431.9733333333334
2020-08-11 12:00:00,1374.798888888889
2020-08-11 13:00:00,1167.8894444444445
2020-08-11 14:00:00,1166.5683333333334
2020-08-11 15:00:00,1213.173611111111
2020-08-11 16:00:00,1208.1475
2020-08-11 17:00:00,1146.3227777777777
2020-08-11 18:00:00,1380.9186111111112
2020-08-11 19:00:00,1475.8333333333333
2020-08-11 20:00:00,1478.9452777777778
2020-08-11 21:00:00,1471.0094444444444
2020-08-11 22:00:00,1479.8525
2020-08-11 23:00:00,1488.3794444444445
2020-08-12 00:00:00,1487.0533333333333
2020-08-12 01:00:00,1487.735138888889
2020-08-12 02:00:00,1485.2513888888889
2020-08-12 03:00:00,1473.9090277777777
2020-08-12 04:00:00,2502.9444444444443
2020-08-12 05:00:00,2485.7080555555553
2020-08-12 06:00:00,3576.3483333333334
2020-08-12 07:00:00,3914.8894444444445
2020-08-12 08:00:00,3162.351111111111
2020-08-12 09:00:00,2243.0994444444445
2020-08-12 10:00:00,2528.391111111111
2020-08-12 11:00:00,4017.006388888889
2020-08-12 12:00:00,1214.6421440972222
2020-08-12 13:00:00,1164.443611111111
2020-08-12 14:00:00,1173.6881944444444
2020-08-12 15:00:00,1208.8952777777777
2020-08-12 16:00:00,1199.1955555555555
2020-08-12 17:00:00,1149.873263888889
2020-08-12 18:00:00,1328.8920833333334
2020-08-12 19:00:00,1460.9455555555555
2020-08-12 20:00:00,1483.0020833333333
2020-08-12 21:00:00,1475.5145833333333
2020-08-12 22:00:00,1465.891388888889
2020-08-12 23:00:00,1482.212361111111
2020-08-13 00:00:00,1479.0581944444446
2020-08-13 01:00:00,1468.7716666666668
2020-08-13 02:00:00,1475.01375
2020-08-13 03:00:00,2515.7194444444444
2020-08-13 04:00:00,3177.636111111111
2020-08-13 05:00:00,2876.38
2020-08-13 06:00:00,3616.6305555555555
2020-08-13 07:00:00,3309.1305555555555
2020-08-13 08:00:00,3132.152777777778
2020-08-13 09:00:00,3327.55
2020-08-13 10:00:00,3377.387222222222
2020-08-13 11:00:00,3381.0216666666665
2020-08-13 12:00:00,3345.7175
2020-08-13 13:00:00,2336.4733333333334
2020-08-13 14:00:00,1170.9429166666666
2020-08-13 15:00:00,1202.8593055555555
2020-08-13 16:00:00,1195.8027777777777
2020-08-13 17:00:00,1144.2346527777777
2020-08-13 18:00:00,1399.3513888888888
2020-08-13 19:00:00,1477.3983333333333
2020-08-13 20:00:00,1470.8952777777777
2020-08-13 21:00:00,1454.643611111111
2020-08-13 22:00:00,1469.0045833333334
2020-08-13 23:00:00,1486.3594444444445
2020-08-14 00:00:00,1474.7434722222222
2020-08-14 01:00:00,1448.1540277777779
2020-08-14 02:00:00,1446.5641666666668
2020-08-14 03:00:00,1612.3752777777777
2020-08-14 04:00:00,3122.3772222222224
2020-08-14 05:00:00,3877.8783333333336
2020-08-14 06:00:00,3475.018888888889
2020-08-14 07:00:00,3524.753888888889
2020-08-14 08:00:00,3124.3830555555555
2020-08-14 09:00:00,3412.7705555555553
2020-08-14 10:00:00,2612.1644444444446
2020-08-14 11:00:00,1240.8423611111111
2020-08-14 12:00:00,1233.826111111111
2020-08-14 13:00:00,1173.1036111111111
2020-08-14 14:00:00,1172.8084722222222
2020-08-14 15:00:00,1404.017361111111
2020-08-14 16:00:00,1449.8765277777777
2020-08-14 17:00:00,1400.5951388888889
2020-08-14 18:00:00,1447.4161111111111
2020-08-14 19:00:00,1473.1469444444444
2020-08-14 20:00:00,1423.256388888889
2020-08-14 21:00:00,1419.2805555555556
2020-08-14 22:00:00,1200.8863888888889
2020-08-14 23:00:00,1191.6538888888888
2020-08-15 00:00:00,1274.7619444444445
2020-08-15 01:00:00,1161.0834027777778
2020-08-15 02:00:00,1197.1352777777777
2020-08-15 03:00:00,1144.256875
2020-08-15 04:00:00,2477.592777777778
2020-08-15 05:00:00,3172.8069444444445
2020-08-15 06:00:00,3267.2355555555555
2020-08-15 07:00:00,2121.777222222222
2020-08-15 08:00:00,1172.6415277777778
2020-08-15 09:00:00,1224.0302777777779
2020-08-15 10:00:00,1227.5377777777778
2020-08-15 11:00:00,1239.6822222222222
2020-08-15 12:00:00,1244.3991666666666
2020-08-15 13:00:00,1186.3127777777777
2020-08-15 14:00:00,1193.0
2020-08-15 15:00:00,1230.858888888889
2020-08-15 16:00:00,1237.736111111111
2020-08-15 17:00:00,1176.6722222222222
2020-08-15 18:00:00,1402.495
2020-08-15 19:00:00,1487.3908333333334
2020-08-15 20:00:00,1482.3847222222223
2020-08-15 21:00:00,1487.5452777777778
2020-08-15 22:00:00,1494.7409722222221
2020-08-15 23:00:00,1197.6130555555555
2020-08-16 00:00:00,1160.3899305555556
2020-08-16 01:00:00,1133.2933333333333
2020-08-16 02:00:00,997.1206944444444
2020-08-16 03:00:00,1194.5525
2020-08-16 04:00:00,1735.1225
2020-08-16 05:00:00,2327.9375
2020-08-16 06:00:00,3196.38
2020-08-16 07:00:00,2579.395
2020-08-16 08:00:00,1178.6808333333333
2020-08-16 09:00:00,1188.3519444444444
2020-08-16 10:00:00,1226.3319444444444
2020-08-16 11:00:00,1221.3329166666667
2020-08-16 12:00:00,1222.1209722222222
2020-08-16 13:00:00,1162.405
2020-08-16 14:00:00,1190.266388888889
2020-08-16 15:00:00,1222.83875
2020-08-16 16:00:00,1210.1977777777777
2020-08-16 17:00:00,1182.5533333333333
2020-08-16 18:00:00,1425.5583333333334
2020-08-16 19:00:00,1460.7177777777779
2020-08-16 20:00:00,1448.2926388888889
2020-08-16 21:00:00,1446.5127777777777
2020-08-16 22:00:00,1453.3255555555556
2020-08-16 23:00:00,1462.5547222222222
2020-08-17 00:00:00,1461.0608333333332
2020-08-17 01:00:00,1462.015
2020-08-17 02:00:00,1456.3
2020-08-17 03:00:00,1646.985138888889
2020-08-17 04:00:00,3001.530277777778
2020-08-17 05:00:00,3339.8977777777777
2020-08-17 06:00:00,2788.175277777778
2020-08-17 07:00:00,3608.8094444444446
2020-08-17 08:00:00,2525.9372222222223
2020-08-17 09:00:00,3244.458611111111
2020-08-17 10:00:00,3850.068333333333
2020-08-17 11:00:00,2180.5231944444445
2020-08-17 12:00:00,1785.5495833333334
2020-08-17 13:00:00,1690.4244444444444
2020-08-17 14:00:00,1787.9725
2020-08-17 15:00:00,1855.6576388888889
2020-08-17 16:00:00,1851.1529166666667
2020-08-17 17:00:00,1904.0731944444444
2020-08-17 18:00:00,2024.6765277777777
2020-08-17 19:00:00,2116.595138888889
2020-08-17 20:00:00,2091.62
2020-08-17 21:00:00,2108.619166666667
2020-08-17 22:00:00,2129.6897222222224
2020-08-17 23:00:00,2139.83875
2020-08-18 00:00:00,2153.0429166666668
2020-08-18 01:00:00,2098.6497222222224
2020-08-18 02:00:00,2052.032222222222
2020-08-18 03:00:00,2164.150833333333
2020-08-18 04:00:00,2727.0261111111113
2020-08-18 05:00:00,3707.6319444444443
2020-08-18 06:00:00,3610.88
2020-08-18 07:00:00,3254.9234375
2020-08-18 08:00:00,3109.501111111111
2020-08-18 09:00:00,2650.4861111111113
2020-08-18 10:00:00,2700.521111111111
2020-08-18 11:00:00,2178.702638888889
2020-08-18 12:00:00,576.1943402777778
2020-08-18 13:00:00,538.6881944444444
2020-08-18 14:00:00,546.60375
2020-08-18 15:00:00,555.3484375
2020-08-18 16:00:00,556.8717361111111
2020-08-18 17:00:00,540.0844791666667
2020-08-18 18:00:00,713.2775
2020-08-18 19:00:00,831.5159722222222
2020-08-18 20:00:00,844.4701388888889
2020-08-18 21:00:00,839.3818055555555
2020-08-18 22:00:00,825.0193055555555
2020-08-18 23:00:00,822.7318055555555
2020-08-19 00:00:00,826.7443055555556
2020-08-19 01:00:00,828.1200694444444
2020-08-19 02:00:00,819.1825
2020-08-19 03:00:00,1029.0284027777777
2020-08-19 04:00:00,2365.170833333333
2020-08-19 05:00:00,2424.192777777778
2020-08-19 06:00:00,4071.3752777777777
2020-08-19 07:00:00,4212.331111111111
2020-08-19 08:00:00,3862.27
2020-08-19 09:00:00,4554.800833333334
2020-08-19 10:00:00,2773.7761111111113
2020-08-19 11:00:00,2579.3258333333333
2020-08-19 12:00:00,573.98625
2020-08-19 13:00:00,544.0439583333333
2020-08-19 14:00:00,561.1510069444445
2020-08-19 15:00:00,576.639375
2020-08-19 16:00:00,561.7122916666667
2020-08-19 17:00:00,596.2122222222222
2020-08-19 18:00:00,800.0570833333334
2020-08-19 19:00:00,837.0683333333334
2020-08-19 20:00:00,832.9313888888889
2020-08-19 21:00:00,840.9883333333333
2020-08-19 22:00:00,842.3031944444444
2020-08-19 23:00:00,825.9548611111111
2020-08-20 00:00:00,829.5438888888889
2020-08-20 01:00:00,844.871875
2020-08-20 02:00:00,833.0206944444444
2020-08-20 03:00:00,2158.611388888889
2020-08-20 04:00:00,2685.7305555555554
2020-08-20 05:00:00,3591.5291666666667
2020-08-20 06:00:00,4139.8388888888885
2020-08-20 07:00:00,4025.65
2020-08-20 08:00:00,3785.2425
2020-08-20 09:00:00,4017.0183333333334
2020-08-20 10:00:00,4159.402222222222
2020-08-20 11:00:00,3191.4844444444443
2020-08-20 12:00:00,905.6850694444445
2020-08-20 13:00:00,533.7525
2020-08-20 14:00:00,532.4626388888889
2020-08-20 15:00:00,558.9557986111112
2020-08-20 16:00:00,735.39375
2020-08-20 17:00:00,527.3878472222223
2020-08-20 18:00:00,800.1008333333333
2020-08-20 19:00:00,826.6902777777777
2020-08-20 20:00:00,830.7772222222222
2020-08-20 21:00:00,844.0556944444445
2020-08-20 22:00:00,833.4540277777778
2020-08-20 23:00:00,816.7859027777778
2020-08-21 00:00:00,835.7665277777778
2020-08-21 01:00:00,840.8861111111111
2020-08-21 02:00:00,835.1852777777777
2020-08-21 03:00:00,1068.4931944444445
2020-08-21 04:00:00,2689.217222222222
2020-08-21 05:00:00,3015.498888888889
2020-08-21 06:00:00,4532.422777777778
2020-08-21 07:00:00,4247.883055555556
2020-08-21 08:00:00,5331.032222222222
2020-08-21 09:00:00,4722.112222222222
2020-08-21 10:00:00,1282.9172222222223
2020-08-21 11:00:00,541.2395138888888
2020-08-21 12:00:00,565.4507638888889
2020-08-21 13:00:00,566.735625
2020-08-21 14:00:00,576.8929861111111
2020-08-21 15:00:00,564.1907638888889
2020-08-21 16:00:00,557.2054166666667
2020-08-21 17:00:00,562.1382638888889
2020-08-21 18:00:00,761.1918055555556
2020-08-21 19:00:00,836.4075
2020-08-21 20:00:00,822.7205555555555
2020-08-21 21:00:00,830.6888888888889
2020-08-21 22:00:00,834.4955555555556
2020-08-21 23:00:00,847.5984722222222
2020-08-22 00:00:00,845.9971527777777
2020-08-22 01:00:00,835.1466666666666
2020-08-22 02:00:00,819.3909722222222
2020-08-22 03:00:00,1104.2019444444445
2020-08-22 04:00:00,2437.3894444444445
2020-08-22 05:00:00,2357.2863888888887
2020-08-22 06:00:00,2371.0816666666665
2020-08-22 07:00:00,2193.729027777778
2020-08-22 08:00:00,1022.85375
2020-08-22 09:00:00,539.0728472222222
2020-08-22 10:00:00,557.1213888888889
2020-08-22 11:00:00,574.83875
2020-08-22 12:00:00,575.141875
2020-08-22 13:00:00,606.2529166666667
2020-08-22 14:00:00,574.5470833333334
2020-08-22 15:00:00,821.7920833333334
2020-08-22 16:00:00,834.6840277777778
2020-08-22 17:00:00,579.5372916666666
2020-08-22 18:00:00,717.8265277777778
2020-08-22 19:00:00,840.3333333333334
2020-08-22 20:00:00,846.5166666666667
2020-08-22 21:00:00,849.5798611111111
2020-08-22 22:00:00,843.6675694444444
2020-08-22 23:00:00,837.009375
2020-08-23 00:00:00,834.6770833333334
2020-08-23 01:00:00,827.7671527777778
2020-08-23 02:00:00,841.4135416666667
2020-08-23 03:00:00,1042.069375
2020-08-23 04:00:00,2965.338888888889
2020-08-23 05:00:00,2265.6359722222223
2020-08-23 06:00:00,2122.2118055555557
2020-08-23 07:00:00,572.1026041666667
2020-08-23 08:00:00,538.1084722222222
2020-08-23 09:00:00,562.7795833333333
2020-08-23 10:00:00,565.6474305555555
2020-08-23 11:00:00,571.6338194444445
2020-08-23 12:00:00,569.739375
2020-08-23 13:00:00,588.9540972222222
2020-08-23 14:00:00,599.6865277777778
2020-08-23 15:00:00,552.25625
2020-08-23 16:00:00,567.0995138888889
2020-08-23 17:00:00,571.9964583333333
2020-08-23 18:00:00,742.3411805555555
2020-08-23 19:00:00,845.2661805555556
2020-08-23 20:00:00,842.7338888888889
2020-08-23 21:00:00,842.1327777777777
2020-08-23 22:00:00,841.2418055555555
2020-08-23 23:00:00,847.5191666666667
2020-08-24 00:00:00,849.3970833333333
2020-08-24 01:00:00,853.7772916666667
2020-08-24 02:00:00,846.523125
2020-08-24 03:00:00,2109.368611111111
2020-08-24 04:00:00,3796.0030555555554
2020-08-24 05:00:00,4131.0425
2020-08-24 06:00:00,5235.858333333334
2020-08-24 07:00:00,4447.38
2020-08-24 08:00:00,2532.1575
2020-08-24 09:00:00,2474.1194444444445
2020-08-24 10:00:00,2752.5205555555553
2020-08-24 11:00:00,2649.4494444444445
2020-08-24 12:00:00,2684.4352777777776
2020-08-24 13:00:00,2509.456111111111
2020-08-24 14:00:00,2276.683472222222
2020-08-24 15:00:00,558.3919444444444
2020-08-24 16:00:00,564.6253819444445
2020-08-24 17:00:00,533.2949652777778
2020-08-24 18:00:00,744.4698611111111
2020-08-24 19:00:00,843.4336111111111
2020-08-24 20:00:00,849.6804861111111
2020-08-24 21:00:00,831.2313888888889
2020-08-24 22:00:00,830.1298611111112
2020-08-24 23:00:00,828.3697916666666
2020-08-25 00:00:00,832.9076388888889
2020-08-25 01:00:00,831.0800694444445
2020-08-25 02:00:00,828.5018055555555
2020-08-25 03:00:00,1029.4746527777777
2020-08-25 04:00:00,2373.495
2020-08-25 05:00:00,3147.4430555555555
2020-08-25 06:00:00,5074.196111111111
2020-08-25 07:00:00,5109.204444444445
2020-08-25 08:00:00,4283.996388888889
2020-08-25 09:00:00,4786.074444444444
2020-08-25 10:00:00,4481.269166666667
2020-08-25 11:00:00,1540.148888888889
2020-08-25 12:00:00,570.5328819444444
2020-08-25 13:00:00,533.2930555555556
2020-08-25 14:00:00,641.8372222222222
2020-08-25 15:00:00,718.5641666666667
2020-08-25 16:00:00,647.4847222222222
2020-08-25 17:00:00,804.6861111111111
2020-08-25 18:00:00,837.4986111111111
2020-08-25 19:00:00,849.1555555555556
2020-08-25 20:00:00,853.1618055555556
2020-08-25 21:00:00,855.3705555555556
2020-08-25 22:00:00,843.42375
2020-08-25 23:00:00,831.544375
2020-08-26 00:00:00,833.8666666666667
2020-08-26 01:00:00,829.8433333333334
2020-08-26 02:00:00,847.8761805555556
2020-08-26 03:00:00,1046.5236805555555
2020-08-26 04:00:00,2673.8819444444443
2020-08-26 05:00:00,2630.1613888888887
2020-08-26 06:00:00,2463.0405555555553
2020-08-26 07:00:00,3417.345
2020-08-26 08:00:00,3778.488888888889
2020-08-26 09:00:00,3420.952222222222
2020-08-26 10:00:00,2561.192777777778
2020-08-26 11:00:00,2222.7808333333332
2020-08-26 12:00:00,2698.3430555555556
2020-08-26 13:00:00,2687.507222222222
2020-08-26 14:00:00,1986.4141666666667
2020-08-26 15:00:00,573.1253472222222
2020-08-26 16:00:00,630.81875
2020-08-26 17:00:00,831.4390972222222
2020-08-26 18:00:00,832.0370833333334
2020-08-26 19:00:00,848.88375
2020-08-26 20:00:00,846.6183333333333
2020-08-26 21:00:00,850.9350694444445
2020-08-26 22:00:00,848.1134722222222
2020-08-26 23:00:00,855.4645138888889
2020-08-27 00:00:00,853.6236111111111
2020-08-27 01:00:00,855.1845833333333
2020-08-27 02:00:00,844.1136111111111
2020-08-27 03:00:00,2442.8083333333334
2020-08-27 04:00:00,5052.013888888889
2020-08-27 05:00:00,4694.709444444445
2020-08-27 06:00:00,4645.470555555556
2020-08-27 07:00:00,5197.173333333333
2020-08-27 08:00:00,5248.099444444444
2020-08-27 09:00:00,5012.342777777778
2020-08-27 10:00:00,5067.777777777777
2020-08-27 11:00:00,4916.872222222222
2020-08-27 12:00:00,2542.06
2020-08-27 13:00:00,560.096875
2020-08-27 14:00:00,563.0699652777778
2020-08-27 15:00:00,565.8174305555556
2020-08-27 16:00:00,559.7433333333333
2020-08-27 17:00:00,700.4352777777777
2020-08-27 18:00:00,818.2307638888889
2020-08-27 19:00:00,833.0052777777778
2020-08-27 20:00:00,782.4953472222222
2020-08-27 21:00:00,795.665
2020-08-27 22:00:00,795.4176388888889
2020-08-27 23:00:00,848.9575
2020-08-28 00:00:00,851.5401388888889
2020-08-28 01:00:00,836.4597916666667
2020-08-28 02:00:00,832.7966666666666
2020-08-28 03:00:00,1000.2930555555556
2020-08-28 04:00:00,2706.3425
2020-08-28 05:00:00,3880.2144444444443
2020-08-28 06:00:00,4029.9183333333335
2020-08-28 07:00:00,3871.8244444444445
2020-08-28 08:00:00,3171.1244444444446
2020-08-28 09:00:00,3156.653888888889
2020-08-28 10:00:00,4095.652222222222
2020-08-28 11:00:00,3368.1225
2020-08-28 12:00:00,1111.314513888889
2020-08-28 13:00:00,537.9745138888889
2020-08-28 14:00:00,546.2247916666666
2020-08-28 15:00:00,564.0000347222223
2020-08-28 16:00:00,564.3192361111111
2020-08-28 17:00:00,617.1488194444445
2020-08-28 18:00:00,805.7438888888889
2020-08-28 19:00:00,836.2036111111111
2020-08-28 20:00:00,831.1938194444444
2020-08-28 21:00:00,841.3374305555556
2020-08-28 22:00:00,848.4681944444444
2020-08-28 23:00:00,832.6345138888889
2020-08-29 00:00:00,832.9911805555555
2020-08-29 01:00:00,838.2281944444444
2020-08-29 02:00:00,846.555
2020-08-29 03:00:00,849.6023611111111
2020-08-29 04:00:00,2613.616111111111
2020-08-29 05:00:00,4075.023888888889
2020-08-29 06:00:00,4938.125
2020-08-29 07:00:00,1317.2041666666667
2020-08-29 08:00:00,538.0399305555555
2020-08-29 09:00:00,545.0786111111111
2020-08-29 10:00:00,572.9095138888889
2020-08-29 11:00:00,573.9577083333334
2020-08-29 12:00:00,579.2312847222222
2020-08-29 13:00:00,542.7155902777778
2020-08-29 14:00:00,554.8179861111112
2020-08-29 15:00:00,548.5377777777778
2020-08-29 16:00:00,574.8050694444445
2020-08-29 17:00:00,760.3517361111111
2020-08-29 18:00:00,805.4622222222222
2020-08-29 19:00:00,846.7726388888889
2020-08-29 20:00:00,853.3902777777778
2020-08-29 21:00:00,852.1827430555555
2020-08-29 22:00:00,845.34
2020-08-29 23:00:00,853.3370833333333
2020-08-30 00:00:00,850.03625
2020-08-30 01:00:00,859.3267361111111
2020-08-30 02:00:00,858.0394444444445
2020-08-30 03:00:00,855.0394444444445
2020-08-30 04:00:00,1653.8331944444444
2020-08-30 05:00:00,2176.3722222222223
2020-08-30 06:00:00,4515.842777777778
2020-08-30 07:00:00,3773.741111111111
2020-08-30 08:00:00,540.3147916666667
2020-08-30 09:00:00,549.1677083333333
2020-08-30 10:00:00,574.9660416666667
2020-08-30 11:00:00,577.4445486111111
2020-08-30 12:00:00,573.4310763888889
2020-08-30 13:00:00,539.3188888888889
2020-08-30 14:00:00,550.4795833333334
2020-08-30 15:00:00,547.7995833333333
2020-08-30 16:00:00,560.4150347222222
2020-08-30 17:00:00,690.2556944444444
2020-08-30 18:00:00,808.1709722222222
2020-08-30 19:00:00,830.1085416666666
2020-08-30 20:00:00,830.8070833333334
2020-08-30 21:00:00,822.6561111111112
2020-08-30 22:00:00,828.304375
2020-08-30 23:00:00,839.3190972222222
2020-08-31 00:00:00,839.9391666666667
2020-08-31 01:00:00,843.3279166666666
2020-08-31 02:00:00,843.1295833333334
2020-08-31 03:00:00,1511.8240277777777
2020-08-31 04:00:00,2833.7302777777777
2020-08-31 05:00:00,2331.9766666666665
2020-08-31 06:00:00,2836.653888888889
2020-08-31 07:00:00,2155.8641666666667
2020-08-31 08:00:00,4424.315833333333
2020-08-31 09:00:00,4976.981111111111
2020-08-31 10:00:00,5522.118888888889
2020-08-31 11:00:00,5302.635555555556
2020-08-31 12:00:00,690.0586111111111
2020-08-31 13:00:00,535.4354861111111
2020-08-31 14:00:00,544.1579861111111
2020-08-31 15:00:00,598.3085416666667
2020-08-31 16:00:00,553.7301388888889
2020-08-31 17:00:00,552.335625
2020-08-31 18:00:00,790.1315277777778
2020-08-31 19:00:00,830.7166666666667
2020-08-31 20:00:00,836.1236111111111
2020-08-31 21:00:00,844.1356944444444
2020-08-31 22:00:00,848.7553472222222
2020-08-31 23:00:00,825.5768055555556
2020-09-01 00:00:00,825.7702083333334
2020-09-01 01:00:00,826.9540277777778
2020-09-01 02:00:00,822.6754166666667
2020-09-01 03:00:00,946.7109722222223
2020-09-01 04:00:00,2706.3713888888888
2020-09-01 05:00:00,3529.658611111111
2020-09-01 06:00:00,4959.999444444445
2020-09-01 07:00:00,4978.171666666667
2020-09-01 08:00:00,3213.573888888889
2020-09-01 09:00:00,1851.1275
2020-09-01 10:00:00,2117.4869444444444
2020-09-01 11:00:00,2569.431666666667
2020-09-01 12:00:00,2596.0427777777777
2020-09-01 13:00:00,2268.0405555555553
2020-09-01 14:00:00,538.0689583333333
2020-09-01 15:00:00,570.3264930555556
2020-09-01 16:00:00,564.8613888888889
2020-09-01 17:00:00,531.3359722222223
2020-09-01 18:00:00,792.9869444444445
2020-09-01 19:00:00,836.9382638888889
2020-09-01 20:00:00,819.8222222222222
2020-09-01 21:00:00,836.6191666666666
2020-09-01 22:00:00,849.9988194444444
2020-09-01 23:00:00,848.97875
2020-09-02 00:00:00,847.6300694444444
2020-09-02 01:00:00,845.6665277777778
2020-09-02 02:00:00,847.8652083333334
2020-09-02 03:00:00,1056.0739583333334
2020-09-02 04:00:00,2495.036666666667
2020-09-02 05:00:00,3795.6852777777776
2020-09-02 06:00:00,4313.620555555555
2020-09-02 07:00:00,4559.6594444444445
2020-09-02 08:00:00,4174.64
2020-09-02 09:00:00,4300.044444444445
2020-09-02 10:00:00,3912.4183333333335
2020-09-02 11:00:00,2890.8075
2020-09-02 12:00:00,852.4163888888888
2020-09-02 13:00:00,539.7520833333333
2020-09-02 14:00:00,546.2754166666666
2020-09-02 15:00:00,572.2143055555556
2020-09-02 16:00:00,557.5536458333333
2020-09-02 17:00:00,543.1525694444445
2020-09-02 18:00:00,784.7961111111111
2020-09-02 19:00:00,826.4759722222223
2020-09-02 20:00:00,835.1303472222222
2020-09-02 21:00:00,825.8243055555556
2020-09-02 22:00:00,834.0145833333333
2020-09-02 23:00:00,840.8468055555555
2020-09-03 00:00:00,841.4358333333333
2020-09-03 01:00:00,838.6131944444444
2020-09-03 02:00:00,841.3230555555556
2020-09-03 03:00:00,2214.8375
2020-09-03 04:00:00,3475.9266666666667
2020-09-03 05:00:00,4217.471111111111
2020-09-03 06:00:00,5212.334444444445
2020-09-03 07:00:00,5141.527222222222
2020-09-03 08:00:00,4838.917777777778
2020-09-03 09:00:00,4989.460555555555
2020-09-03 10:00:00,5280.8
2020-09-03 11:00:00,4640.988888888889
2020-09-03 12:00:00,1142.9106944444445
2020-09-03 13:00:00,775.6440972222222
2020-09-03 14:00:00,784.5654861111111
2020-09-03 15:00:00,837.8982638888889
2020-09-03 16:00:00,829.1713888888889
2020-09-03 17:00:00,778.7186111111112
2020-09-03 18:00:00,786.6525
2020-09-03 19:00:00,832.2877777777778
2020-09-03 20:00:00,841.5522222222222
2020-09-03 21:00:00,840.4640972222222
2020-09-03 22:00:00,831.9770833333333
2020-09-03 23:00:00,829.2977777777778
2020-09-04 00:00:00,831.986875
2020-09-04 01:00:00,830.6888888888889
2020-09-04 02:00:00,832.3984027777777
2020-09-04 03:00:00,930.5720833333334
2020-09-04 04:00:00,2673.761111111111
2020-09-04 05:00:00,3697.369166666667
2020-09-04 06:00:00,4244.778333333334
2020-09-04 07:00:00,3517.8294444444446
2020-09-04 08:00:00,2189.5486111111113
2020-09-04 09:00:00,2283.0804166666667
2020-09-04 10:00:00,1489.7455555555555
2020-09-04 11:00:00,573.6661111111111
2020-09-04 12:00:00,574.9082291666666
2020-09-04 13:00:00,532.9965972222222
2020-09-04 14:00:00,536.3620138888889
2020-09-04 15:00:00,558.1800694444445
2020-09-04 16:00:00,554.14296875
2020-09-04 17:00:00,704.0841666666666
2020-09-04 18:00:00,829.8048611111111
2020-09-04 19:00:00,843.2829166666667
2020-09-04 20:00:00,847.4293055555555
2020-09-04 21:00:00,848.1233333333333
2020-09-04 22:00:00,847.3086111111111
2020-09-04 23:00:00,824.1169444444445
2020-09-05 00:00:00,828.5030555555555
2020-09-05 01:00:00,828.2016666666667
2020-09-05 02:00:00,831.2436805555556
2020-09-05 03:00:00,994.0188194444445
2020-09-05 04:00:00,3985.733888888889
2020-09-05 05:00:00,2770.755833333333
2020-09-05 06:00:00,2872.401388888889
2020-09-05 07:00:00,913.9345833333333
2020-09-05 08:00:00,538.9684027777778
2020-09-05 09:00:00,558.6080555555556
2020-09-05 10:00:00,576.6030902777778
2020-09-05 11:00:00,574.8600694444444
2020-09-05 12:00:00,572.2913888888888
2020-09-05 13:00:00,531.5006944444444
2020-09-05 14:00:00,540.5876388888889
2020-09-05 15:00:00,570.2587847222222
2020-09-05 16:00:00,577.1141319444445
2020-09-05 17:00:00,648.7691666666667
2020-09-05 18:00:00,819.5281944444445
2020-09-05 19:00:00,850.3432638888889
2020-09-05 20:00:00,834.6776388888889
2020-09-05 21:00:00,837.1463888888889
2020-09-05 22:00:00,839.8925
2020-09-05 23:00:00,839.5434722222222
2020-09-06 00:00:00,841.7394444444444
2020-09-06 01:00:00,849.3645833333334
2020-09-06 02:00:00,845.4683333333334
2020-09-06 03:00:00,1150.1459722222223
2020-09-06 04:00:00,3930.405277777778
2020-09-06 05:00:00,3191.3369444444443
2020-09-06 06:00:00,1449.5331944444445
2020-09-06 07:00:00,564.1346875
2020-09-06 08:00:00,539.3413194444445
2020-09-06 09:00:00,561.0997569444445
2020-09-06 10:00:00,583.13625
2020-09-06 11:00:00,588.9526388888889
2020-09-06 12:00:00,575.1328472222223
2020-09-06 13:00:00,538.9605555555555
2020-09-06 14:00:00,541.1790277777778
2020-09-06 15:00:00,562.3486111111112
2020-09-06 16:00:00,560.4035416666667
2020-09-06 17:00:00,647.7844444444445
2020-09-06 18:00:00,821.8095138888889
2020-09-06 19:00:00,828.700625
2020-09-06 20:00:00,821.533125
2020-09-06 21:00:00,820.2334027777778
2020-09-06 22:00:00,833.5455555555556
2020-09-06 23:00:00,835.7243055555556
2020-09-07 00:00:00,836.34625
2020-09-07 01:00:00,829.8674305555555
2020-09-07 02:00:00,828.2606944444444
2020-09-07 03:00:00,2150.3366666666666
2020-09-07 04:00:00,1929.9145833333334
2020-09-07 05:00:00,2651.112222222222
2020-09-07 06:00:00,5259.0616666666665
2020-09-07 07:00:00,5381.153333333334
2020-09-07 08:00:00,3932.9694444444444
2020-09-07 09:00:00,4426.358611111111
2020-09-07 10:00:00,2253.3468055555554
2020-09-07 11:00:00,563.4588194444444
2020-09-07 12:00:00,558.386875
2020-09-07 13:00:00,481.8107638888889
2020-09-07 14:00:00,542.7836458333334
2020-09-07 15:00:00,743.6901388888889
2020-09-07 16:00:00,651.8398611111111
2020-09-07 17:00:00,572.275625
2020-09-07 18:00:00,838.9768055555555
2020-09-07 19:00:00,849.99875
2020-09-07 20:00:00,842.5815277777778
2020-09-07 21:00:00,847.6905555555555
2020-09-07 22:00:00,831.394375
2020-09-07 23:00:00,826.4506944444445
2020-09-08 00:00:00,834.60125
2020-09-08 01:00:00,820.5955555555555
2020-09-08 02:00:00,814.5158333333334
2020-09-08 03:00:00,1041.1377777777777
2020-09-08 04:00:00,2231.962916666667
2020-09-08 05:00:00,3202.856388888889
2020-09-08 06:00:00,4658.1016666666665
2020-09-08 07:00:00,3477.9197222222224
2020-09-08 08:00:00,2960.097777777778
2020-09-08 09:00:00,3080.0244444444443
2020-09-08 10:00:00,2215.052222222222
2020-09-08 11:00:00,2280.7458333333334
2020-09-08 12:00:00,891.9409722222222
2020-09-08 13:00:00,492.0917361111111
2020-09-08 14:00:00,526.8763194444444
2020-09-08 15:00:00,719.7559027777778
2020-09-08 16:00:00,611.4558333333333
2020-09-08 17:00:00,661.4002777777778
2020-09-08 18:00:00,805.3013194444444
2020-09-08 19:00:00,834.0536111111111
2020-09-08 20:00:00,842.0861805555555
2020-09-08 21:00:00,850.6577083333333
2020-09-08 22:00:00,836.7973611111111
2020-09-08 23:00:00,838.245
2020-09-09 00:00:00,843.8100694444445
2020-09-09 01:00:00,841.1505555555556
2020-09-09 02:00:00,833.9320833333334
2020-09-09 03:00:00,958.6016666666667
2020-09-09 04:00:00,2444.4205555555554
2020-09-09 05:00:00,3563.0194444444446
2020-09-09 06:00:00,3424.335
2020-09-09 07:00:00,3303.1427777777776
2020-09-09 08:00:00,2576.6283333333336
2020-09-09 09:00:00,2861.045833333333
2020-09-09 10:00:00,2713.1252777777777
2020-09-09 11:00:00,726.3773611111111
2020-09-09 12:00:00,558.6081944444444
2020-09-09 13:00:00,492.18378472222224
2020-09-09 14:00:00,625.3645138888888
2020-09-09 15:00:00,846.6583333333333
2020-09-09 16:00:00,842.9309027777778
2020-09-09 17:00:00,722.1094444444444
2020-09-09 18:00:00,796.8873611111111
2020-09-09 19:00:00,836.0179166666667
2020-09-09 20:00:00,823.0943055555556
2020-09-09 21:00:00,840.0334722222223
2020-09-09 22:00:00,823.2708333333334
2020-09-09 23:00:00,829.9677777777778
2020-09-10 00:00:00,823.5666666666667
2020-09-10 01:00:00,814.10875
2020-09-10 02:00:00,813.1143055555556
2020-09-10 03:00:00,2023.6769444444444
2020-09-10 04:00:00,1612.8316666666667
2020-09-10 05:00:00,2994.2355555555555
2020-09-10 06:00:00,4293.980555555556
2020-09-10 07:00:00,4316.776944444445
2020-09-10 08:00:00,3682.891666666667
2020-09-10 09:00:00,4356.8966666666665
2020-09-10 10:00:00,4402.95
2020-09-10 11:00:00,4484.788888888889
2020-09-10 12:00:00,3974.9744444444445
2020-09-10 13:00:00,902.4881944444444
2020-09-10 14:00:00,547.8334027777778
2020-09-10 15:00:00,560.9989930555555
2020-09-10 16:00:00,665.3477083333333
2020-09-10 17:00:00,760.68875
2020-09-10 18:00:00,819.2783333333333
2020-09-10 19:00:00,828.7619444444445
2020-09-10 20:00:00,838.4219444444444
2020-09-10 21:00:00,840.7977777777778
2020-09-10 22:00:00,842.6445833333333
2020-09-10 23:00:00,822.5621527777778
2020-09-11 00:00:00,823.4940972222222
2020-09-11 01:00:00,825.0370138888889
2020-09-11 02:00:00,826.8788888888889
2020-09-11 03:00:00,1021.5450694444445
2020-09-11 04:00:00,2611.1813888888887
2020-09-11 05:00:00,3677.94
2020-09-11 06:00:00,4296.172777777778
2020-09-11 07:00:00,4129.703055555556
2020-09-11 08:00:00,2626.8172222222224
2020-09-11 09:00:00,2734.4394444444442
2020-09-11 10:00:00,3087.6855555555558
2020-09-11 11:00:00,1186.4552777777778
2020-09-11 12:00:00,579.3738194444444
2020-09-11 13:00:00,492.9009722222222
2020-09-11 14:00:00,534.4982638888889
2020-09-11 15:00:00,562.7388888888889
2020-09-11 16:00:00,563.9413194444444
2020-09-11 17:00:00,656.0142361111111
2020-09-11 18:00:00,810.7069444444444
2020-09-11 19:00:00,833.3975694444445
2020-09-11 20:00:00,834.2520833333333
2020-09-11 21:00:00,838.7665277777778
2020-09-11 22:00:00,827.0382638888889
2020-09-11 23:00:00,828.36375
2020-09-12 00:00:00,831.8007638888889
2020-09-12 01:00:00,828.5175
2020-09-12 02:00:00,823.3802777777778
2020-09-12 03:00:00,823.5691666666667
2020-09-12 04:00:00,1801.2409722222221
2020-09-12 05:00:00,2865.518888888889
2020-09-12 06:00:00,3353.5455555555554
2020-09-12 07:00:00,1416.6608333333334
2020-09-12 08:00:00,469.1980555555556
2020-09-12 09:00:00,528.7023611111111
2020-09-12 10:00:00,574.0954861111111
2020-09-12 11:00:00,573.6973958333333
2020-09-12 12:00:00,574.2069097222222
2020-09-12 13:00:00,483.88388888888886
2020-09-12 14:00:00,561.2602777777778
2020-09-12 15:00:00,566.8847222222222
2020-09-12 16:00:00,620.0671527777778
2020-09-12 17:00:00,721.8346527777778
2020-09-12 18:00:00,792.4135416666667
2020-09-12 19:00:00,830.5897916666667
2020-09-12 20:00:00,843.1911111111111
2020-09-12 21:00:00,851.6480555555555
2020-09-12 22:00:00,843.315
2020-09-12 23:00:00,848.4913194444445
2020-09-13 00:00:00,846.7616666666667
2020-09-13 01:00:00,840.9293055555555
2020-09-13 02:00:00,845.1134722222222
2020-09-13 03:00:00,838.8059027777778
2020-09-13 04:00:00,2226.420416666667
2020-09-13 05:00:00,3109.32
2020-09-13 06:00:00,2299.5244444444443
2020-09-13 07:00:00,565.9109027777778
2020-09-13 08:00:00,485.28246527777776
2020-09-13 09:00:00,561.6079166666667
2020-09-13 10:00:00,585.2217361111111
2020-09-13 11:00:00,583.5299305555556
2020-09-13 12:00:00,577.8262847222222
2020-09-13 13:00:00,493.0574652777778
2020-09-13 14:00:00,537.6336111111111
2020-09-13 15:00:00,569.6928819444445
2020-09-13 16:00:00,569.3708333333333
2020-09-13 17:00:00,621.0827083333334
2020-09-13 18:00:00,848.8501388888889
2020-09-13 19:00:00,850.5801388888889
2020-09-13 20:00:00,848.1623611111111
2020-09-13 21:00:00,856.3982638888889
2020-09-13 22:00:00,856.335
2020-09-13 23:00:00,856.1529166666667
2020-09-14 00:00:00,861.1261805555556
2020-09-14 01:00:00,861.56875
2020-09-14 02:00:00,851.9765277777777
2020-09-14 03:00:00,1057.0152083333332
2020-09-14 04:00:00,2043.829861111111
2020-09-14 05:00:00,1982.39
2020-09-14 06:00:00,1682.37
2020-09-14 07:00:00,2707.7455555555557
2020-09-14 08:00:00,2733.095
2020-09-14 09:00:00,3238.4861111111113
2020-09-14 10:00:00,3939.016111111111
2020-09-14 11:00:00,3294.0894444444443
2020-09-14 12:00:00,3731.192777777778
2020-09-14 13:00:00,1824.6354166666667
2020-09-14 14:00:00,2022.9809722222221
2020-09-14 15:00:00,566.1763194444444
2020-09-14 16:00:00,554.2622569444444
2020-09-14 17:00:00,689.575
2020-09-14 18:00:00,838.8356944444445
2020-09-14 19:00:00,827.6320138888889
2020-09-14 20:00:00,846.8654166666666
2020-09-14 21:00:00,840.1783333333333
2020-09-14 22:00:00,827.9068055555556
2020-09-14 23:00:00,831.6075
2020-09-15 00:00:00,837.6890277777778
2020-09-15 01:00:00,840.75125
2020-09-15 02:00:00,831.315
2020-09-15 03:00:00,1924.0330555555556
2020-09-15 04:00:00,2171.1018055555555
2020-09-15 05:00:00,2553.9030555555555
2020-09-15 06:00:00,3904.2505555555554
2020-09-15 07:00:00,3141.442777777778
2020-09-15 08:00:00,2325.9080555555556
2020-09-15 09:00:00,2806.1355555555556
2020-09-15 10:00:00,3279.784722222222
2020-09-15 11:00:00,2128.9543055555555
2020-09-15 12:00:00,563.4120138888889
2020-09-15 13:00:00,546.6333333333333
2020-09-15 14:00:00,567.2321180555556
2020-09-15 15:00:00,554.6878472222222
2020-09-15 16:00:00,559.2906944444444
2020-09-15 17:00:00,734.6736111111111
2020-09-15 18:00:00,828.7981944444444
2020-09-15 19:00:00,835.9890277777778
2020-09-15 20:00:00,834.7777777777778
2020-09-15 21:00:00,835.3500694444444
2020-09-15 22:00:00,845.2655555555556
2020-09-15 23:00:00,819.1772222222222
2020-09-16 00:00:00,828.7336111111111
2020-09-16 01:00:00,830.6941666666667
2020-09-16 02:00:00,821.7772222222222
2020-09-16 03:00:00,810.6647916666667
2020-09-16 04:00:00,2805.217777777778
2020-09-16 05:00:00,5080.968888888889
2020-09-16 06:00:00,3848.339722222222
2020-09-16 07:00:00,3515.3225
2020-09-16 08:00:00,2468.436111111111
2020-09-16 09:00:00,1548.8654166666668
2020-09-16 10:00:00,2061.4825
2020-09-16 11:00:00,829.3048611111111
2020-09-16 12:00:00,559.2715625
2020-09-16 13:00:00,477.92347222222224
2020-09-16 14:00:00,565.8246527777778
2020-09-16 15:00:00,557.3498611111111
2020-09-16 16:00:00,680.1244444444444
2020-09-16 17:00:00,690.85375
2020-09-16 18:00:00,824.8326388888889
2020-09-16 19:00:00,811.8946527777778
2020-09-16 20:00:00,812.4906944444444
2020-09-16 21:00:00,819.6374305555555
2020-09-16 22:00:00,826.0959722222223
2020-09-16 23:00:00,829.3993055555555
2020-09-17 00:00:00,815.6072222222223
2020-09-17 01:00:00,813.4138888888889
2020-09-17 02:00:00,817.4401388888889
2020-09-17 03:00:00,1973.885
2020-09-17 04:00:00,1709.7340277777778
2020-09-17 05:00:00,3350.6983333333333
2020-09-17 06:00:00,3035.0472222222224
2020-09-17 07:00:00,2662.8522222222223
2020-09-17 08:00:00,2501.596111111111
2020-09-17 09:00:00,2557.7533333333336
2020-09-17 10:00:00,2312.248472222222
2020-09-17 11:00:00,2343.0763888888887
2020-09-17 12:00:00,2778.596111111111
2020-09-17 13:00:00,1077.6819444444445
2020-09-17 14:00:00,566.9475694444444
2020-09-17 15:00:00,565.50625
2020-09-17 16:00:00,555.47375
2020-09-17 17:00:00,712.30625
2020-09-17 18:00:00,824.0218055555556
2020-09-17 19:00:00,817.9297916666667
2020-09-17 20:00:00,828.0223611111111
2020-09-17 21:00:00,834.1427777777777
2020-09-17 22:00:00,822.6523611111111
2020-09-17 23:00:00,816.2155555555555
2020-09-18 00:00:00,829.9263194444444
2020-09-18 01:00:00,824.3801388888888
2020-09-18 02:00:00,819.6296527777778
2020-09-18 03:00:00,949.4036111111111
2020-09-18 04:00:00,2115.726527777778
2020-09-18 05:00:00,3369.6916666666666
2020-09-18 06:00:00,4175.396111111111
2020-09-18 07:00:00,4015.6825
2020-09-18 08:00:00,2075.045
2020-09-18 09:00:00,2743.6911111111112
2020-09-18 10:00:00,2646.5694444444443
2020-09-18 11:00:00,1626.2069444444444
2020-09-18 12:00:00,549.3390972222222
2020-09-18 13:00:00,449.48777777777775
2020-09-18 14:00:00,558.0140625
2020-09-18 15:00:00,559.7770138888889
2020-09-18 16:00:00,555.6023611111111
2020-09-18 17:00:00,691.3288888888889
2020-09-18 18:00:00,829.8468055555555
2020-09-18 19:00:00,819.94625
2020-09-18 20:00:00,826.3238888888889
2020-09-18 21:00:00,821.6905555555555
2020-09-18 22:00:00,820.4355555555555
2020-09-18 23:00:00,824.626875
2020-09-19 00:00:00,807.6636111111111
2020-09-19 01:00:00,814.1214583333333
2020-09-19 02:00:00,817.3351388888889
2020-09-19 03:00:00,984.2354166666667
2020-09-19 04:00:00,1667.9430555555555
2020-09-19 05:00:00,3167.883333333333
2020-09-19 06:00:00,2609.18
2020-09-19 07:00:00,733.2965972222222
2020-09-19 08:00:00,527.2220138888889
2020-09-19 09:00:00,544.3508333333333
2020-09-19 10:00:00,551.0388888888889
2020-09-19 11:00:00,563.2202777777778
2020-09-19 12:00:00,563.4932291666667
2020-09-19 13:00:00,467.7268402777778
2020-09-19 14:00:00,567.4096527777778
2020-09-19 15:00:00,561.3624305555555
2020-09-19 16:00:00,557.5364236111111
2020-09-19 17:00:00,713.2781944444445
2020-09-19 18:00:00,815.6576388888889
2020-09-19 19:00:00,827.4869444444445
2020-09-19 20:00:00,822.3631944444444
2020-09-19 21:00:00,822.4633333333334
2020-09-19 22:00:00,827.155625
2020-09-19 23:00:00,822.5322916666667
2020-09-20 00:00:00,824.1129861111111
2020-09-20 01:00:00,824.0559027777778
2020-09-20 02:00:00,824.7938888888889
2020-09-20 03:00:00,843.7161805555555
2020-09-20 04:00:00,1765.7609722222223
2020-09-20 05:00:00,3128.846666666667
2020-09-20 06:00:00,2618.0444444444443
2020-09-20 07:00:00,536.4470138888889
2020-09-20 08:00:00,465.6829861111111
2020-09-20 09:00:00,551.5429861111111
2020-09-20 10:00:00,548.9782638888889
2020-09-20 11:00:00,553.4065277777778
2020-09-20 12:00:00,554.5419791666667
2020-09-20 13:00:00,473.5541666666667
2020-09-20 14:00:00,558.1895833333333
2020-09-20 15:00:00,553.5966666666667
2020-09-20 16:00:00,548.3802777777778
2020-09-20 17:00:00,725.5786111111111
2020-09-20 18:00:00,814.5015972222222
2020-09-20 19:00:00,807.7054166666667
2020-09-20 20:00:00,804.2434722222222
2020-09-20 21:00:00,801.3251388888889
2020-09-20 22:00:00,804.0947916666667
2020-09-20 23:00:00,806.5845833333333
2020-09-21 00:00:00,810.6249305555556
2020-09-21 01:00:00,815.18375
2020-09-21 02:00:00,807.0543055555555
2020-09-21 03:00:00,1986.4745833333334
2020-09-21 04:00:00,2321.163888888889
2020-09-21 05:00:00,2691.101388888889
2020-09-21 06:00:00,2471.682222222222
2020-09-21 07:00:00,3138.9222222222224
2020-09-21 08:00:00,3297.6422222222222
2020-09-21 09:00:00,2629.1116666666667
2020-09-21 10:00:00,2691.0183333333334
2020-09-21 11:00:00,2543.1613888888887
2020-09-21 12:00:00,1266.8366666666666
2020-09-21 13:00:00,1096.9594444444444
2020-09-21 14:00:00,1153.5334027777778
2020-09-21 15:00:00,1240.5152777777778
2020-09-21 16:00:00,1018.9709722222223
2020-09-21 17:00:00,1145.275138888889
2020-09-21 18:00:00,1188.5690277777778
2020-09-21 19:00:00,1198.8993055555557
2020-09-21 20:00:00,1183.1658333333332
2020-09-21 21:00:00,1188.4397222222221
2020-09-21 22:00:00,1194.1575
2020-09-21 23:00:00,1197.0419444444444
2020-09-22 00:00:00,1183.5120833333333
2020-09-22 01:00:00,1177.975
2020-09-22 02:00:00,1178.02625
2020-09-22 03:00:00,1174.9463888888888
2020-09-22 04:00:00,2156.988888888889
2020-09-22 05:00:00,3335.0119444444445
2020-09-22 06:00:00,4989.581111111111
2020-09-22 07:00:00,3572.225
2020-09-22 08:00:00,2534.636111111111
2020-09-22 09:00:00,1786.081111111111
2020-09-22 10:00:00,2503.0144444444445
2020-09-22 11:00:00,2215.311388888889
2020-09-22 12:00:00,746.5026388888889
2020-09-22 13:00:00,918.2872222222222
2020-09-22 14:00:00,962.3005555555555
2020-09-22 15:00:00,938.3442361111111
2020-09-22 16:00:00,646.3518055555555
2020-09-22 17:00:00,766.5
2020-09-22 18:00:00,815.9134722222223
2020-09-22 19:00:00,826.1601388888889
2020-09-22 20:00:00,821.5815277777778
2020-09-22 21:00:00,801.1393055555556
2020-09-22 22:00:00,807.8148611111111
2020-09-22 23:00:00,808.3616666666667
2020-09-23 00:00:00,805.4698611111111
2020-09-23 01:00:00,806.9261111111111
2020-09-23 02:00:00,799.7511111111111
2020-09-23 03:00:00,895.5682638888889
2020-09-23 04:00:00,2239.1094444444443
2020-09-23 05:00:00,3132.9444444444443
2020-09-23 06:00:00,2463.8122222222223
2020-09-23 07:00:00,2504.2327777777778
2020-09-23 08:00:00,2552.1144444444444
2020-09-23 09:00:00,2445.4183333333335
2020-09-23 10:00:00,2738.6202777777776
2020-09-23 11:00:00,2280.856111111111
2020-09-23 12:00:00,670.7905555555556
2020-09-23 13:00:00,800.1636805555555
2020-09-23 14:00:00,855.6377777777777
2020-09-23 15:00:00,734.300625
2020-09-23 16:00:00,770.2408333333333
2020-09-23 17:00:00,802.3378472222222
2020-09-23 18:00:00,818.3693055555556
2020-09-23 19:00:00,826.8545833333334
2020-09-23 20:00:00,809.6520833333333
2020-09-23 21:00:00,816.2066666666667
2020-09-23 22:00:00,809.9029166666667
2020-09-23 23:00:00,814.0922222222222
2020-09-24 00:00:00,818.1905555555555
2020-09-24 01:00:00,823.4797916666666
2020-09-24 02:00:00,816.2678472222223
2020-09-24 03:00:00,1947.5772222222222
2020-09-24 04:00:00,1846.7191666666668
2020-09-24 05:00:00,2564.6766666666667
2020-09-24 06:00:00,2389.2383333333332
2020-09-24 07:00:00,2260.3186111111113
2020-09-24 08:00:00,2101.3263888888887
2020-09-24 09:00:00,2156.1355555555556
2020-09-24 10:00:00,2471.5466666666666
2020-09-24 11:00:00,3274.556666666667
2020-09-24 12:00:00,560.6946875
2020-09-24 13:00:00,522.8976736111111
2020-09-24 14:00:00,566.7144097222222
2020-09-24 15:00:00,559.8070138888888
2020-09-24 16:00:00,552.7458680555555
2020-09-24 17:00:00,741.6961111111111
2020-09-24 18:00:00,823.405
2020-09-24 19:00:00,826.9496527777778
2020-09-24 20:00:00,820.0175
2020-09-24 21:00:00,821.4020833333333
2020-09-24 22:00:00,826.0022222222223
2020-09-24 23:00:00,824.7063888888889
2020-09-25 00:00:00,826.2395833333334
2020-09-25 01:00:00,833.2602777777778
2020-09-25 02:00:00,828.8186111111111
2020-09-25 03:00:00,809.6595833333333
2020-09-25 04:00:00,2303.9583333333335
2020-09-25 05:00:00,3027.4294444444445
2020-09-25 06:00:00,2437.2961111111113
2020-09-25 07:00:00,2257.2697222222223
2020-09-25 08:00:00,1860.236111111111
2020-09-25 09:00:00,1917.2734722222222
2020-09-25 10:00:00,644.7851388888889
2020-09-25 11:00:00,558.844375
2020-09-25 12:00:00,556.9802083333333
2020-09-25 13:00:00,449.8463888888889
2020-09-25 14:00:00,543.17625
2020-09-25 15:00:00,546.8373263888889
2020-09-25 16:00:00,547.5419791666667
2020-09-25 17:00:00,662.9831944444444
2020-09-25 18:00:00,820.82375
2020-09-25 19:00:00,818.6669444444444
2020-09-25 20:00:00,828.0236111111111
2020-09-25 21:00:00,824.4331944444444
2020-09-25 22:00:00,813.7998611111111
2020-09-25 23:00:00,808.70375
2020-09-26 00:00:00,812.7485416666667
2020-09-26 01:00:00,810.8799305555556
2020-09-26 02:00:00,822.1129166666667
2020-09-26 03:00:00,821.7273611111111
2020-09-26 04:00:00,923.5716666666667
2020-09-26 05:00:00,1280.7698611111111
2020-09-26 06:00:00,3992.8688888888887
2020-09-26 07:00:00,973.455
2020-09-26 08:00:00,427.8648611111111
2020-09-26 09:00:00,545.3192361111111
2020-09-26 10:00:00,552.1932291666667
2020-09-26 11:00:00,555.6035416666666
2020-09-26 12:00:00,555.1716666666666
2020-09-26 13:00:00,452.42993055555553
2020-09-26 14:00:00,771.6952777777777
2020-09-26 15:00:00,832.7558333333334
2020-09-26 16:00:00,831.6610416666666
2020-09-26 17:00:00,696.5634722222222
2020-09-26 18:00:00,832.3786111111111
2020-09-26 19:00:00,833.0664583333333
2020-09-26 20:00:00,817.9135416666667
2020-09-26 21:00:00,815.2784722222223
2020-09-26 22:00:00,820.6022916666667
2020-09-26 23:00:00,831.8510416666667
2020-09-27 00:00:00,822.8168055555556
2020-09-27 01:00:00,830.5302083333333
2020-09-27 02:00:00,835.8354166666667
2020-09-27 03:00:00,823.9330555555556
2020-09-27 04:00:00,662.2744444444445
2020-09-27 05:00:00,1873.2902777777779
2020-09-27 06:00:00,4355.954444444445
2020-09-27 07:00:00,959.8416666666667
2020-09-27 08:00:00,432.12878472222224
2020-09-27 09:00:00,547.8052777777777
2020-09-27 10:00:00,611.2783333333333
2020-09-27 11:00:00,569.4797916666666
2020-09-27 12:00:00,550.4778472222222
2020-09-27 13:00:00,453.3809027777778
2020-09-27 14:00:00,536.1051388888889
2020-09-27 15:00:00,612.4877777777778
2020-09-27 16:00:00,815.0474305555556
2020-09-27 17:00:00,710.2804166666666
2020-09-27 18:00:00,807.9055555555556
2020-09-27 19:00:00,807.6344444444444
2020-09-27 20:00:00,805.6834722222222
2020-09-27 21:00:00,809.70875
2020-09-27 22:00:00,808.9246527777777
2020-09-27 23:00:00,815.9763194444445
2020-09-28 00:00:00,816.4724305555555
2020-09-28 01:00:00,813.0223611111111
2020-09-28 02:00:00,808.2766666666666
2020-09-28 03:00:00,813.4126388888889
2020-09-28 04:00:00,1891.2466666666667
2020-09-28 05:00:00,4001.692777777778
2020-09-28 06:00:00,3038.6
2020-09-28 07:00:00,4040.3658333333333
2020-09-28 08:00:00,2769.613888888889
2020-09-28 09:00:00,3457.958888888889
2020-09-28 10:00:00,3255.1125
2020-09-28 11:00:00,2637.148888888889
2020-09-28 12:00:00,804.55625
2020-09-28 13:00:00,672.1013888888889
2020-09-28 14:00:00,975.7198611111111
2020-09-28 15:00:00,1001.3456944444445
2020-09-28 16:00:00,999.0244444444445
2020-09-28 17:00:00,829.2156944444445
2020-09-28 18:00:00,983.25125
2020-09-28 19:00:00,1001.4713194444445
2020-09-28 20:00:00,999.3242361111111
2020-09-28 21:00:00,1003.7721527777778
2020-09-28 22:00:00,1016.7298611111111
2020-09-28 23:00:00,1020.0991666666666
2020-09-29 00:00:00,1021.7888888888889
2020-09-29 01:00:00,1018.2245833333334
2020-09-29 02:00:00,1008.7858333333334
2020-09-29 03:00:00,1158.1561111111112
2020-09-29 04:00:00,2098.820277777778
2020-09-29 05:00:00,2919.571388888889
2020-09-29 06:00:00,3977.2633333333333
2020-09-29 07:00:00,3920.268888888889
2020-09-29 08:00:00,2085.536527777778
2020-09-29 09:00:00,3103.947222222222
2020-09-29 10:00:00,3272.7516666666666
2020-09-29 11:00:00,2019.486111111111
2020-09-29 12:00:00,556.6171875
2020-09-29 13:00:00,601.3181944444444
2020-09-29 14:00:00,803.715
2020-09-29 15:00:00,823.5826388888889
2020-09-29 16:00:00,819.8802777777778
2020-09-29 17:00:00,696.2850694444444
2020-09-29 18:00:00,810.8697222222222
2020-09-29 19:00:00,835.6540277777777
2020-09-29 20:00:00,819.9047222222222
2020-09-29 21:00:00,828.1095833333334
2020-09-29 22:00:00,828.4119444444444
2020-09-29 23:00:00,833.6747916666667
2020-09-30 00:00:00,834.705625
2020-09-30 01:00:00,830.0463194444444
2020-09-30 02:00:00,819.0820138888889
2020-09-30 03:00:00,992.2954861111111
2020-09-30 04:00:00,2201.1269444444442
2020-09-30 05:00:00,3077.7608333333333
2020-09-30 06:00:00,2822.648888888889
2020-09-30 07:00:00,2799.402777777778
2020-09-30 08:00:00,2605.9055555555556
2020-09-30 09:00:00,1514.2975
2020-09-30 10:00:00,1599.8058333333333
2020-09-30 11:00:00,763.5906944444445
2020-09-30 12:00:00,557.3740972222222
2020-09-30 13:00:00,526.8488888888888
2020-09-30 14:00:00,556.3590277777778
2020-09-30 15:00:00,551.1155208333333
2020-09-30 16:00:00,728.5930555555556
2020-09-30 17:00:00,762.48375
2020-09-30 18:00:00,820.4722222222222
2020-09-30 19:00:00,823.4502083333333
2020-09-30 20:00:00,829.1172222222223
2020-09-30 21:00:00,821.8220833333334
2020-09-30 22:00:00,820.2940277777777
2020-09-30 23:00:00,817.2759722222222
2020-10-01 00:00:00,823.9596527777778
2020-10-01 01:00:00,828.4783333333334
2020-10-01 02:00:00,819.3966666666666
2020-10-01 03:00:00,1994.4058333333332
2020-10-01 04:00:00,3156.363888888889
2020-10-01 05:00:00,3084.806111111111
2020-10-01 06:00:00,4051.8008333333332
2020-10-01 07:00:00,4047.13
2020-10-01 08:00:00,3315.3747222222223
2020-10-01 09:00:00,4024.572222222222
2020-10-01 10:00:00,4087.7638888888887
2020-10-01 11:00:00,3422.2905555555553
2020-10-01 12:00:00,2017.7381944444444
2020-10-01 13:00:00,528.3706944444444
2020-10-01 14:00:00,549.7606944444444
2020-10-01 15:00:00,699.0828472222222
2020-10-01 16:00:00,827.4341666666667
2020-10-01 17:00:00,766.7202777777778
2020-10-01 18:00:00,822.92125
2020-10-01 19:00:00,834.2566666666667
2020-10-01 20:00:00,827.7606944444444
2020-10-01 21:00:00,842.1773611111112
2020-10-01 22:00:00,846.4545833333333
2020-10-01 23:00:00,844.4291666666667
2020-10-02 00:00:00,828.8627777777778
2020-10-02 01:00:00,826.9498611111111
2020-10-02 02:00:00,824.7722222222222
2020-10-02 03:00:00,938.7198611111111
2020-10-02 04:00:00,2037.5841666666668
2020-10-02 05:00:00,3130.072777777778
2020-10-02 06:00:00,3856.5444444444443
2020-10-02 07:00:00,3962.117777777778
2020-10-02 08:00:00,3251.755
2020-10-02 09:00:00,2639.458888888889
2020-10-02 10:00:00,573.5166666666667
2020-10-02 11:00:00,577.8717361111111
2020-10-02 12:00:00,571.6265972222222
2020-10-02 13:00:00,541.9757986111111
2020-10-02 14:00:00,557.7009027777777
2020-10-02 15:00:00,562.6231944444445
2020-10-02 16:00:00,721.3554166666667
2020-10-02 17:00:00,762.0663888888889
2020-10-02 18:00:00,819.9894444444444
2020-10-02 19:00:00,826.9941666666666
2020-10-02 20:00:00,835.5301388888889
2020-10-02 21:00:00,838.6331944444445
2020-10-02 22:00:00,840.7423611111111
2020-10-02 23:00:00,851.353125
2020-10-03 00:00:00,842.1766666666666
2020-10-03 01:00:00,832.2904166666667
2020-10-03 02:00:00,838.7592361111111
2020-10-03 03:00:00,1055.3640972222222
2020-10-03 04:00:00,2762.2294444444447
2020-10-03 05:00:00,2579.4094444444445
2020-10-03 06:00:00,2968.4
2020-10-03 07:00:00,1149.8968055555556
2020-10-03 08:00:00,763.6348611111111
2020-10-03 09:00:00,587.7522222222223
2020-10-03 10:00:00,568.4820138888889
2020-10-03 11:00:00,595.4355555555555
2020-10-03 12:00:00,572.8998611111111
2020-10-03 13:00:00,741.24375
2020-10-03 14:00:00,756.296171875
2020-10-03 15:00:00,846.7736111111111
2020-10-03 16:00:00,841.9674305555556
2020-10-03 17:00:00,780.2751388888889
2020-10-03 18:00:00,824.9929166666667
2020-10-03 19:00:00,845.6115277777777
2020-10-03 20:00:00,849.3803472222222
2020-10-03 21:00:00,855.804375
2020-10-03 22:00:00,860.0416666666666
2020-10-03 23:00:00,852.6675
2020-10-04 00:00:00,845.4441666666667
2020-10-04 01:00:00,836.9865277777777
2020-10-04 02:00:00,836.4459722222222
2020-10-04 03:00:00,1103.697986111111
2020-10-04 04:00:00,2617.6111111111113
2020-10-04 05:00:00,3206.4855555555555
2020-10-04 06:00:00,2577.1341666666667
2020-10-04 07:00:00,689.5976388888889
2020-10-04 08:00:00,539.4372916666666
2020-10-04 09:00:00,556.473125
2020-10-04 10:00:00,565.3207638888889
2020-10-04 11:00:00,574.6853472222223
2020-10-04 12:00:00,569.9970138888889
2020-10-04 13:00:00,520.5953125
2020-10-04 14:00:00,557.1403472222222
2020-10-04 15:00:00,574.6929513888889
2020-10-04 16:00:00,619.2579166666667
2020-10-04 17:00:00,743.4268055555556
2020-10-04 18:00:00,830.8227777777778
2020-10-04 19:00:00,860.6195833333334
2020-10-04 20:00:00,839.6602777777778
2020-10-04 21:00:00,835.2034722222222
2020-10-04 22:00:00,840.6683333333333
2020-10-04 23:00:00,845.2596527777778
2020-10-05 00:00:00,841.0984722222222
2020-10-05 01:00:00,842.3639583333334
2020-10-05 02:00:00,834.2911111111111
2020-10-05 03:00:00,1092.0885416666667
2020-10-05 04:00:00,3404.108333333333
2020-10-05 05:00:00,3834.0444444444443
2020-10-05 06:00:00,3964.130833333333
2020-10-05 07:00:00,3910.322222222222
2020-10-05 08:00:00,3783.7066666666665
2020-10-05 09:00:00,3191.72
2020-10-05 10:00:00,2958.1994444444445
2020-10-05 11:00:00,3944.9275
2020-10-05 12:00:00,3555.98
2020-10-05 13:00:00,1172.3933333333334
2020-10-05 14:00:00,757.0396527777777
2020-10-05 15:00:00,832.2680555555555
2020-10-05 16:00:00,823.6994444444445
2020-10-05 17:00:00,817.1809722222222
2020-10-05 18:00:00,942.8188888888889
2020-10-05 19:00:00,766.6623611111111
2020-10-05 20:00:00,746.0697222222223
2020-10-05 21:00:00,822.00375
2020-10-05 22:00:00,847.4854166666667
2020-10-05 23:00:00,837.3255555555555
2020-10-06 00:00:00,832.7536111111111
2020-10-06 01:00:00,837.3022916666666
2020-10-06 02:00:00,830.7115972222222
2020-10-06 03:00:00,931.3991666666667
2020-10-06 04:00:00,2575.218888888889
2020-10-06 05:00:00,2694.6027777777776
2020-10-06 06:00:00,4203.623611111111
2020-10-06 07:00:00,4053.797777777778
2020-10-06 08:00:00,3437.0461111111113
2020-10-06 09:00:00,2910.6366666666668
2020-10-06 10:00:00,2642.82
2020-10-06 11:00:00,3645.5069444444443
2020-10-06 12:00:00,2675.2833333333333
2020-10-06 13:00:00,933.5706944444445
2020-10-06 14:00:00,676.7639583333333
2020-10-06 15:00:00,850.685
2020-10-06 16:00:00,839.9584722222222
2020-10-06 17:00:00,776.2295833333334
2020-10-06 18:00:00,818.4384722222222
2020-10-06 19:00:00,835.6586111111111
2020-10-06 20:00:00,832.8675
2020-10-06 21:00:00,837.7433333333333
2020-10-06 22:00:00,816.335
2020-10-06 23:00:00,816.5402777777778
2020-10-07 00:00:00,815.0454166666667
2020-10-07 01:00:00,810.8031944444444
2020-10-07 02:00:00,819.6859027777778
2020-10-07 03:00:00,1034.9469444444444
2020-10-07 04:00:00,3131.2305555555554
2020-10-07 05:00:00,4269.4925
2020-10-07 06:00:00,3288.8327777777777
2020-10-07 07:00:00,3130.5105555555556
2020-10-07 08:00:00,3395.985
2020-10-07 09:00:00,3366.5016666666666
2020-10-07 10:00:00,2019.0244444444445
2020-10-07 11:00:00,2182.2761111111113
2020-10-07 12:00:00,1252.224861111111
2020-10-07 13:00:00,494.6904861111111
2020-10-07 14:00:00,584.7870138888889
2020-10-07 15:00:00,667.2229166666667
2020-10-07 16:00:00,770.8567361111111
2020-10-07 17:00:00,663.3040277777778
2020-10-07 18:00:00,695.5765277777778
2020-10-07 19:00:00,810.8805555555556
2020-10-07 20:00:00,814.76375
2020-10-07 21:00:00,826.2008333333333
2020-10-07 22:00:00,831.12375
2020-10-07 23:00:00,831.3644444444444
2020-10-08 00:00:00,814.4563194444445
2020-10-08 01:00:00,813.9625
2020-10-08 02:00:00,819.8963888888889
2020-10-08 03:00:00,2693.5069444444443
2020-10-08 04:00:00,2984.691388888889
2020-10-08 05:00:00,3143.5227777777777
2020-10-08 06:00:00,2974.9030555555555
2020-10-08 07:00:00,2926.445833333333
2020-10-08 08:00:00,2451.287222222222
2020-10-08 09:00:00,2610.1194444444445
2020-10-08 10:00:00,3050.2605555555556
2020-10-08 11:00:00,3015.097222222222
2020-10-08 12:00:00,1357.0947222222221
2020-10-08 13:00:00,575.4882638888889
2020-10-08 14:00:00,624.5576388888888
2020-10-08 15:00:00,681.990625
2020-10-08 16:00:00,672.9993055555556
2020-10-08 17:00:00,560.9861458333334
2020-10-08 18:00:00,614.4956944444444
2020-10-08 19:00:00,685.8861111111111
2020-10-08 20:00:00,681.0647222222223
2020-10-08 21:00:00,683.5845833333333
2020-10-08 22:00:00,682.5438888888889
2020-10-08 23:00:00,679.2783333333333
2020-10-09 00:00:00,674.6679166666667
2020-10-09 01:00:00,672.8147222222223
2020-10-09 02:00:00,671.4590972222222
2020-10-09 03:00:00,686.8395833333333
2020-10-09 04:00:00,1600.6441666666667
2020-10-09 05:00:00,3800.380277777778
2020-10-09 06:00:00,5018.667222222222
2020-10-09 07:00:00,5059.506666666667
2020-10-09 08:00:00,3580.2594444444444
2020-10-09 09:00:00,4485.326180555556
2020-10-09 10:00:00,3222.3091666666664
2020-10-09 11:00:00,555.2813194444444
2020-10-09 12:00:00,550.1411805555556
2020-10-09 13:00:00,450.7842361111111
2020-10-09 14:00:00,595.7359722222222
2020-10-09 15:00:00,812.8618055555555
2020-10-09 16:00:00,809.7343055555556
2020-10-09 17:00:00,661.5461111111111
2020-10-09 18:00:00,774.9568055555555
2020-10-09 19:00:00,818.9059027777778
2020-10-09 20:00:00,819.3059722222222
2020-10-09 21:00:00,828.7844444444445
2020-10-09 22:00:00,824.2808333333334
2020-10-09 23:00:00,813.1705555555556
2020-10-10 00:00:00,796.5950694444444
2020-10-10 01:00:00,823.9109722222222
2020-10-10 02:00:00,804.6618055555556
2020-10-10 03:00:00,810.9683333333334
2020-10-10 04:00:00,1521.3204166666667
2020-10-10 05:00:00,2202.8894444444445
2020-10-10 06:00:00,2039.463611111111
2020-10-10 07:00:00,1440.8181944444445
2020-10-10 08:00:00,1572.8633333333332
2020-10-10 09:00:00,523.1857638888889
2020-10-10 10:00:00,562.7489583333333
2020-10-10 11:00:00,589.6563888888888
2020-10-10 12:00:00,555.9017708333333
2020-10-10 13:00:00,428.3245138888889
2020-10-10 14:00:00,433.0709027777778
2020-10-10 15:00:00,557.4697569444445
2020-10-10 16:00:00,819.2754166666666
2020-10-10 17:00:00,663.4583333333334
2020-10-10 18:00:00,792.30125
2020-10-10 19:00:00,826.2910416666666
2020-10-10 20:00:00,838.3670833333333
2020-10-10 21:00:00,837.1458333333334
2020-10-10 22:00:00,839.7864583333334
2020-10-10 23:00:00,846.1008333333333
2020-10-11 00:00:00,846.553125
2020-10-11 01:00:00,826.4769444444445
2020-10-11 02:00:00,824.5970138888889
2020-10-11 03:00:00,831.56875
2020-10-11 04:00:00,1579.3561111111112
2020-10-11 05:00:00,1711.4672222222223
2020-10-11 06:00:00,4461.890277777778
2020-10-11 07:00:00,2204.5316666666668
2020-10-11 08:00:00,426.5905902777778
2020-10-11 09:00:00,542.3030208333333
2020-10-11 10:00:00,553.0370138888889
2020-10-11 11:00:00,551.5621527777778
2020-10-11 12:00:00,551.9346527777777
2020-10-11 13:00:00,422.8807638888889
2020-10-11 14:00:00,424.37125
2020-10-11 15:00:00,740.8203472222223
2020-10-11 16:00:00,807.2925
2020-10-11 17:00:00,662.6634722222223
2020-10-11 18:00:00,787.171875
2020-10-11 19:00:00,828.3065277777778
2020-10-11 20:00:00,825.0938888888888
2020-10-11 21:00:00,824.7896527777777
2020-10-11 22:00:00,825.4169444444444
2020-10-11 23:00:00,827.0825694444444
2020-10-12 00:00:00,828.2366666666667
2020-10-12 01:00:00,821.1455555555556
2020-10-12 02:00:00,818.5094444444444
2020-10-12 03:00:00,1888.6619444444445
2020-10-12 04:00:00,1834.5894444444446
2020-10-12 05:00:00,2319.623611111111
2020-10-12 06:00:00,2902.8794444444443
2020-10-12 07:00:00,2836.5163888888887
2020-10-12 08:00:00,1650.78625
2020-10-12 09:00:00,2678.8733333333334
2020-10-12 10:00:00,2632.318333333333
2020-10-12 11:00:00,2309.88
2020-10-12 12:00:00,555.8006597222222
2020-10-12 13:00:00,435.7369097222222
2020-10-12 14:00:00,445.54381944444447
2020-10-12 15:00:00,604.4055555555556
2020-10-12 16:00:00,803.3743055555556
2020-10-12 17:00:00,660.8980555555555
2020-10-12 18:00:00,812.9565277777778
2020-10-12 19:00:00,824.474375
2020-10-12 20:00:00,809.2415277777778
2020-10-12 21:00:00,806.2888888888889
2020-10-12 22:00:00,821.6411805555556
2020-10-12 23:00:00,823.2003472222223
2020-10-13 00:00:00,826.5654166666667
2020-10-13 01:00:00,823.6016666666667
2020-10-13 02:00:00,821.4849305555556
2020-10-13 03:00:00,854.9190277777777
2020-10-13 04:00:00,1726.645
2020-10-13 05:00:00,2896.6094444444443
2020-10-13 06:00:00,4179.100277777778
2020-10-13 07:00:00,4157.247222222222
2020-10-13 08:00:00,3136.268611111111
2020-10-13 09:00:00,4138.792222222222
2020-10-13 10:00:00,3317.6980555555556
2020-10-13 11:00:00,3104.139722222222
2020-10-13 12:00:00,677.9590277777778
2020-10-13 13:00:00,704.425
2020-10-13 14:00:00,466.303125
2020-10-13 15:00:00,560.2282638888889
2020-10-13 16:00:00,715.0485416666667
2020-10-13 17:00:00,679.3194444444445
2020-10-13 18:00:00,795.7416666666667
2020-10-13 19:00:00,817.09625
2020-10-13 20:00:00,826.7793055555555
2020-10-13 21:00:00,821.0148611111111
2020-10-13 22:00:00,824.9640277777778
2020-10-13 23:00:00,807.8891666666667
2020-10-14 00:00:00,805.0004166666666
2020-10-14 01:00:00,805.255
2020-10-14 02:00:00,807.8772222222223
2020-10-14 03:00:00,877.24125
2020-10-14 04:00:00,1830.4347222222223
2020-10-14 05:00:00,2531.6755555555555
2020-10-14 06:00:00,2436.0330555555556
2020-10-14 07:00:00,2698.5216666666665
2020-10-14 08:00:00,3071.255
2020-10-14 09:00:00,4598.061111111111
2020-10-14 10:00:00,3111.2655555555557
2020-10-14 11:00:00,1580.2095833333333
2020-10-14 12:00:00,548.0311111111112
2020-10-14 13:00:00,460.60284722222224
2020-10-14 14:00:00,555.9075694444444
2020-10-14 15:00:00,794.27125
2020-10-14 16:00:00,808.5859027777777
2020-10-14 17:00:00,657.0252083333334
2020-10-14 18:00:00,795.9836111111111
2020-10-14 19:00:00,829.9356944444445
2020-10-14 20:00:00,809.6897222222223
2020-10-14 21:00:00,820.4670833333333
2020-10-14 22:00:00,826.5505555555555
2020-10-14 23:00:00,829.4097222222222
2020-10-15 00:00:00,840.4
2020-10-15 01:00:00,838.4238888888889
2020-10-15 02:00:00,809.0225
2020-10-15 03:00:00,1925.1525
2020-10-15 04:00:00,2668.5525
2020-10-15 05:00:00,1951.3369444444445
2020-10-15 06:00:00,2902.6672222222223
2020-10-15 07:00:00,2923.6694444444443
2020-10-15 08:00:00,1678.163611111111
2020-10-15 09:00:00,2498.443333333333
2020-10-15 10:00:00,2647.0575
2020-10-15 11:00:00,2616.7675
2020-10-15 12:00:00,1277.6269444444445
2020-10-15 13:00:00,441.48829861111113
2020-10-15 14:00:00,438.70725694444445
2020-10-15 15:00:00,526.7011458333334
2020-10-15 16:00:00,809.4948611111112
2020-10-15 17:00:00,659.0395138888889
2020-10-15 18:00:00,778.69375
2020-10-15 19:00:00,816.7041666666667
2020-10-15 20:00:00,824.7546527777778
2020-10-15 21:00:00,819.5368055555556
2020-10-15 22:00:00,821.6347222222222
2020-10-15 23:00:00,835.0483333333333
2020-10-16 00:00:00,833.8509722222223
2020-10-16 01:00:00,831.49375
2020-10-16 02:00:00,830.8795833333334
2020-10-16 03:00:00,861.7100694444445
2020-10-16 04:00:00,1814.38375
2020-10-16 05:00:00,3449.3655555555556
2020-10-16 06:00:00,4156.649444444444
2020-10-16 07:00:00,4638.089166666667
2020-10-16 08:00:00,1857.3152777777777
2020-10-16 09:00:00,1821.65375
2020-10-16 10:00:00,1776.0527777777777
2020-10-16 11:00:00,1953.5195833333332
2020-10-16 12:00:00,562.0803472222223
2020-10-16 13:00:00,449.2273263888889
2020-10-16 14:00:00,458.3459027777778
2020-10-16 15:00:00,788.4988888888889
2020-10-16 16:00:00,815.8549305555556
2020-10-16 17:00:00,669.7967361111112
2020-10-16 18:00:00,781.5911805555555
2020-10-16 19:00:00,805.7259722222223
2020-10-16 20:00:00,804.7430555555555
2020-10-16 21:00:00,820.818125
2020-10-16 22:00:00,833.6047916666666
2020-10-16 23:00:00,812.9195833333333
2020-10-17 00:00:00,797.89625
2020-10-17 01:00:00,810.8498611111111
2020-10-17 02:00:00,812.4540277777778
2020-10-17 03:00:00,802.1131944444444
2020-10-17 04:00:00,792.5519444444444
2020-10-17 05:00:00,798.8683333333333
2020-10-17 06:00:00,800.3927777777777
2020-10-17 07:00:00,1539.9455555555555
2020-10-17 08:00:00,2698.452222222222
2020-10-17 09:00:00,2664.7644444444445
2020-10-17 10:00:00,997.5702083333333
2020-10-17 11:00:00,560.5221527777778
2020-10-17 12:00:00,557.5985416666666
2020-10-17 13:00:00,553.4208333333333
2020-10-17 14:00:00,573.1514583333334
2020-10-17 15:00:00,758.745625
2020-10-17 16:00:00,801.1993055555556
2020-10-17 17:00:00,825.6190277777778
2020-10-17 18:00:00,829.9163194444444
2020-10-17 19:00:00,825.9591666666666
2020-10-17 20:00:00,827.6325694444445
2020-10-17 21:00:00,821.9341666666667
2020-10-17 22:00:00,820.9565277777778
2020-10-17 23:00:00,831.1640277777777
2020-10-18 00:00:00,827.1117361111111
2020-10-18 01:00:00,819.7113888888889
2020-10-18 02:00:00,819.5346527777778
2020-10-18 03:00:00,822.1052777777778
2020-10-18 04:00:00,815.5596527777777
2020-10-18 05:00:00,821.5233333333333
2020-10-18 06:00:00,810.9770833333333
2020-10-18 07:00:00,1695.7720833333333
2020-10-18 08:00:00,1492.441388888889
2020-10-18 09:00:00,421.7713888888889
2020-10-18 10:00:00,404.5239583333333
2020-10-18 11:00:00,502.2523958333333
2020-10-18 12:00:00,461.4481944444444
2020-10-18 13:00:00,465.05645833333335
2020-10-18 14:00:00,551.4900694444444
2020-10-18 15:00:00,806.1040972222222
2020-10-18 16:00:00,825.9284722222222
2020-10-18 17:00:00,658.3270138888889
2020-10-18 18:00:00,675.1373611111111
2020-10-18 19:00:00,820.3886111111111
2020-10-18 20:00:00,816.5257638888888
2020-10-18 21:00:00,817.4759722222223
2020-10-18 22:00:00,820.6805555555555
2020-10-18 23:00:00,823.4106944444444
2020-10-19 00:00:00,832.5970138888889
2020-10-19 01:00:00,825.4366666666666
2020-10-19 02:00:00,815.6603472222222
2020-10-19 03:00:00,2079.6691666666666
2020-10-19 04:00:00,3455.5577777777776
2020-10-19 05:00:00,1902.533888888889
2020-10-19 06:00:00,3183.8616666666667
2020-10-19 07:00:00,2733.992777777778
2020-10-19 08:00:00,3028.573888888889
2020-10-19 09:00:00,4852.22
2020-10-19 10:00:00,2746.0333333333333
2020-10-19 11:00:00,689.9425
2020-10-19 12:00:00,558.2730902777778
2020-10-19 13:00:00,432.7529166666667
2020-10-19 14:00:00,441.28791666666666
2020-10-19 15:00:00,740.9029166666667
2020-10-19 16:00:00,822.5777777777778
2020-10-19 17:00:00,684.8686805555556
2020-10-19 18:00:00,829.0319444444444
2020-10-19 19:00:00,826.8758333333334
2020-10-19 20:00:00,836.2775
2020-10-19 21:00:00,842.9723611111111
2020-10-19 22:00:00,824.4058333333334
2020-10-19 23:00:00,822.4420833333334
2020-10-20 00:00:00,825.0103472222222
2020-10-20 01:00:00,819.9686805555556
2020-10-20 02:00:00,819.3395833333333
2020-10-20 03:00:00,818.9088194444445
2020-10-20 04:00:00,1806.2020833333333
2020-10-20 05:00:00,2759.9777777777776
2020-10-20 06:00:00,4966.046666666667
2020-10-20 07:00:00,5289.992222222222
2020-10-20 08:00:00,3214.8425
2020-10-20 09:00:00,3123.0741666666668
2020-10-20 10:00:00,4118.638888888889
2020-10-20 11:00:00,4872.142222222222
2020-10-20 12:00:00,1369.705
2020-10-20 13:00:00,683.7365277777777
2020-10-20 14:00:00,691.8618055555555
2020-10-20 15:00:00,2068.0490277777776
2020-10-20 16:00:00,817.4424305555556
2020-10-20 17:00:00,690.2731944444445
2020-10-20 18:00:00,815.61625
2020-10-20 19:00:00,828.8915277777778
2020-10-20 20:00:00,837.9676388888889
2020-10-20 21:00:00,847.3025
2020-10-20 22:00:00,837.9536111111111
2020-10-20 23:00:00,844.1311805555556
2020-10-21 00:00:00,846.2041666666667
2020-10-21 01:00:00,838.2780555555555
2020-10-21 02:00:00,819.4636111111112
2020-10-21 03:00:00,934.4084722222223
2020-10-21 04:00:00,2121.2008333333333
2020-10-21 05:00:00,2578.617222222222
2020-10-21 06:00:00,3411.6422222222222
2020-10-21 07:00:00,3490.2944444444443
2020-10-21 08:00:00,3025.9236111111113
2020-10-21 09:00:00,2500.428611111111
2020-10-21 10:00:00,2777.5627777777777
2020-10-21 11:00:00,2269.402777777778
2020-10-21 12:00:00,559.0763194444445
2020-10-21 13:00:00,474.1604513888889
2020-10-21 14:00:00,512.2142708333333
2020-10-21 15:00:00,688.3028472222222
2020-10-21 16:00:00,826.8744444444444
2020-10-21 17:00:00,750.8447222222222
2020-10-21 18:00:00,800.7959722222222
2020-10-21 19:00:00,840.3681944444445
2020-10-21 20:00:00,829.9140277777777
2020-10-21 21:00:00,836.7347222222222
2020-10-21 22:00:00,846.9780555555556
2020-10-21 23:00:00,845.2019444444444
2020-10-22 00:00:00,838.9600694444445
2020-10-22 01:00:00,829.7298611111111
2020-10-22 02:00:00,819.6505555555556
2020-10-22 03:00:00,2115.228888888889
2020-10-22 04:00:00,4019.051111111111
2020-10-22 05:00:00,4081.9538888888887
2020-10-22 06:00:00,4940.303333333333
2020-10-22 07:00:00,5048.5616666666665
2020-10-22 08:00:00,4463.800277777777
2020-10-22 09:00:00,5070.641111111111
2020-10-22 10:00:00,5380.931111111111
2020-10-22 11:00:00,4160.768888888889
2020-10-22 12:00:00,1594.13375
2020-10-22 13:00:00,512.9995833333334
2020-10-22 14:00:00,604.5013194444444
2020-10-22 15:00:00,710.6099305555556
2020-10-22 16:00:00,824.6002083333333
2020-10-22 17:00:00,754.024375
2020-10-22 18:00:00,792.3733333333333
2020-10-22 19:00:00,835.1840972222222
2020-10-22 20:00:00,831.7919444444444
2020-10-22 21:00:00,844.0623611111112
2020-10-22 22:00:00,851.8301388888889
2020-10-22 23:00:00,852.2722222222222
2020-10-23 00:00:00,826.9404861111111
2020-10-23 01:00:00,826.8809722222222
2020-10-23 02:00:00,826.5238194444445
2020-10-23 03:00:00,939.9533333333334
2020-10-23 04:00:00,2169.8
2020-10-23 05:00:00,3229.6269444444442
2020-10-23 06:00:00,3743.9436111111113
2020-10-23 07:00:00,3532.3341666666665
2020-10-23 08:00:00,2557.942777777778
2020-10-23 09:00:00,2688.2616666666668
2020-10-23 10:00:00,2777.205
2020-10-23 11:00:00,663.5713888888889
2020-10-23 12:00:00,559.6211805555556
2020-10-23 13:00:00,488.21
2020-10-23 14:00:00,513.5935069444445
2020-10-23 15:00:00,600.3193055555555
2020-10-23 16:00:00,821.2490277777778
2020-10-23 17:00:00,726.8281944444444
2020-10-23 18:00:00,801.6029861111111
2020-10-23 19:00:00,843.6886111111111
2020-10-23 20:00:00,851.3415972222223
2020-10-23 21:00:00,855.4436111111111
2020-10-23 22:00:00,853.5640972222222
2020-10-23 23:00:00,831.7442361111111
2020-10-24 00:00:00,841.5633333333334
2020-10-24 01:00:00,841.5038888888889
2020-10-24 02:00:00,837.4270833333334
2020-10-24 03:00:00,1231.413611111111
2020-10-24 04:00:00,2587.2013888888887
2020-10-24 05:00:00,2103.922777777778
2020-10-24 06:00:00,1610.9066666666668
2020-10-24 07:00:00,633.5116666666667
2020-10-24 08:00:00,483.0382638888889
2020-10-24 09:00:00,531.2961805555556
2020-10-24 10:00:00,589.9945833333334
2020-10-24 11:00:00,740.7365277777777
2020-10-24 12:00:00,812.7769444444444
2020-10-24 13:00:00,582.1090972222222
2020-10-24 14:00:00,600.6020833333333
2020-10-24 15:00:00,762.2493055555556
2020-10-24 16:00:00,832.8464583333333
2020-10-24 17:00:00,723.4416666666667
2020-10-24 18:00:00,793.2715972222222
2020-10-24 19:00:00,858.4644444444444
2020-10-24 20:00:00,842.7326388888889
2020-10-24 21:00:00,840.87875
2020-10-24 22:00:00,839.6105555555556
2020-10-24 23:00:00,840.6702083333333
2020-10-25 00:00:00,834.1922916666666
2020-10-25 01:00:00,836.6925694444444
2020-10-25 02:00:00,839.6575
2020-10-25 03:00:00,842.1575
2020-10-25 04:00:00,1284.6758333333332
2020-10-25 05:00:00,2094.3755555555554
2020-10-25 06:00:00,4538.996388888889
2020-10-25 07:00:00,3504.0194444444446
2020-10-25 08:00:00,848.9138888888889
2020-10-25 09:00:00,613.7948611111111
2020-10-25 10:00:00,635.4458333333333
2020-10-25 11:00:00,669.1536111111111
2020-10-25 12:00:00,772.1443055555555
2020-10-25 13:00:00,765.1470138888889
2020-10-25 14:00:00,731.6990277777778
2020-10-25 15:00:00,751.6223611111111
2020-10-25 16:00:00,727.01875
2020-10-25 17:00:00,823.5492361111111
2020-10-25 18:00:00,741.7064583333333
2020-10-25 19:00:00,852.2498611111112
2020-10-25 20:00:00,849.6772222222222
2020-10-25 21:00:00,847.0923611111111
2020-10-25 22:00:00,858.6616666666666
2020-10-25 23:00:00,858.0025
2020-10-26 00:00:00,858.2657638888888
2020-10-26 01:00:00,861.0938194444444
2020-10-26 02:00:00,850.6669444444444
2020-10-26 03:00:00,835.0711805555555
2020-10-26 04:00:00,2232.5744444444445
2020-10-26 05:00:00,2222.0655555555554
2020-10-26 06:00:00,2093.4005555555555
2020-10-26 07:00:00,3065.928611111111
2020-10-26 08:00:00,5069.730555555556
2020-10-26 09:00:00,3221.1180555555557
2020-10-26 10:00:00,3541.931666666667
2020-10-26 11:00:00,1788.7230555555554
2020-10-26 12:00:00,2421.8411111111113
2020-10-26 13:00:00,861.3068055555556
2020-10-26 14:00:00,524.3385416666666
2020-10-26 15:00:00,614.08375
2020-10-26 16:00:00,817.1825
2020-10-26 17:00:00,828.6298611111112
2020-10-26 18:00:00,828.9561111111111
2020-10-26 19:00:00,825.0902777777778
2020-10-26 20:00:00,828.1625694444444
2020-10-26 21:00:00,841.3722916666667
2020-10-26 22:00:00,847.1384027777777
2020-10-26 23:00:00,833.5049305555556
2020-10-27 00:00:00,832.5748611111111
2020-10-27 01:00:00,830.3261111111111
2020-10-27 02:00:00,833.6344444444444
2020-10-27 03:00:00,820.9972916666667
2020-10-27 04:00:00,1115.3709722222222
2020-10-27 05:00:00,1887.68
2020-10-27 06:00:00,3371.6922222222224
2020-10-27 07:00:00,3374.3444444444444
2020-10-27 08:00:00,3627.9883333333332
2020-10-27 09:00:00,1458.7366666666667
2020-10-27 10:00:00,2313.334861111111
2020-10-27 11:00:00,2636.3258333333333
2020-10-27 12:00:00,1993.3368055555557
2020-10-27 13:00:00,587.5044444444444
2020-10-27 14:00:00,874.5153472222222
2020-10-27 15:00:00,854.2383333333333
2020-10-27 16:00:00,770.8490277777778
2020-10-27 17:00:00,820.965
2020-10-27 18:00:00,716.3116666666666
2020-10-27 19:00:00,832.4086805555555
2020-10-27 20:00:00,835.7875
2020-10-27 21:00:00,835.8975
2020-10-27 22:00:00,826.7132638888888
2020-10-27 23:00:00,826.8281944444444
2020-10-28 00:00:00,829.1119444444445
2020-10-28 01:00:00,835.6681944444445
2020-10-28 02:00:00,829.1154166666666
2020-10-28 03:00:00,826.0566666666666
2020-10-28 04:00:00,826.2390277777778
2020-10-28 05:00:00,1830.5447222222222
2020-10-28 06:00:00,2482.4977777777776
2020-10-28 07:00:00,2509.858888888889
2020-10-28 08:00:00,2530.5177777777776
2020-10-28 09:00:00,2831.4580555555553
2020-10-28 10:00:00,1455.2333333333333
2020-10-28 11:00:00,2606.48
2020-10-28 12:00:00,1829.6336111111111
2020-10-28 13:00:00,555.6991666666667
2020-10-28 14:00:00,589.82875
2020-10-28 15:00:00,869.0459722222222
2020-10-28 16:00:00,901.7625
2020-10-28 17:00:00,826.566875
2020-10-28 18:00:00,702.5184722222223
2020-10-28 19:00:00,829.4791666666666
2020-10-28 20:00:00,833.7308333333333
2020-10-28 21:00:00,828.2456944444444
2020-10-28 22:00:00,834.5632638888889
2020-10-28 23:00:00,831.7272222222222
2020-10-29 00:00:00,812.9815277777777
2020-10-29 01:00:00,825.5620833333334
2020-10-29 02:00:00,817.4884027777778
2020-10-29 03:00:00,820.4492361111111
2020-10-29 04:00:00,1588.6180555555557
2020-10-29 05:00:00,1920.28
2020-10-29 06:00:00,3103.165
2020-10-29 07:00:00,5058.935555555556
2020-10-29 08:00:00,5046.9094444444445
2020-10-29 09:00:00,3788.811111111111
2020-10-29 10:00:00,4558.492222222222
2020-10-29 11:00:00,5109.648888888889
2020-10-29 12:00:00,5027.404444444444
2020-10-29 13:00:00,5017.897777777778
2020-10-29 14:00:00,1762.1815277777778
2020-10-29 15:00:00,741.8951388888889
2020-10-29 16:00:00,1101.5492361111112
2020-10-29 17:00:00,806.7138888888888
2020-10-29 18:00:00,710.0947222222222
2020-10-29 19:00:00,820.1451388888889
2020-10-29 20:00:00,828.9470833333334
2020-10-29 21:00:00,830.7078472222222
2020-10-29 22:00:00,820.3979166666667
2020-10-29 23:00:00,812.9709722222223
2020-10-30 00:00:00,836.2452777777778
2020-10-30 01:00:00,838.7733333333333
2020-10-30 02:00:00,843.9202777777778
2020-10-30 03:00:00,839.6619444444444
2020-10-30 04:00:00,817.93
2020-10-30 05:00:00,1974.79625
2020-10-30 06:00:00,4079.302777777778
2020-10-30 07:00:00,3996.4494444444445
2020-10-30 08:00:00,4126.767777777778
2020-10-30 09:00:00,2475.678888888889
2020-10-30 10:00:00,1698.2602777777777
2020-10-30 11:00:00,2527.1369444444445
2020-10-30 12:00:00,1101.59125
2020-10-30 13:00:00,832.8609027777778
2020-10-30 14:00:00,702.5177083333333
2020-10-30 15:00:00,728.1311111111111
2020-10-30 16:00:00,790.1866666666666
2020-10-30 17:00:00,829.42125
2020-10-30 18:00:00,739.1226388888889
2020-10-30 19:00:00,840.1341666666667
2020-10-30 20:00:00,838.9898611111112
2020-10-30 21:00:00,853.4103472222222
2020-10-30 22:00:00,841.4841666666666
2020-10-30 23:00:00,835.3801388888888
2020-10-31 00:00:00,840.3485416666666
2020-10-31 01:00:00,844.3254166666667
2020-10-31 02:00:00,841.0122222222222
2020-10-31 03:00:00,834.2294444444444
2020-10-31 04:00:00,842.3025
2020-10-31 05:00:00,842.1184027777778
2020-10-31 06:00:00,1711.8566666666666
2020-10-31 07:00:00,2459.89
2020-10-31 08:00:00,2321.329166666667
2020-10-31 09:00:00,1564.15375
2020-10-31 10:00:00,618.8088888888889
2020-10-31 11:00:00,569.6258333333334
2020-10-31 12:00:00,673.0567361111111
2020-10-31 13:00:00,806.0031944444445
2020-10-31 14:00:00,516.1300694444444
2020-10-31 15:00:00,645.4963888888889
2020-10-31 16:00:00,772.41625
2020-10-31 17:00:00,835.1422916666667
2020-10-31 18:00:00,737.5481944444444
2020-10-31 19:00:00,833.0347916666667
2020-10-31 20:00:00,838.4815277777777
2020-10-31 21:00:00,823.49625
2020-10-31 22:00:00,849.7270833333333
2020-10-31 23:00:00,851.3468055555555
2020-11-01 00:00:00,852.0283333333333
2020-11-01 01:00:00,843.5123611111111
2020-11-01 02:00:00,836.8548611111111
2020-11-01 03:00:00,839.0425694444444
2020-11-01 04:00:00,847.0803472222223
2020-11-01 05:00:00,844.84375
2020-11-01 06:00:00,857.5877777777778
2020-11-01 07:00:00,786.0297222222222
2020-11-01 08:00:00,572.8545833333334
2020-11-01 09:00:00,553.3685416666667
2020-11-01 10:00:00,2268.2
2020-11-01 11:00:00,3172.18
2020-11-01 12:00:00,484.3747222222222
2020-11-01 13:00:00,546.9988194444444
2020-11-01 14:00:00,741.5647222222223
2020-11-01 15:00:00,807.5107638888888
2020-11-01 16:00:00,848.3502777777778
2020-11-01 17:00:00,837.9325
2020-11-01 18:00:00,753.43875
2020-11-01 19:00:00,838.4984027777778
2020-11-01 20:00:00,853.1383333333333
2020-11-01 21:00:00,846.2978472222222
2020-11-01 22:00:00,833.4898611111112
2020-11-01 23:00:00,840.2779861111111
2020-11-02 00:00:00,843.7392361111112
2020-11-02 01:00:00,854.9198611111111
2020-11-02 02:00:00,840.7363888888889
2020-11-02 03:00:00,824.7208333333333
2020-11-02 04:00:00,2292.213888888889
2020-11-02 05:00:00,1994.328888888889
2020-11-02 06:00:00,4146.098333333333
2020-11-02 07:00:00,3248.1005555555557
2020-11-02 08:00:00,3607.0441666666666
2020-11-02 09:00:00,3281.5633333333335
2020-11-02 10:00:00,2773.6111111111113
2020-11-02 11:00:00,2864.4861111111113
2020-11-02 12:00:00,1000.775625
2020-11-02 13:00:00,632.5315972222222
2020-11-02 14:00:00,742.2547222222222
2020-11-02 15:00:00,754.4829166666667
2020-11-02 16:00:00,829.5156944444444
2020-11-02 17:00:00,831.7647222222222
2020-11-02 18:00:00,741.6093055555556
2020-11-02 19:00:00,817.6215277777778
2020-11-02 20:00:00,830.46
2020-11-02 21:00:00,835.7330555555556
2020-11-02 22:00:00,836.0211111111112
2020-11-02 23:00:00,832.6861805555556
2020-11-03 00:00:00,827.3891666666667
2020-11-03 01:00:00,827.8469444444445
2020-11-03 02:00:00,827.5703472222223
2020-11-03 03:00:00,838.0045833333334
2020-11-03 04:00:00,1002.6541666666667
2020-11-03 05:00:00,1866.8001388888888
2020-11-03 06:00:00,3286.464722222222
2020-11-03 07:00:00,4128.5888888888885
2020-11-03 08:00:00,2781.6388888888887
2020-11-03 09:00:00,2357.6058333333335
2020-11-03 10:00:00,2577.386111111111
2020-11-03 11:00:00,1889.8372222222222
2020-11-03 12:00:00,1844.57
2020-11-03 13:00:00,639.9176388888889
2020-11-03 14:00:00,449.93177083333336
2020-11-03 15:00:00,620.0678472222222
2020-11-03 16:00:00,815.65125
2020-11-03 17:00:00,812.2280555555556
2020-11-03 18:00:00,674.8795833333334
2020-11-03 19:00:00,815.2073611111111
2020-11-03 20:00:00,810.136875
2020-11-03 21:00:00,819.2101388888889
2020-11-03 22:00:00,823.8603472222222
2020-11-03 23:00:00,833.8291666666667
2020-11-04 00:00:00,829.6100694444444
2020-11-04 01:00:00,835.6123611111111
2020-11-04 02:00:00,835.8718055555555
2020-11-04 03:00:00,831.7688888888889
2020-11-04 04:00:00,821.5681944444444
2020-11-04 05:00:00,1674.434861111111
2020-11-04 06:00:00,3005.2980555555555
2020-11-04 07:00:00,2306.3366666666666
2020-11-04 08:00:00,2574.8186111111113
2020-11-04 09:00:00,2231.922777777778
2020-11-04 10:00:00,1786.4154166666667
2020-11-04 11:00:00,1782.1244444444444
2020-11-04 12:00:00,584.550625
2020-11-04 13:00:00,557.3274305555556
2020-11-04 14:00:00,447.689375
2020-11-04 15:00:00,561.0403472222222
2020-11-04 16:00:00,826.4873611111111
2020-11-04 17:00:00,825.6459722222222
2020-11-04 18:00:00,662.799375
2020-11-04 19:00:00,809.8675
2020-11-04 20:00:00,832.496875
2020-11-04 21:00:00,833.6595833333333
2020-11-04 22:00:00,819.5352777777778
2020-11-04 23:00:00,827.6422222222222
2020-11-05 00:00:00,828.7845833333333
2020-11-05 01:00:00,835.8296527777778
2020-11-05 02:00:00,831.435625
2020-11-05 03:00:00,826.0602777777777
2020-11-05 04:00:00,2145.0006944444444
2020-11-05 05:00:00,1528.9441666666667
2020-11-05 06:00:00,2640.150277777778
2020-11-05 07:00:00,1843.483611111111
2020-11-05 08:00:00,1627.9325
2020-11-05 09:00:00,1409.6033333333332
2020-11-05 10:00:00,1636.3159722222222
2020-11-05 11:00:00,1586.8452777777777
2020-11-05 12:00:00,1625.048611111111
2020-11-05 13:00:00,1991.2391666666667
2020-11-05 14:00:00,586.6831944444444
2020-11-05 15:00:00,682.2930555555556
2020-11-05 16:00:00,822.0970833333333
2020-11-05 17:00:00,828.6426388888889
2020-11-05 18:00:00,675.5670833333334
2020-11-05 19:00:00,798.008125
2020-11-05 20:00:00,826.398125
2020-11-05 21:00:00,833.7749305555556
2020-11-05 22:00:00,827.0061111111111
2020-11-05 23:00:00,825.7851388888889
2020-11-06 00:00:00,828.7597222222222
2020-11-06 01:00:00,834.1705555555556
2020-11-06 02:00:00,829.1283333333333
2020-11-06 03:00:00,827.0029166666667
2020-11-06 04:00:00,1094.5403472222222
2020-11-06 05:00:00,1927.7927777777777
2020-11-06 06:00:00,2420.6280555555554
2020-11-06 07:00:00,3434.3702777777776
2020-11-06 08:00:00,2815.9080555555556
2020-11-06 09:00:00,1548.100138888889
2020-11-06 10:00:00,1592.79
2020-11-06 11:00:00,2377.4594444444447
2020-11-06 12:00:00,1059.0723611111111
2020-11-06 13:00:00,556.0347569444444
2020-11-06 14:00:00,519.5386805555555
2020-11-06 15:00:00,601.5333333333333
2020-11-06 16:00:00,816.1947222222223
2020-11-06 17:00:00,829.0103472222222
2020-11-06 18:00:00,680.2026388888889
2020-11-06 19:00:00,794.3526388888889
2020-11-06 20:00:00,836.7304166666667
2020-11-06 21:00:00,823.98625
2020-11-06 22:00:00,830.1247222222222
2020-11-06 23:00:00,837.0903472222222
2020-11-07 00:00:00,838.1338194444445
2020-11-07 01:00:00,841.3482638888889
2020-11-07 02:00:00,845.1498611111111
2020-11-07 03:00:00,845.4551388888889
2020-11-07 04:00:00,844.3084722222222
2020-11-07 05:00:00,631.0575694444444
2020-11-07 06:00:00,777.2271527777777
2020-11-07 07:00:00,1046.1249305555555
2020-11-07 08:00:00,1984.5989583333333
2020-11-07 09:00:00,1379.9911111111112
2020-11-07 10:00:00,493.8129166666667
2020-11-07 11:00:00,519.86
2020-11-07 12:00:00,517.7584375
2020-11-07 13:00:00,523.616875
2020-11-07 14:00:00,422.21006944444446
2020-11-07 15:00:00,534.9791666666666
2020-11-07 16:00:00,735.3384722222222
2020-11-07 17:00:00,731.6361111111111
2020-11-07 18:00:00,593.7029861111112
2020-11-07 19:00:00,685.2513888888889
2020-11-07 20:00:00,740.4017361111111
2020-11-07 21:00:00,742.9445138888889
2020-11-07 22:00:00,744.2665277777778
2020-11-07 23:00:00,738.9443055555555
2020-11-08 00:00:00,728.4358333333333
2020-11-08 01:00:00,724.4392361111111
2020-11-08 02:00:00,725.6145833333334
2020-11-08 03:00:00,724.3526388888889
2020-11-08 04:00:00,721.4990277777778
2020-11-08 05:00:00,536.7894791666666
2020-11-08 06:00:00,643.0408333333334
2020-11-08 07:00:00,1312.1661111111111
2020-11-08 08:00:00,2130.3922222222222
2020-11-08 09:00:00,443.7498611111111
2020-11-08 10:00:00,516.6752777777778
2020-11-08 11:00:00,573.5339583333333
2020-11-08 12:00:00,575.0959722222223
2020-11-08 13:00:00,572.9119097222223
2020-11-08 14:00:00,467.0595486111111
2020-11-08 15:00:00,609.7740277777777
2020-11-08 16:00:00,835.4483333333334
2020-11-08 17:00:00,829.4431944444444
2020-11-08 18:00:00,747.4695833333334
2020-11-08 19:00:00,841.3604166666667
2020-11-08 20:00:00,838.3111111111111
2020-11-08 21:00:00,835.0095833333334
2020-11-08 22:00:00,823.0581944444444
2020-11-08 23:00:00,831.0847222222222
2020-11-09 00:00:00,836.6709722222222
2020-11-09 01:00:00,833.3259027777777
2020-11-09 02:00:00,831.4745138888889
2020-11-09 03:00:00,821.2848611111111
2020-11-09 04:00:00,1552.3722222222223
2020-11-09 05:00:00,1605.5611111111111
2020-11-09 06:00:00,3749.512777777778
2020-11-09 07:00:00,4208.151666666667
2020-11-09 08:00:00,2738.964722222222
2020-11-09 09:00:00,2178.4283333333333
2020-11-09 10:00:00,2231.6877777777777
2020-11-09 11:00:00,1332.2977777777778
2020-11-09 12:00:00,1071.1965277777779
2020-11-09 13:00:00,1270.2380555555555
2020-11-09 14:00:00,404.9670486111111
2020-11-09 15:00:00,705.6209027777778
2020-11-09 16:00:00,800.1454861111112
2020-11-09 17:00:00,813.6915972222222
2020-11-09 18:00:00,622.1702777777778
2020-11-09 19:00:00,818.2439583333334
2020-11-09 20:00:00,821.0934722222222
2020-11-09 21:00:00,825.3004861111111
2020-11-09 22:00:00,825.3108333333333
2020-11-09 23:00:00,817.7408333333333
2020-11-10 00:00:00,820.0565277777778
2020-11-10 01:00:00,824.5498611111111
2020-11-10 02:00:00,817.3940972222222
2020-11-10 03:00:00,814.8801388888888
2020-11-10 04:00:00,799.4540277777778
2020-11-10 05:00:00,1806.5819444444444
2020-11-10 06:00:00,2662.9255555555555
2020-11-10 07:00:00,2681.746111111111
2020-11-10 08:00:00,2812.3880555555556
2020-11-10 09:00:00,2465.3769444444442
2020-11-10 10:00:00,3771.0244444444443
2020-11-10 11:00:00,3709.403333333333
2020-11-10 12:00:00,1266.6961111111111
2020-11-10 13:00:00,817.89625
2020-11-10 14:00:00,605.0508333333333
2020-11-10 15:00:00,805.4177777777778
2020-11-10 16:00:00,795.5340972222223
2020-11-10 17:00:00,803.6006944444445
2020-11-10 18:00:00,623.8341666666666
2020-11-10 19:00:00,822.5808333333333
2020-11-10 20:00:00,822.99375
2020-11-10 21:00:00,815.0852777777778
2020-11-10 22:00:00,821.7329861111111
2020-11-10 23:00:00,812.7929166666667
2020-11-11 00:00:00,813.0856944444445
2020-11-11 01:00:00,813.86375
2020-11-11 02:00:00,815.7756944444444
2020-11-11 03:00:00,814.0541666666667
2020-11-11 04:00:00,800.8227083333334
2020-11-11 05:00:00,1792.5719444444444
2020-11-11 06:00:00,1683.9130555555555
2020-11-11 07:00:00,2872.9783333333335
2020-11-11 08:00:00,3332.6291666666666
2020-11-11 09:00:00,2850.7208333333333
2020-11-11 10:00:00,2280.797777777778
2020-11-11 11:00:00,1967.4706944444445
2020-11-11 12:00:00,1477.0129166666666
2020-11-11 13:00:00,813.0176388888889
2020-11-11 14:00:00,650.01625
2020-11-11 15:00:00,813.2934722222222
2020-11-11 16:00:00,814.3866666666667
2020-11-11 17:00:00,824.9426388888888
2020-11-11 18:00:00,702.80125
2020-11-11 19:00:00,820.1921527777778
2020-11-11 20:00:00,816.1863888888889
2020-11-11 21:00:00,815.3811805555556
2020-11-11 22:00:00,824.6566666666666
2020-11-11 23:00:00,825.27
2020-11-12 00:00:00,808.0636111111111
2020-11-12 01:00:00,810.4806944444445
2020-11-12 02:00:00,805.7572222222223
2020-11-12 03:00:00,807.1888888888889
2020-11-12 04:00:00,1342.5991666666666
2020-11-12 05:00:00,1482.4725
2020-11-12 06:00:00,3033.6477777777777
2020-11-12 07:00:00,1907.0211111111112
2020-11-12 08:00:00,1683.5925
2020-11-12 09:00:00,1622.175
2020-11-12 10:00:00,1638.3863888888889
2020-11-12 11:00:00,1734.6205555555555
2020-11-12 12:00:00,1795.4330555555555
2020-11-12 13:00:00,2036.191111111111
2020-11-12 14:00:00,509.9392361111111
2020-11-12 15:00:00,772.4573611111111
2020-11-12 16:00:00,817.7453472222222
2020-11-12 17:00:00,813.8936111111111
2020-11-12 18:00:00,719.7351388888889
2020-11-12 19:00:00,805.2638888888889
2020-11-12 20:00:00,815.7975
2020-11-12 21:00:00,822.1620138888889
2020-11-12 22:00:00,821.393125
2020-11-12 23:00:00,813.1018055555555
2020-11-13 00:00:00,808.5773611111111
2020-11-13 01:00:00,812.6625
2020-11-13 02:00:00,808.8863888888889
2020-11-13 03:00:00,799.1173784722222
2020-11-13 04:00:00,791.5290277777777
2020-11-13 05:00:00,1461.9952777777778
2020-11-13 06:00:00,3822.5383333333334
2020-11-13 07:00:00,3847.0169444444446
2020-11-13 08:00:00,2432.5216666666665
2020-11-13 09:00:00,2179.5045833333334
2020-11-13 10:00:00,2359.65
2020-11-13 11:00:00,1793.1081944444445
2020-11-13 12:00:00,2197.9975
2020-11-13 13:00:00,591.214375
2020-11-13 14:00:00,621.0848611111111
2020-11-13 15:00:00,797.9777777777778
2020-11-13 16:00:00,813.3676388888889
2020-11-13 17:00:00,815.4999305555556
2020-11-13 18:00:00,694.448125
2020-11-13 19:00:00,818.3956944444444
2020-11-13 20:00:00,822.6551388888889
2020-11-13 21:00:00,817.299375
2020-11-13 22:00:00,818.30625
2020-11-13 23:00:00,818.6797916666667
2020-11-14 00:00:00,819.6927777777778
2020-11-14 01:00:00,824.6465277777778
2020-11-14 02:00:00,827.1991666666667
2020-11-14 03:00:00,826.0564583333334
2020-11-14 04:00:00,816.4386111111111
2020-11-14 05:00:00,1539.3727777777779
2020-11-14 06:00:00,2726.42
2020-11-14 07:00:00,2160.8502777777776
2020-11-14 08:00:00,792.6460416666666
2020-11-14 09:00:00,493.1948611111111
2020-11-14 10:00:00,542.5801388888889
2020-11-14 11:00:00,728.3422916666667
2020-11-14 12:00:00,566.7097916666667
2020-11-14 13:00:00,652.701875
2020-11-14 14:00:00,675.5805555555555
2020-11-14 15:00:00,807.5407638888889
2020-11-14 16:00:00,821.4977777777777
2020-11-14 17:00:00,827.0865972222222
2020-11-14 18:00:00,821.6409027777778
2020-11-14 19:00:00,824.5540972222223
2020-11-14 20:00:00,821.8626388888889
2020-11-14 21:00:00,825.54875
2020-11-14 22:00:00,826.4954861111111
2020-11-14 23:00:00,836.8872916666667
2020-11-15 00:00:00,826.9256944444444
2020-11-15 01:00:00,826.1769444444444
2020-11-15 02:00:00,830.5458333333333
2020-11-15 03:00:00,832.6802777777777
2020-11-15 04:00:00,823.9461111111111
2020-11-15 05:00:00,1393.2347222222222
2020-11-15 06:00:00,2607.268888888889
2020-11-15 07:00:00,1224.0211111111112
2020-11-15 08:00:00,663.3492361111112
2020-11-15 09:00:00,453.59763888888887
2020-11-15 10:00:00,529.0013194444444
2020-11-15 11:00:00,566.4095833333333
2020-11-15 12:00:00,566.9890972222222
2020-11-15 13:00:00,559.0009027777778
2020-11-15 14:00:00,492.4838888888889
2020-11-15 15:00:00,813.8685416666667
2020-11-15 16:00:00,823.3515277777777
2020-11-15 17:00:00,824.8418055555555
2020-11-15 18:00:00,794.4161805555556
2020-11-15 19:00:00,812.8026388888889
2020-11-15 20:00:00,807.3095138888889
2020-11-15 21:00:00,811.8681944444445
2020-11-15 22:00:00,822.9634722222222
2020-11-15 23:00:00,822.5953472222222
2020-11-16 00:00:00,819.2940972222223
2020-11-16 01:00:00,811.8701388888888
2020-11-16 02:00:00,804.2956944444444
2020-11-16 03:00:00,797.1879861111111
2020-11-16 04:00:00,1350.586388888889
2020-11-16 05:00:00,1665.8113888888888
2020-11-16 06:00:00,2521.4861111111113
2020-11-16 07:00:00,1666.5015277777777
2020-11-16 08:00:00,1515.9451388888888
2020-11-16 09:00:00,1387.1205555555555
2020-11-16 10:00:00,1562.8022222222223
2020-11-16 11:00:00,1556.86
2020-11-16 12:00:00,2109.2779166666664
2020-11-16 13:00:00,759.0395833333333
2020-11-16 14:00:00,664.755625
2020-11-16 15:00:00,800.1354166666666
2020-11-16 16:00:00,783.8931944444445
2020-11-16 17:00:00,790.4001388888889
2020-11-16 18:00:00,722.7322222222223
2020-11-16 19:00:00,800.1632638888889
2020-11-16 20:00:00,804.2326388888889
2020-11-16 21:00:00,819.56375
2020-11-16 22:00:00,812.67125
2020-11-16 23:00:00,807.7147916666667
2020-11-17 00:00:00,802.7976388888889
2020-11-17 01:00:00,798.0922916666667
2020-11-17 02:00:00,791.0393055555555
2020-11-17 03:00:00,784.9840277777778
2020-11-17 04:00:00,794.2584722222222
2020-11-17 05:00:00,1693.0966666666666
2020-11-17 06:00:00,3938.415
2020-11-17 07:00:00,3231.286666666667
2020-11-17 08:00:00,2867.7638888888887
2020-11-17 09:00:00,1857.3909722222222
2020-11-17 10:00:00,2156.0005555555554
2020-11-17 11:00:00,3047.0894444444443
2020-11-17 12:00:00,2465.338333333333
2020-11-17 13:00:00,1147.9765277777778
2020-11-17 14:00:00,634.1856944444445
2020-11-17 15:00:00,811.9180555555556
2020-11-17 16:00:00,802.5613194444444
2020-11-17 17:00:00,796.1693055555555
2020-11-17 18:00:00,726.6970833333334
2020-11-17 19:00:00,802.8379166666666
2020-11-17 20:00:00,809.5972222222222
2020-11-17 21:00:00,813.7475694444445
2020-11-17 22:00:00,820.7949305555555
2020-11-17 23:00:00,816.69125
2020-11-18 00:00:00,801.6417361111111
2020-11-18 01:00:00,803.9141666666667
2020-11-18 02:00:00,802.1966666666667
2020-11-18 03:00:00,805.7136111111112
2020-11-18 04:00:00,1141.1715277777778
2020-11-18 05:00:00,2274.891111111111
2020-11-18 06:00:00,3121.9113888888887
2020-11-18 07:00:00,2346.7272222222223
2020-11-18 08:00:00,2614.1694444444443
2020-11-18 09:00:00,2357.5025
2020-11-18 10:00:00,1381.3669444444445
2020-11-18 11:00:00,2085.7943055555556
2020-11-18 12:00:00,2328.2294444444447
2020-11-18 13:00:00,846.4008333333334
2020-11-18 14:00:00,472.335625
2020-11-18 15:00:00,706.298125
2020-11-18 16:00:00,807.3790277777778
2020-11-18 17:00:00,795.0586111111111
2020-11-18 18:00:00,740.278125
2020-11-18 19:00:00,808.6309722222222
2020-11-18 20:00:00,811.5634722222222
2020-11-18 21:00:00,806.7595833333334
2020-11-18 22:00:00,819.8484461805556
2020-11-18 23:00:00,810.6024305555555
2020-11-19 00:00:00,804.5405555555556
2020-11-19 01:00:00,809.8154166666667
2020-11-19 02:00:00,804.433125
2020-11-19 03:00:00,789.0248611111111
2020-11-19 04:00:00,2037.881111111111
2020-11-19 05:00:00,1626.3254166666666
2020-11-19 06:00:00,2122.932222222222
2020-11-19 07:00:00,1184.8025
2020-11-19 08:00:00,1478.6841666666667
2020-11-19 09:00:00,1394.8561111111112
2020-11-19 10:00:00,1416.9902777777777
2020-11-19 11:00:00,1378.6234722222223
2020-11-19 12:00:00,1675.8494444444445
2020-11-19 13:00:00,2175.9952777777776
2020-11-19 14:00:00,461.9165972222222
2020-11-19 15:00:00,735.4922916666667
2020-11-19 16:00:00,810.01625
2020-11-19 17:00:00,798.2563888888889
2020-11-19 18:00:00,650.0784722222222
2020-11-19 19:00:00,796.8625
2020-11-19 20:00:00,816.3173611111112
2020-11-19 21:00:00,823.5231944444445
2020-11-19 22:00:00,809.6234722222222
2020-11-19 23:00:00,818.0280555555555
2020-11-20 00:00:00,819.7944444444445
2020-11-20 01:00:00,817.9070833333334
2020-11-20 02:00:00,809.2252777777778
2020-11-20 03:00:00,812.9544444444444
2020-11-20 04:00:00,1030.8943055555555
2020-11-20 05:00:00,2044.78
2020-11-20 06:00:00,2807.2452777777776
2020-11-20 07:00:00,4380.0344444444445
2020-11-20 08:00:00,3851.1044444444447
2020-11-20 09:00:00,2465.4555555555557
2020-11-20 10:00:00,3006.8930555555557
2020-11-20 11:00:00,3901.2894444444446
2020-11-20 12:00:00,1974.7220833333333
2020-11-20 13:00:00,539.5793055555556
2020-11-20 14:00:00,443.23534722222223
2020-11-20 15:00:00,733.0776388888889
2020-11-20 16:00:00,798.0265277777778
2020-11-20 17:00:00,809.181875
2020-11-20 18:00:00,686.3227777777778
2020-11-20 19:00:00,813.1025
2020-11-20 20:00:00,821.25375
2020-11-20 21:00:00,795.9023611111111
2020-11-20 22:00:00,803.6394444444444
2020-11-20 23:00:00,820.8939583333333
2020-11-21 00:00:00,817.3915277777778
2020-11-21 01:00:00,821.3071527777778
2020-11-21 02:00:00,829.9559027777777
2020-11-21 03:00:00,816.3130555555556
2020-11-21 04:00:00,801.2338194444444
2020-11-21 05:00:00,821.0241666666667
2020-11-21 06:00:00,807.4203472222222
2020-11-21 07:00:00,795.5216666666666
2020-11-21 08:00:00,799.3629861111111
2020-11-21 09:00:00,804.9183333333333
2020-11-21 10:00:00,961.3511111111111
2020-11-21 11:00:00,1622.4155555555556
2020-11-21 12:00:00,1229.327638888889
2020-11-21 13:00:00,1140.5440277777777
2020-11-21 14:00:00,743.3783333333333
2020-11-21 15:00:00,820.4650694444445
2020-11-21 16:00:00,805.6409722222222
2020-11-21 17:00:00,806.2251388888889
2020-11-21 18:00:00,675.8411805555555
2020-11-21 19:00:00,814.1826388888888
2020-11-21 20:00:00,820.8188194444444
2020-11-21 21:00:00,812.2134722222222
2020-11-21 22:00:00,813.8931944444445
2020-11-21 23:00:00,812.3234027777778
2020-11-22 00:00:00,814.3873611111111
2020-11-22 01:00:00,817.6880555555556
2020-11-22 02:00:00,815.6363888888889
2020-11-22 03:00:00,818.7519444444445
2020-11-22 04:00:00,992.7564583333333
2020-11-22 05:00:00,1627.8283333333334
2020-11-22 06:00:00,2021.7613888888889
2020-11-22 07:00:00,2610.682222222222
2020-11-22 08:00:00,1105.57
2020-11-22 09:00:00,405.3668055555556
2020-11-22 10:00:00,503.3544444444444
2020-11-22 11:00:00,537.4824652777778
2020-11-22 12:00:00,540.1479861111111
2020-11-22 13:00:00,543.8633680555556
2020-11-22 14:00:00,420.07927083333334
2020-11-22 15:00:00,763.5009722222222
2020-11-22 16:00:00,801.2963888888889
2020-11-22 17:00:00,812.5652083333333
2020-11-22 18:00:00,710.583125
2020-11-22 19:00:00,824.05625
2020-11-22 20:00:00,809.4198611111111
2020-11-22 21:00:00,802.9088888888889
2020-11-22 22:00:00,822.6338888888889
2020-11-22 23:00:00,810.0431944444445
2020-11-23 00:00:00,806.5002777777778
2020-11-23 01:00:00,803.3065972222222
2020-11-23 02:00:00,840.8983333333333
2020-11-23 03:00:00,834.5275
2020-11-23 04:00:00,1995.9877777777779
2020-11-23 05:00:00,2027.7152777777778
2020-11-23 06:00:00,2820.0866666666666
2020-11-23 07:00:00,2409.98
2020-11-23 08:00:00,2518.1672222222223
2020-11-23 09:00:00,1778.3884722222222
2020-11-23 10:00:00,2142.4756944444443
2020-11-23 11:00:00,2635.9619444444443
2020-11-23 12:00:00,2556.244722222222
2020-11-23 13:00:00,546.6185416666667
2020-11-23 14:00:00,412.9272916666667
2020-11-23 15:00:00,734.3977777777778
2020-11-23 16:00:00,803.4023611111111
2020-11-23 17:00:00,810.9416666666667
2020-11-23 18:00:00,647.2841666666667
2020-11-23 19:00:00,801.5608333333333
2020-11-23 20:00:00,813.7404861111111
2020-11-23 21:00:00,818.5027777777777
2020-11-23 22:00:00,825.42
2020-11-23 23:00:00,826.1264583333333
2020-11-24 00:00:00,816.9713194444445
2020-11-24 01:00:00,810.7741666666667
2020-11-24 02:00:00,813.5245138888889
2020-11-24 03:00:00,808.3336111111112
2020-11-24 04:00:00,1114.9954166666666
2020-11-24 05:00:00,2019.7233333333334
2020-11-24 06:00:00,3465.0455555555554
2020-11-24 07:00:00,3867.462777777778
2020-11-24 08:00:00,3894.0397222222223
2020-11-24 09:00:00,2900.6855555555558
2020-11-24 10:00:00,3483.532777777778
2020-11-24 11:00:00,4328.766666666666
2020-11-24 12:00:00,935.0519444444444
2020-11-24 13:00:00,543.7304861111111
2020-11-24 14:00:00,417.238125
2020-11-24 15:00:00,1425.9073611111112
2020-11-24 16:00:00,820.6612065972222
2020-11-24 17:00:00,821.7874305555556
2020-11-24 18:00:00,681.2838194444445
2020-11-24 19:00:00,807.796875
2020-11-24 20:00:00,821.6605555555556
2020-11-24 21:00:00,826.52875
2020-11-24 22:00:00,827.3829861111111
2020-11-24 23:00:00,833.3266666666667
2020-11-25 00:00:00,828.5398611111111
2020-11-25 01:00:00,812.5495833333333
2020-11-25 02:00:00,810.1759722222222
2020-11-25 03:00:00,812.7265972222223
2020-11-25 04:00:00,1107.5722222222223
2020-11-25 05:00:00,1971.095
2020-11-25 06:00:00,2667.0419444444447
2020-11-25 07:00:00,2327.510277777778
2020-11-25 08:00:00,2658.5055555555555
2020-11-25 09:00:00,2736.2233333333334
2020-11-25 10:00:00,2622.3375
2020-11-25 11:00:00,1576.767361111111
2020-11-25 12:00:00,1546.0306944444444
2020-11-25 13:00:00,1157.7368055555555
2020-11-25 14:00:00,380.71791666666667
2020-11-25 15:00:00,694.0266666666666
2020-11-25 16:00:00,716.5536805555555
2020-11-25 17:00:00,707.8254861111111
2020-11-25 18:00:00,619.9180555555556
2020-11-25 19:00:00,711.3673611111111
2020-11-25 20:00:00,714.2120138888889
2020-11-25 21:00:00,719.555
2020-11-25 22:00:00,724.2334027777778
2020-11-25 23:00:00,715.3167361111111
2020-11-26 00:00:00,714.8184722222222
2020-11-26 01:00:00,712.1830555555556
2020-11-26 02:00:00,707.4940277777778
2020-11-26 03:00:00,703.0195138888889
2020-11-26 04:00:00,1374.7102777777777
2020-11-26 05:00:00,1707.1625
2020-11-26 06:00:00,2094.277777777778
2020-11-26 07:00:00,2760.081388888889
2020-11-26 08:00:00,2826.4616666666666
2020-11-26 09:00:00,1723.965
2020-11-26 10:00:00,2208.8716666666664
2020-11-26 11:00:00,2964.9869444444444
2020-11-26 12:00:00,2760.7094444444447
2020-11-26 13:00:00,2796.956111111111
2020-11-26 14:00:00,965.3945833333333
2020-11-26 15:00:00,806.395625
2020-11-26 16:00:00,817.3501388888889
2020-11-26 17:00:00,802.1988194444444
2020-11-26 18:00:00,801.7025
2020-11-26 19:00:00,813.1870833333334
2020-11-26 20:00:00,811.0463194444444
2020-11-26 21:00:00,810.0988888888888
2020-11-26 22:00:00,815.2438194444444
2020-11-26 23:00:00,817.4826388888889
2020-11-27 00:00:00,802.525
2020-11-27 01:00:00,801.5717361111111
2020-11-27 02:00:00,796.5810416666667
2020-11-27 03:00:00,798.675
2020-11-27 04:00:00,964.9102083333333
2020-11-27 05:00:00,1727.4130555555555
2020-11-27 06:00:00,2378.3880555555556
2020-11-27 07:00:00,3039.8758333333335
2020-11-27 08:00:00,4149.439722222222
2020-11-27 09:00:00,2740.447222222222
2020-11-27 10:00:00,4046.369166666667
2020-11-27 11:00:00,4175.109444444444
2020-11-27 12:00:00,3551.918888888889
2020-11-27 13:00:00,2757.972222222222
2020-11-27 14:00:00,1140.7869444444445
2020-11-27 15:00:00,748.0839583333334
2020-11-27 16:00:00,805.3925
2020-11-27 17:00:00,818.0082638888889
2020-11-27 18:00:00,641.9702083333333
2020-11-27 19:00:00,774.3602777777778
2020-11-27 20:00:00,818.2872222222222
2020-11-27 21:00:00,820.5242361111111
2020-11-27 22:00:00,817.5777777777778
2020-11-27 23:00:00,810.8777777777777
2020-11-28 00:00:00,819.8954166666666
2020-11-28 01:00:00,824.0879861111111
2020-11-28 02:00:00,824.3625694444445
2020-11-28 03:00:00,830.2781944444445
2020-11-28 04:00:00,996.0215277777778
2020-11-28 05:00:00,631.2448611111112
2020-11-28 06:00:00,749.3556944444445
2020-11-28 07:00:00,768.9720833333333
2020-11-28 08:00:00,2212.2536111111112
2020-11-28 09:00:00,975.2071527777778
2020-11-28 10:00:00,806.8114583333333
2020-11-28 11:00:00,814.5502083333333
2020-11-28 12:00:00,817.8251388888889
2020-11-28 13:00:00,824.8415972222223
2020-11-28 14:00:00,647.7018055555556
2020-11-28 15:00:00,780.6295833333334
2020-11-28 16:00:00,813.0509027777778
2020-11-28 17:00:00,812.2250694444444
2020-11-28 18:00:00,634.6761805555556
2020-11-28 19:00:00,782.4448611111111
2020-11-28 20:00:00,821.3306944444445
2020-11-28 21:00:00,820.53875
2020-11-28 22:00:00,829.0634722222222
2020-11-28 23:00:00,837.5830555555556
2020-11-29 00:00:00,837.5754166666667
2020-11-29 01:00:00,835.7322222222223
2020-11-29 02:00:00,839.0638888888889
2020-11-29 03:00:00,842.0842361111111
2020-11-29 04:00:00,1219.9569444444444
2020-11-29 05:00:00,1322.1544444444444
2020-11-29 06:00:00,1685.4994444444444
2020-11-29 07:00:00,1941.00625
2020-11-29 08:00:00,1833.9922222222222
2020-11-29 09:00:00,657.2322222222223
2020-11-29 10:00:00,486.41246527777776
2020-11-29 11:00:00,503.0047222222222
2020-11-29 12:00:00,504.6095138888889
2020-11-29 13:00:00,502.49569444444444
2020-11-29 14:00:00,602.0072916666667
2020-11-29 15:00:00,734.2980555555556
2020-11-29 16:00:00,775.5348611111111
2020-11-29 17:00:00,771.1829166666666
2020-11-29 18:00:00,632.7064583333333
2020-11-29 19:00:00,731.8314583333333
2020-11-29 20:00:00,787.1438888888889
2020-11-29 21:00:00,783.8455555555555
2020-11-29 22:00:00,789.8454166666667
2020-11-29 23:00:00,791.5954166666667
2020-11-30 00:00:00,793.5728472222222
2020-11-30 01:00:00,790.1209027777778
2020-11-30 02:00:00,784.5144444444444
2020-11-30 03:00:00,776.7688888888889
2020-11-30 04:00:00,1578.3490277777778
2020-11-30 05:00:00,3122.804166666667
2020-11-30 06:00:00,3593.7458333333334
2020-11-30 07:00:00,4921.435555555556
2020-11-30 08:00:00,5113.219444444445
2020-11-30 09:00:00,3458.056666666667
2020-11-30 10:00:00,4498.2091666666665
2020-11-30 11:00:00,3944.522361111111
2020-11-30 12:00:00,3133.0305555555556
2020-11-30 13:00:00,973.6500694444444
2020-11-30 14:00:00,635.7397222222222
2020-11-30 15:00:00,764.9461111111111
2020-11-30 16:00:00,807.0953472222222
2020-11-30 17:00:00,807.4491666666667
2020-11-30 18:00:00,633.160625
2020-11-30 19:00:00,749.7302777777778
2020-11-30 20:00:00,823.4922916666667
2020-11-30 21:00:00,809.6789583333333
2020-11-30 22:00:00,812.2153472222222
2020-11-30 23:00:00,815.9349305555555
2020-12-01 00:00:00,812.1505555555556
2020-12-01 01:00:00,811.4126388888889
2020-12-01 02:00:00,805.5119444444445
2020-12-01 03:00:00,799.7988888888889
2020-12-01 04:00:00,1054.9320138888888
2020-12-01 05:00:00,1728.6477777777777
2020-12-01 06:00:00,2205.978888888889
2020-12-01 07:00:00,3329.5958333333333
2020-12-01 08:00:00,3943.2105555555554
2020-12-01 09:00:00,3198.2858333333334
2020-12-01 10:00:00,2493.958888888889
2020-12-01 11:00:00,2682.5244444444443
2020-12-01 12:00:00,1805.2083333333333
2020-12-01 13:00:00,827.6655555555556
2020-12-01 14:00:00,632.3663194444445
2020-12-01 15:00:00,1219.9294444444445
2020-12-01 16:00:00,824.200625
2020-12-01 17:00:00,821.8836111111111
2020-12-01 18:00:00,622.1689583333333
2020-12-01 19:00:00,760.5915277777777
2020-12-01 20:00:00,819.4152777777778
2020-12-01 21:00:00,829.0931944444444
2020-12-01 22:00:00,834.2304861111111
2020-12-01 23:00:00,839.8728472222223
2020-12-02 00:00:00,811.5108333333334
2020-12-02 01:00:00,815.6518055555556
2020-12-02 02:00:00,816.8313194444445
2020-12-02 03:00:00,805.8740277777778
2020-12-02 04:00:00,1075.8984722222222
2020-12-02 05:00:00,1687.4152777777779
2020-12-02 06:00:00,2291.2830555555556
2020-12-02 07:00:00,2438.3922222222222
2020-12-02 08:00:00,2514.527222222222
2020-12-02 09:00:00,2761.8619444444444
2020-12-02 10:00:00,2789.554722222222
2020-12-02 11:00:00,3321.7897222222223
2020-12-02 12:00:00,2365.1883333333335
2020-12-02 13:00:00,862.3559027777778
2020-12-02 14:00:00,635.5795138888889
2020-12-02 15:00:00,763.1577777777778
2020-12-02 16:00:00,821.1536111111111
2020-12-02 17:00:00,820.4283333333333
2020-12-02 18:00:00,622.8313888888889
2020-12-02 19:00:00,731.6276388888889
2020-12-02 20:00:00,807.1234722222222
2020-12-02 21:00:00,809.5117361111111
2020-12-02 22:00:00,826.1720833333334
2020-12-02 23:00:00,835.9054166666666
2020-12-03 00:00:00,822.4273611111112
2020-12-03 01:00:00,823.7222916666667
2020-12-03 02:00:00,816.3685416666667
2020-12-03 03:00:00,812.6370138888889
2020-12-03 04:00:00,2168.3572222222224
2020-12-03 05:00:00,2807.2122222222224
2020-12-03 06:00:00,2303.9580555555553
2020-12-03 07:00:00,2957.8527777777776
2020-12-03 08:00:00,2873.346666666667
2020-12-03 09:00:00,1822.298888888889
2020-12-03 10:00:00,2809.282222222222
2020-12-03 11:00:00,2786.6736111111113
2020-12-03 12:00:00,2675.2816666666668
2020-12-03 13:00:00,2763.9444444444443
2020-12-03 14:00:00,1008.2953472222222
2020-12-03 15:00:00,747.6825
2020-12-03 16:00:00,831.4797222222222
2020-12-03 17:00:00,817.2763888888888
2020-12-03 18:00:00,624.6829166666666
2020-12-03 19:00:00,730.3804166666666
2020-12-03 20:00:00,823.8545833333334
2020-12-03 21:00:00,830.22
2020-12-03 22:00:00,824.5073611111111
2020-12-03 23:00:00,820.4429861111112
2020-12-04 00:00:00,818.5890972222222
2020-12-04 01:00:00,824.0344444444445
2020-12-04 02:00:00,821.2647916666666
2020-12-04 03:00:00,901.5732638888888
2020-12-04 04:00:00,3049.211111111111
2020-12-04 05:00:00,2177.2030555555557
2020-12-04 06:00:00,2726.425
2020-12-04 07:00:00,4056.4505555555556
2020-12-04 08:00:00,4060.7
2020-12-04 09:00:00,3173.3033333333333
2020-12-04 10:00:00,4146.302222222223
2020-12-04 11:00:00,2588.0616666666665
2020-12-04 12:00:00,2579.6275
2020-12-04 13:00:00,1071.84625
2020-12-04 14:00:00,492.4171527777778
2020-12-04 15:00:00,642.2690277777778
2020-12-04 16:00:00,819.1465972222222
2020-12-04 17:00:00,817.1927777777778
2020-12-04 18:00:00,694.5188888888889
2020-12-04 19:00:00,817.0743055555556
2020-12-04 20:00:00,829.0313888888888
2020-12-04 21:00:00,830.4922916666667
2020-12-04 22:00:00,813.8706944444444
2020-12-04 23:00:00,808.2000694444445
2020-12-05 00:00:00,801.5754166666667
2020-12-05 01:00:00,807.6209027777778
2020-12-05 02:00:00,815.4405555555555
2020-12-05 03:00:00,827.1042361111112
2020-12-05 04:00:00,1065.9442361111112
2020-12-05 05:00:00,1842.9886111111111
2020-12-05 06:00:00,1766.7727777777777
2020-12-05 07:00:00,2737.8744444444446
2020-12-05 08:00:00,816.2745833333333
2020-12-05 09:00:00,546.6184722222222
2020-12-05 10:00:00,587.6863194444444
2020-12-05 11:00:00,632.6745138888889
2020-12-05 12:00:00,557.5788541666667
2020-12-05 13:00:00,583.0765277777778
2020-12-05 14:00:00,610.8495833333334
2020-12-05 15:00:00,622.5825694444444
2020-12-05 16:00:00,804.3445138888889
2020-12-05 17:00:00,826.5170833333333
2020-12-05 18:00:00,693.5145833333333
2020-12-05 19:00:00,818.7030555555556
2020-12-05 20:00:00,819.2931944444445
2020-12-05 21:00:00,818.8504166666667
2020-12-05 22:00:00,823.955
2020-12-05 23:00:00,824.2452777777778
2020-12-06 00:00:00,825.4082638888889
2020-12-06 01:00:00,829.8704166666666
2020-12-06 02:00:00,834.5835416666666
2020-12-06 03:00:00,831.0000694444444
2020-12-06 04:00:00,1182.6030555555556
2020-12-06 05:00:00,1925.2377777777779
2020-12-06 06:00:00,2259.972152777778
2020-12-06 07:00:00,4493.925555555556
2020-12-06 08:00:00,2838.8430555555556
2020-12-06 09:00:00,1813.1504166666666
2020-12-06 10:00:00,2783.7355555555555
2020-12-06 11:00:00,2801.5622222222223
2020-12-06 12:00:00,2371.451111111111
2020-12-06 13:00:00,1086.621875
2020-12-06 14:00:00,616.995
2020-12-06 15:00:00,625.9432638888889
2020-12-06 16:00:00,783.5663194444444
2020-12-06 17:00:00,822.5943055555556
2020-12-06 18:00:00,686.7438888888889
2020-12-06 19:00:00,828.2775694444445
2020-12-06 20:00:00,820.7059027777777
2020-12-06 21:00:00,809.8311111111111
2020-12-06 22:00:00,807.0513194444444
2020-12-06 23:00:00,812.1940972222222
2020-12-07 00:00:00,810.0011111111111
2020-12-07 01:00:00,809.2782638888889
2020-12-07 02:00:00,817.5245833333333
2020-12-07 03:00:00,810.9477777777778
2020-12-07 04:00:00,2162.139166666667
2020-12-07 05:00:00,2978.4211111111113
2020-12-07 06:00:00,3462.7494444444446
2020-12-07 07:00:00,4040.7072222222223
2020-12-07 08:00:00,4210.533333333334
2020-12-07 09:00:00,3578.875
2020-12-07 10:00:00,5105.98
2020-12-07 11:00:00,5267.81
2020-12-07 12:00:00,1601.9302777777777
2020-12-07 13:00:00,818.545
2020-12-07 14:00:00,613.6048611111111
2020-12-07 15:00:00,617.1447222222222
2020-12-07 16:00:00,783.7138888888888
2020-12-07 17:00:00,820.3938888888889
2020-12-07 18:00:00,669.1697222222223
2020-12-07 19:00:00,806.5963888888889
2020-12-07 20:00:00,813.2509722222222
2020-12-07 21:00:00,823.5432638888889
2020-12-07 22:00:00,823.3629166666667
2020-12-07 23:00:00,821.0136111111111
2020-12-08 00:00:00,823.6346527777778
2020-12-08 01:00:00,823.3959722222222
2020-12-08 02:00:00,815.4126388888889
2020-12-08 03:00:00,814.2534722222222
2020-12-08 04:00:00,1119.9225
2020-12-08 05:00:00,1862.5493055555555
2020-12-08 06:00:00,3471.9180555555554
2020-12-08 07:00:00,2844.9755555555557
2020-12-08 08:00:00,2703.6783333333333
2020-12-08 09:00:00,2672.2966666666666
2020-12-08 10:00:00,3378.8575
2020-12-08 11:00:00,3290.719722222222
2020-12-08 12:00:00,3187.867777777778
2020-12-08 13:00:00,1250.47375
2020-12-08 14:00:00,1138.2790972222222
2020-12-08 15:00:00,1170.19
2020-12-08 16:00:00,1466.5591666666667
2020-12-08 17:00:00,1481.6547222222223
2020-12-08 18:00:00,1253.38875
2020-12-08 19:00:00,1453.7705555555556
2020-12-08 20:00:00,1469.588611111111
2020-12-08 21:00:00,1471.9747222222222
2020-12-08 22:00:00,1481.9463888888888
2020-12-08 23:00:00,1491.7630555555556
2020-12-09 00:00:00,1458.4627777777778
2020-12-09 01:00:00,1455.7933333333333
2020-12-09 02:00:00,1451.461388888889
2020-12-09 03:00:00,1447.6841666666667
2020-12-09 04:00:00,1704.2906944444444
2020-12-09 05:00:00,1688.2413888888889
2020-12-09 06:00:00,2358.6227777777776
2020-12-09 07:00:00,2447.543888888889
2020-12-09 08:00:00,2515.9583333333335
2020-12-09 09:00:00,2146.717777777778
2020-12-09 10:00:00,1575.31125
2020-12-09 11:00:00,1559.0043055555554
2020-12-09 12:00:00,2204.7119444444443
2020-12-09 13:00:00,1418.50875
2020-12-09 14:00:00,618.7254861111111
2020-12-09 15:00:00,624.4744444444444
2020-12-09 16:00:00,765.3869444444445
2020-12-09 17:00:00,811.145
2020-12-09 18:00:00,717.2072222222222
2020-12-09 19:00:00,824.1942361111111
2020-12-09 20:00:00,828.100625
2020-12-09 21:00:00,815.3775694444445
2020-12-09 22:00:00,822.3715972222222
2020-12-09 23:00:00,830.0697916666667
2020-12-10 00:00:00,836.9610416666667
2020-12-10 01:00:00,836.8645833333334
2020-12-10 02:00:00,836.1059722222222
2020-12-10 03:00:00,831.8408333333333
2020-12-10 04:00:00,2197.8866666666668
2020-12-10 05:00:00,3127.9905555555556
2020-12-10 06:00:00,2125.9380555555554
2020-12-10 07:00:00,2842.827222222222
2020-12-10 08:00:00,2912.333611111111
2020-12-10 09:00:00,1765.0681944444445
2020-12-10 10:00:00,2543.8105555555558
2020-12-10 11:00:00,2796.375
2020-12-10 12:00:00,2749.0844444444447
2020-12-10 13:00:00,2620.4630555555555
2020-12-10 14:00:00,705.3020833333334
2020-12-10 15:00:00,620.9322916666666
2020-12-10 16:00:00,742.6579166666667
2020-12-10 17:00:00,806.3468055555555
2020-12-10 18:00:00,666.9146527777777
2020-12-10 19:00:00,829.704375
2020-12-10 20:00:00,813.4067361111111
2020-12-10 21:00:00,808.7386111111111
2020-12-10 22:00:00,823.8917361111111
2020-12-10 23:00:00,831.5823611111111
2020-12-11 00:00:00,808.7990277777777
2020-12-11 01:00:00,812.5480555555556
2020-12-11 02:00:00,809.7602777777778
2020-12-11 03:00:00,805.73625
2020-12-11 04:00:00,1144.4933333333333
2020-12-11 05:00:00,1662.3091666666667
2020-12-11 06:00:00,2559.8716666666664
2020-12-11 07:00:00,4013.1505555555555
2020-12-11 08:00:00,3137.8947222222223
2020-12-11 09:00:00,2315.3611111111113
2020-12-11 10:00:00,3087.0563888888887
2020-12-11 11:00:00,2673.411111111111
2020-12-11 12:00:00,721.8924305555555
2020-12-11 13:00:00,783.7059722222223
2020-12-11 14:00:00,607.0936111111112
2020-12-11 15:00:00,619.2703472222222
2020-12-11 16:00:00,780.5834027777778
2020-12-11 17:00:00,821.5030555555555
2020-12-11 18:00:00,662.215
2020-12-11 19:00:00,806.4157638888889
2020-12-11 20:00:00,824.6647222222222
2020-12-11 21:00:00,811.9572916666667
2020-12-11 22:00:00,818.4080555555555
2020-12-11 23:00:00,820.4402777777777
2020-12-12 00:00:00,823.8738888888889
2020-12-12 01:00:00,827.6147916666666
2020-12-12 02:00:00,822.6647222222222
2020-12-12 03:00:00,819.0093055555556
2020-12-12 04:00:00,821.4431944444444
2020-12-12 05:00:00,1857.556111111111
2020-12-12 06:00:00,3562.0994444444445
2020-12-12 07:00:00,2065.8830555555555
2020-12-12 08:00:00,1355.3020833333333
2020-12-12 09:00:00,659.68875
2020-12-12 10:00:00,606.9157638888889
2020-12-12 11:00:00,552.5855555555555
2020-12-12 12:00:00,619.9526388888889
2020-12-12 13:00:00,831.0716666666667
2020-12-12 14:00:00,631.6142361111112
2020-12-12 15:00:00,652.3256944444445
2020-12-12 16:00:00,726.7684722222223
2020-12-12 17:00:00,821.0415972222222
2020-12-12 18:00:00,667.5646527777777
2020-12-12 19:00:00,830.8556944444445
2020-12-12 20:00:00,843.5765972222222
2020-12-12 21:00:00,833.4276388888889
2020-12-12 22:00:00,830.4759722222223
2020-12-12 23:00:00,835.5197222222222
2020-12-13 00:00:00,833.9215277777778
2020-12-13 01:00:00,829.4595833333333
2020-12-13 02:00:00,832.4132638888889
2020-12-13 03:00:00,829.0009722222222
2020-12-13 04:00:00,829.8593055555556
2020-12-13 05:00:00,1599.70875
2020-12-13 06:00:00,2802.8825
2020-12-13 07:00:00,2878.0519444444444
2020-12-13 08:00:00,1644.8891666666666
2020-12-13 09:00:00,660.1351388888888
2020-12-13 10:00:00,540.95625
2020-12-13 11:00:00,553.825625
2020-12-13 12:00:00,675.6894444444445
2020-12-13 13:00:00,826.1440277777778
2020-12-13 14:00:00,645.9695833333334
2020-12-13 15:00:00,679.4020138888889
2020-12-13 16:00:00,719.4945138888888
2020-12-13 17:00:00,813.3016666666666
2020-12-13 18:00:00,671.9677777777778
2020-12-13 19:00:00,801.3234722222222
2020-12-13 20:00:00,828.9857638888889
2020-12-13 21:00:00,834.3814583333333
2020-12-13 22:00:00,837.3370833333333
2020-12-13 23:00:00,842.7461111111111
2020-12-14 00:00:00,839.3268055555556
2020-12-14 01:00:00,842.6736111111111
2020-12-14 02:00:00,839.9380555555556
2020-12-14 03:00:00,835.9718055555555
2020-12-14 04:00:00,1113.2365277777778
2020-12-14 05:00:00,1802.1330555555555
2020-12-14 06:00:00,2414.4108333333334
2020-12-14 07:00:00,3040.928888888889
2020-12-14 08:00:00,2925.831111111111
2020-12-14 09:00:00,1640.7002777777777
2020-12-14 10:00:00,1822.463888888889
2020-12-14 11:00:00,2127.4177777777777
2020-12-14 12:00:00,1894.1306944444445
2020-12-14 13:00:00,829.3777777777777
2020-12-14 14:00:00,655.8881944444445
2020-12-14 15:00:00,690.0939583333334
2020-12-14 16:00:00,727.1332638888889
2020-12-14 17:00:00,822.7184722222222
2020-12-14 18:00:00,690.9940972222222
2020-12-14 19:00:00,792.2115972222222
2020-12-14 20:00:00,809.32375
2020-12-14 21:00:00,824.115
2020-12-14 22:00:00,830.7782638888889
2020-12-14 23:00:00,817.4813194444445
2020-12-15 00:00:00,816.1527777777778
2020-12-15 01:00:00,818.7304166666667
2020-12-15 02:00:00,819.4022222222222
2020-12-15 03:00:00,821.5278472222222
2020-12-15 04:00:00,1216.743611111111
2020-12-15 05:00:00,2295.7308333333335
2020-12-15 06:00:00,4038.762222222222
2020-12-15 07:00:00,5094.753333333333
2020-12-15 08:00:00,4495.6194444444445
2020-12-15 09:00:00,3719.742777777778
2020-12-15 10:00:00,4644.5616666666665
2020-12-15 11:00:00,5205.808888888889
2020-12-15 12:00:00,4029.597777777778
2020-12-15 13:00:00,1348.8361111111112
2020-12-15 14:00:00,674.7879166666667
2020-12-15 15:00:00,701.5854861111111
2020-12-15 16:00:00,733.0724305555556
2020-12-15 17:00:00,823.00625
2020-12-15 18:00:00,702.5279166666667
2020-12-15 19:00:00,816.8301388888889
2020-12-15 20:00:00,838.7840972222223
2020-12-15 21:00:00,825.4426388888888
2020-12-15 22:00:00,842.4195138888889
2020-12-15 23:00:00,835.0404166666667
2020-12-16 00:00:00,822.2147222222222
2020-12-16 01:00:00,823.5172916666667
2020-12-16 02:00:00,818.3503472222222
2020-12-16 03:00:00,812.9066666666666
2020-12-16 04:00:00,1144.540625
2020-12-16 05:00:00,1846.0311111111112
2020-12-16 06:00:00,2579.9
2020-12-16 07:00:00,3150.343888888889
2020-12-16 08:00:00,3171.356111111111
2020-12-16 09:00:00,2290.8776388888887
2020-12-16 10:00:00,1366.4473611111111
2020-12-16 11:00:00,1855.462638888889
2020-12-16 12:00:00,1209.1983333333333
2020-12-16 13:00:00,555.2390972222222
2020-12-16 14:00:00,532.3804166666666
2020-12-16 15:00:00,708.4372222222222
2020-12-16 16:00:00,757.506875
2020-12-16 17:00:00,825.2264583333333
2020-12-16 18:00:00,691.6759722222222
2020-12-16 19:00:00,814.8185416666666
2020-12-16 20:00:00,831.4427777777778
2020-12-16 21:00:00,829.9673611111111
2020-12-16 22:00:00,822.4669444444445
2020-12-16 23:00:00,815.0416666666666
2020-12-17 00:00:00,813.8873611111111
2020-12-17 01:00:00,814.3513194444445
2020-12-17 02:00:00,818.0809027777777
2020-12-17 03:00:00,822.4824305555555
2020-12-17 04:00:00,2114.204166666667
2020-12-17 05:00:00,3454.936111111111
2020-12-17 06:00:00,3122.092777777778
2020-12-17 07:00:00,3972.3933333333334
2020-12-17 08:00:00,5179.697222222222
2020-12-17 09:00:00,4080.233888888889
2020-12-17 10:00:00,4414.709722222222
2020-12-17 11:00:00,5200.737222222222
2020-12-17 12:00:00,5356.888888888889
2020-12-17 13:00:00,2414.1883333333335
2020-12-17 14:00:00,460.63392361111113
2020-12-17 15:00:00,691.1452777777778
2020-12-17 16:00:00,708.3952777777778
2020-12-17 17:00:00,811.6616666666666
2020-12-17 18:00:00,697.1384027777777
2020-12-17 19:00:00,808.8733333333333
2020-12-17 20:00:00,834.8185069444445
2020-12-17 21:00:00,825.8533333333334
2020-12-17 22:00:00,836.99125
2020-12-17 23:00:00,834.6722916666666
2020-12-18 00:00:00,838.9047222222222
2020-12-18 01:00:00,837.4449305555555
2020-12-18 02:00:00,828.9731944444444
2020-12-18 03:00:00,831.3965277777778
2020-12-18 04:00:00,1134.2884722222223
2020-12-18 05:00:00,1887.8244444444445
2020-12-18 06:00:00,2992.7327777777778
2020-12-18 07:00:00,3902.356111111111
2020-12-18 08:00:00,3812.9641666666666
2020-12-18 09:00:00,2197.86
2020-12-18 10:00:00,3198.8991666666666
2020-12-18 11:00:00,2086.8376388888887
2020-12-18 12:00:00,562.4192013888888
2020-12-18 13:00:00,560.4171527777778
2020-12-18 14:00:00,447.39086805555553
2020-12-18 15:00:00,683.5818055555555
2020-12-18 16:00:00,724.3856944444444
2020-12-18 17:00:00,817.2905555555556
2020-12-18 18:00:00,686.9997222222222
2020-12-18 19:00:00,794.0326388888889
2020-12-18 20:00:00,812.3706944444444
2020-12-18 21:00:00,832.0059722222222
2020-12-18 22:00:00,838.6419444444444
2020-12-18 23:00:00,824.2099305555555
2020-12-19 00:00:00,814.905
2020-12-19 01:00:00,806.6811805555556
2020-12-19 02:00:00,808.1435416666667
2020-12-19 03:00:00,810.4493055555556
2020-12-19 04:00:00,1741.2170833333332
2020-12-19 05:00:00,1829.9397222222221
2020-12-19 06:00:00,1896.1030555555556
2020-12-19 07:00:00,2432.4069444444444
2020-12-19 08:00:00,2888.856111111111
2020-12-19 09:00:00,751.7488888888889
2020-12-19 10:00:00,495.2583333333333
2020-12-19 11:00:00,564.3171875
2020-12-19 12:00:00,2074.4723611111112
2020-12-19 13:00:00,1766.6347222222223
2020-12-19 14:00:00,1469.4243055555555
2020-12-19 15:00:00,1761.2268055555555
2020-12-19 16:00:00,1843.223888888889
2020-12-19 17:00:00,2015.7656944444445
2020-12-19 18:00:00,1680.296388888889
2020-12-19 19:00:00,1955.0393055555555
2020-12-19 20:00:00,2036.0643055555556
2020-12-19 21:00:00,2052.593611111111
2020-12-19 22:00:00,2046.0508333333332
2020-12-19 23:00:00,2047.8025
2020-12-20 00:00:00,2056.9769444444446
2020-12-20 01:00:00,2068.117222222222
2020-12-20 02:00:00,2004.8729166666667
2020-12-20 03:00:00,1992.338611111111
2020-12-20 04:00:00,2627.6555555555556
2020-12-20 05:00:00,2979.733888888889
2020-12-20 06:00:00,3008.9294444444445
2020-12-20 07:00:00,3732.02
2020-12-20 08:00:00,3576.847777777778
2020-12-20 09:00:00,1454.9777777777779
2020-12-20 10:00:00,1563.1819444444445
2020-12-20 11:00:00,1742.5268055555555
2020-12-20 12:00:00,1908.7102777777777
2020-12-20 13:00:00,2982.912222222222
2020-12-20 14:00:00,2177.8005555555555
2020-12-20 15:00:00,1165.996388888889
2020-12-20 16:00:00,733.7906944444444
2020-12-20 17:00:00,829.936875
2020-12-20 18:00:00,707.4068055555556
2020-12-20 19:00:00,804.8038888888889
2020-12-20 20:00:00,815.6318055555555
2020-12-20 21:00:00,813.3806944444444
2020-12-20 22:00:00,827.1352777777778
2020-12-20 23:00:00,829.8377083333334
2020-12-21 00:00:00,834.7995833333333
2020-12-21 01:00:00,838.9575694444444
2020-12-21 02:00:00,840.6216666666667
2020-12-21 03:00:00,824.6897916666667
2020-12-21 04:00:00,2187.8716666666664
2020-12-21 05:00:00,2526.0105555555556
2020-12-21 06:00:00,3274.4216666666666
2020-12-21 07:00:00,3462.3502777777776
2020-12-21 08:00:00,5331.945555555556
2020-12-21 09:00:00,3765.693333333333
2020-12-21 10:00:00,2308.177638888889
2020-12-21 11:00:00,1807.5908333333334
2020-12-21 12:00:00,2657.8308333333334
2020-12-21 13:00:00,1202.6679166666668
2020-12-21 14:00:00,646.7961111111111
2020-12-21 15:00:00,666.3861111111111
2020-12-21 16:00:00,783.0544444444445
2020-12-21 17:00:00,828.98
2020-12-21 18:00:00,671.92375
2020-12-21 19:00:00,829.8309722222223
2020-12-21 20:00:00,836.1889583333333
2020-12-21 21:00:00,816.3177777777778
2020-12-21 22:00:00,838.0898611111111
2020-12-21 23:00:00,841.7997916666667
2020-12-22 00:00:00,833.4759722222223
2020-12-22 01:00:00,840.79875
2020-12-22 02:00:00,818.7479166666667
2020-12-22 03:00:00,820.1120138888889
2020-12-22 04:00:00,2086.338333333333
2020-12-22 05:00:00,1787.9572222222223
2020-12-22 06:00:00,3188.385277777778
2020-12-22 07:00:00,2726.4966666666664
2020-12-22 08:00:00,2684.366666666667
2020-12-22 09:00:00,2397.4577777777777
2020-12-22 10:00:00,3056.326111111111
2020-12-22 11:00:00,2464.5983333333334
2020-12-22 12:00:00,2462.2255555555557
2020-12-22 13:00:00,2474.925277777778
2020-12-22 14:00:00,582.7475
2020-12-22 15:00:00,592.85125
2020-12-22 16:00:00,716.9494444444445
2020-12-22 17:00:00,729.5847222222222
2020-12-22 18:00:00,730.3483333333334
2020-12-22 19:00:00,738.7563888888889
2020-12-22 20:00:00,730.6031944444444
2020-12-22 21:00:00,731.0870833333333
2020-12-22 22:00:00,731.0884027777778
2020-12-22 23:00:00,727.4130555555555
2020-12-23 00:00:00,719.861875
2020-12-23 01:00:00,717.7711111111112
2020-12-23 02:00:00,715.9031944444445
2020-12-23 03:00:00,712.4825694444445
2020-12-23 04:00:00,1861.5730555555556
2020-12-23 05:00:00,3200.822777777778
2020-12-23 06:00:00,2744.3816666666667
2020-12-23 07:00:00,2494.475
2020-12-23 08:00:00,2680.5686111111113
2020-12-23 09:00:00,2419.2275
2020-12-23 10:00:00,2541.826666666667
2020-12-23 11:00:00,2718.555277777778
2020-12-23 12:00:00,2766.8527777777776
2020-12-23 13:00:00,2799.235
2020-12-23 14:00:00,2036.4980555555555
2020-12-23 15:00:00,839.168125
2020-12-23 16:00:00,783.2895833333333
2020-12-23 17:00:00,827.7974305555556
2020-12-23 18:00:00,813.7440972222222
2020-12-23 19:00:00,823.69375
2020-12-23 20:00:00,823.2146527777778
2020-12-23 21:00:00,818.6684722222222
2020-12-23 22:00:00,814.3536111111111
2020-12-23 23:00:00,800.4629166666666
2020-12-24 00:00:00,804.2915277777778
2020-12-24 01:00:00,804.9911805555555
2020-12-24 02:00:00,813.4575
2020-12-24 03:00:00,818.5145833333333
2020-12-24 04:00:00,1110.3530555555556
2020-12-24 05:00:00,2008.5854166666666
2020-12-24 06:00:00,2936.66
2020-12-24 07:00:00,2462.2444444444445
2020-12-24 08:00:00,2408.1422222222222
2020-12-24 09:00:00,2826.216388888889
2020-12-24 10:00:00,2982.705
2020-12-24 11:00:00,481.2864583333333
2020-12-24 12:00:00,561.5872916666667
2020-12-24 13:00:00,645.4604166666667
2020-12-24 14:00:00,842.7107638888889
2020-12-24 15:00:00,836.5486111111111
2020-12-24 16:00:00,835.9451388888889
2020-12-24 17:00:00,832.9254861111111
2020-12-24 18:00:00,842.5886111111112
2020-12-24 19:00:00,851.8401388888889
2020-12-24 20:00:00,846.6243055555556
2020-12-24 21:00:00,836.1125
2020-12-24 22:00:00,837.5951388888889
2020-12-24 23:00:00,832.5591666666667
2020-12-25 00:00:00,834.5397222222222
2020-12-25 01:00:00,826.1785416666667
2020-12-25 02:00:00,818.7885416666667
2020-12-25 03:00:00,822.3805555555556
2020-12-25 04:00:00,865.5836111111112
2020-12-25 05:00:00,1622.995138888889
2020-12-25 06:00:00,2784.591388888889
2020-12-25 07:00:00,2746.391111111111
2020-12-25 08:00:00,2647.7183333333332
2020-12-25 09:00:00,2271.31
2020-12-25 10:00:00,2788.090277777778
2020-12-25 11:00:00,1593.2491666666667
2020-12-25 12:00:00,570.6521527777778
2020-12-25 13:00:00,567.8005555555555
2020-12-25 14:00:00,412.249375
2020-12-25 15:00:00,656.92625
2020-12-25 16:00:00,684.9838888888889
2020-12-25 17:00:00,813.5570833333334
2020-12-25 18:00:00,660.7966666666666
2020-12-25 19:00:00,821.1930555555556
2020-12-25 20:00:00,828.5323611111111
2020-12-25 21:00:00,830.9959027777778
2020-12-25 22:00:00,835.830625
2020-12-25 23:00:00,835.5714583333333
2020-12-26 00:00:00,839.7897222222222
2020-12-26 01:00:00,842.7059027777777
2020-12-26 02:00:00,842.2427083333333
2020-12-26 03:00:00,841.8446527777778
2020-12-26 04:00:00,1010.8766666666667
2020-12-26 05:00:00,2858.8386111111113
2020-12-26 06:00:00,2715.65
2020-12-26 07:00:00,2970.4744444444445
2020-12-26 08:00:00,2240.519861111111
2020-12-26 09:00:00,574.3563888888889
2020-12-26 10:00:00,513.3294791666667
2020-12-26 11:00:00,558.4556944444445
2020-12-26 12:00:00,563.0665277777778
2020-12-26 13:00:00,567.825
2020-12-26 14:00:00,567.0515277777778
2020-12-26 15:00:00,649.3197222222223
2020-12-26 16:00:00,732.1136111111111
2020-12-26 17:00:00,843.7936111111111
2020-12-26 18:00:00,655.1130555555555
2020-12-26 19:00:00,794.7181944444444
2020-12-26 20:00:00,845.3624305555555
2020-12-26 21:00:00,849.6296527777778
2020-12-26 22:00:00,846.2761111111112
2020-12-26 23:00:00,849.884375
2020-12-27 00:00:00,827.4909722222222
2020-12-27 01:00:00,824.8744444444444
2020-12-27 02:00:00,825.9388888888889
2020-12-27 03:00:00,828.0666666666667
2020-12-27 04:00:00,1196.798611111111
2020-12-27 05:00:00,1558.3944444444444
2020-12-27 06:00:00,3397.776388888889
2020-12-27 07:00:00,4571.673333333333
2020-12-27 08:00:00,1969.8616666666667
2020-12-27 09:00:00,607.75375
2020-12-27 10:00:00,731.9506944444445
2020-12-27 11:00:00,826.2825694444444
2020-12-27 12:00:00,825.2179166666666
2020-12-27 13:00:00,823.4859027777778
2020-12-27 14:00:00,603.2754166666666
2020-12-27 15:00:00,668.5609722222222
2020-12-27 16:00:00,701.9170833333334
2020-12-27 17:00:00,830.4868055555555
2020-12-27 18:00:00,749.0588888888889
2020-12-27 19:00:00,839.8648611111112
2020-12-27 20:00:00,827.5081944444445
2020-12-27 21:00:00,808.1079166666667
2020-12-27 22:00:00,812.6797916666667
2020-12-27 23:00:00,816.020625
2020-12-28 00:00:00,818.1409722222222
2020-12-28 01:00:00,816.0070833333333
2020-12-28 02:00:00,813.7641666666667
2020-12-28 03:00:00,806.1234722222222
2020-12-28 04:00:00,1520.7577777777778
2020-12-28 05:00:00,1540.3873611111112
2020-12-28 06:00:00,1612.2572222222223
2020-12-28 07:00:00,2586.9766666666665
2020-12-28 08:00:00,2285.3594444444443
2020-12-28 09:00:00,2158.4402777777777
2020-12-28 10:00:00,2414.7194444444444
2020-12-28 11:00:00,2216.572222222222
2020-12-28 12:00:00,2027.3122222222223
2020-12-28 13:00:00,1547.1572222222221
2020-12-28 14:00:00,1263.1508333333334
2020-12-28 15:00:00,698.6951388888889
2020-12-28 16:00:00,804.3331944444444
2020-12-28 17:00:00,814.7391666666666
2020-12-28 18:00:00,734.4563888888889
2020-12-28 19:00:00,819.9572916666667
2020-12-28 20:00:00,824.8069444444444
2020-12-28 21:00:00,826.7202777777778
2020-12-28 22:00:00,825.23
2020-12-28 23:00:00,824.0527777777778
2020-12-29 00:00:00,831.2090972222222
2020-12-29 01:00:00,828.8441666666666
2020-12-29 02:00:00,829.000625
2020-12-29 03:00:00,820.7201388888889
2020-12-29 04:00:00,1268.597361111111
2020-12-29 05:00:00,3498.0805555555557
2020-12-29 06:00:00,2834.1683333333335
2020-12-29 07:00:00,3103.695
2020-12-29 08:00:00,4090.788888888889
2020-12-29 09:00:00,2575.9158333333335
2020-12-29 10:00:00,3373.4599305555557
2020-12-29 11:00:00,2095.2761111111113
2020-12-29 12:00:00,811.5598611111111
2020-12-29 13:00:00,811.4025
2020-12-29 14:00:00,576.9414583333333
2020-12-29 15:00:00,751.1647916666667
2020-12-29 16:00:00,801.41625
2020-12-29 17:00:00,814.1265972222222
2020-12-29 18:00:00,727.5205555555556
2020-12-29 19:00:00,821.1318055555555
2020-12-29 20:00:00,812.3368055555555
2020-12-29 21:00:00,817.0092361111111
2020-12-29 22:00:00,828.2679166666667
2020-12-29 23:00:00,838.9629166666666
2020-12-30 00:00:00,828.9576388888889
2020-12-30 01:00:00,821.8854166666666
2020-12-30 02:00:00,834.4440972222222
2020-12-30 03:00:00,832.0703472222223
2020-12-30 04:00:00,1666.9119444444445
2020-12-30 05:00:00,1511.0808333333334
2020-12-30 06:00:00,2383.0469444444443
2020-12-30 07:00:00,3794.898611111111
2020-12-30 08:00:00,3627.8094444444446
2020-12-30 09:00:00,2281.2730555555554
2020-12-30 10:00:00,2620.382222222222
2020-12-30 11:00:00,1631.5105555555556
2020-12-30 12:00:00,1672.0570833333334
2020-12-30 13:00:00,1717.816111111111
2020-12-30 14:00:00,1494.110138888889
2020-12-30 15:00:00,858.4045833333333
2020-12-30 16:00:00,810.3255555555555
2020-12-30 17:00:00,810.4334722222222
2020-12-30 18:00:00,703.3207638888889
2020-12-30 19:00:00,828.1227777777777
2020-12-30 20:00:00,813.1647222222222
2020-12-30 21:00:00,819.9115277777778
2020-12-30 22:00:00,822.6768055555556
2020-12-30 23:00:00,832.5907638888889
2020-12-31 00:00:00,831.5156944444444
2020-12-31 01:00:00,820.3252083333333
2020-12-31 02:00:00,819.4375694444444
2020-12-31 03:00:00,813.8472222222222
2020-12-31 04:00:00,1184.1576388888889
2020-12-31 05:00:00,2301.4620833333333
2020-12-31 06:00:00,3395.758888888889
2020-12-31 07:00:00,4293.98
2020-12-31 08:00:00,4118.335
2020-12-31 09:00:00,2530.6683333333335
2020-12-31 10:00:00,2921.909166666667
2020-12-31 11:00:00,915.9844444444444
2020-12-31 12:00:00,731.4115277777778
2020-12-31 13:00:00,712.8103472222223
2020-12-31 14:00:00,506.94659722222224
2020-12-31 15:00:00,714.5218055555556
2020-12-31 16:00:00,800.2295138888888
2020-12-31 17:00:00,800.64125
2020-12-31 18:00:00,698.0265277777778
2020-12-31 19:00:00,824.8560416666667
2020-12-31 20:00:00,830.9354861111111
2020-12-31 21:00:00,835.4047916666667
2020-12-31 22:00:00,817.1469444444444
2020-12-31 23:00:00,817.1772916666666
2021-01-01 00:00:00,821.9751388888889
2021-01-01 01:00:00,820.7203472222222
2021-01-01 02:00:00,826.1893055555555
2021-01-01 03:00:00,826.7170833333333
2021-01-01 04:00:00,1129.5288194444445
2021-01-01 05:00:00,1625.8963888888889
2021-01-01 06:00:00,4394.778888888889
2021-01-01 07:00:00,4190.131111111111
2021-01-01 08:00:00,2599.0469444444443
2021-01-01 09:00:00,2152.6111111111113
2021-01-01 10:00:00,2963.1441666666665
2021-01-01 11:00:00,1566.5997222222222
2021-01-01 12:00:00,549.1746527777777
2021-01-01 13:00:00,555.3985069444444
2021-01-01 14:00:00,563.8047916666667
2021-01-01 15:00:00,737.7841666666667
2021-01-01 16:00:00,799.1696527777777
2021-01-01 17:00:00,797.4427083333334
2021-01-01 18:00:00,668.37125
2021-01-01 19:00:00,809.6740972222223
2021-01-01 20:00:00,811.2582638888889
2021-01-01 21:00:00,813.3013888888889
2021-01-01 22:00:00,813.4938888888889
2021-01-01 23:00:00,821.1227777777777
2021-01-02 00:00:00,818.7879166666667
2021-01-02 01:00:00,824.6539583333333
2021-01-02 02:00:00,822.1854861111111
2021-01-02 03:00:00,824.5597222222223
2021-01-02 04:00:00,817.8520833333333
2021-01-02 05:00:00,1568.6061111111112
2021-01-02 06:00:00,4247.248888888889
2021-01-02 07:00:00,4181.547222222222
2021-01-02 08:00:00,1288.0398611111111
2021-01-02 09:00:00,610.1993055555556
2021-01-02 10:00:00,643.1067361111111
2021-01-02 11:00:00,705.4539583333334
2021-01-02 12:00:00,838.7409722222222
2021-01-02 13:00:00,841.6227083333333
2021-01-02 14:00:00,599.2511111111111
2021-01-02 15:00:00,725.4983333333333
2021-01-02 16:00:00,827.6005555555555
2021-01-02 17:00:00,827.6197222222222
2021-01-02 18:00:00,699.4860416666667
2021-01-02 19:00:00,838.8584722222222
2021-01-02 20:00:00,842.6273611111111
2021-01-02 21:00:00,840.6051388888889
2021-01-02 22:00:00,844.6727777777778
2021-01-02 23:00:00,845.7281944444444
2021-01-03 00:00:00,837.2306944444445
2021-01-03 01:00:00,827.7908333333334
2021-01-03 02:00:00,835.1369444444445
2021-01-03 03:00:00,836.6730555555556
2021-01-03 04:00:00,830.2222916666667
2021-01-03 05:00:00,1543.1044444444444
2021-01-03 06:00:00,4267.9766666666665
2021-01-03 07:00:00,4111.954722222222
2021-01-03 08:00:00,1988.038611111111
2021-01-03 09:00:00,947.8640277777778
2021-01-03 10:00:00,679.9649305555556
2021-01-03 11:00:00,579.7848611111111
2021-01-03 12:00:00,792.0677777777778
2021-01-03 13:00:00,868.1434722222223
2021-01-03 14:00:00,645.4606944444445
2021-01-03 15:00:00,859.1921527777778
2021-01-03 16:00:00,851.1491666666667
2021-01-03 17:00:00,855.8916666666667
2021-01-03 18:00:00,798.7940277777777
2021-01-03 19:00:00,859.4285416666667
2021-01-03 20:00:00,862.2988194444445
2021-01-03 21:00:00,865.0085416666667
2021-01-03 22:00:00,862.89625
2021-01-03 23:00:00,866.1227777777777
2021-01-04 00:00:00,863.6484722222223
2021-01-04 01:00:00,855.9647222222222
2021-01-04 02:00:00,857.7128472222222
2021-01-04 03:00:00,861.8083333333333
2021-01-04 04:00:00,823.9400694444445
2021-01-04 05:00:00,2322.543125
2021-01-04 06:00:00,3874.2355555555555
2021-01-04 07:00:00,2704.261111111111
2021-01-04 08:00:00,2643.902222222222
2021-01-04 09:00:00,2347.443888888889
2021-01-04 10:00:00,3761.5061111111113
2021-01-04 11:00:00,2547.063611111111
2021-01-04 12:00:00,1336.0954166666668
2021-01-04 13:00:00,717.9963888888889
2021-01-04 14:00:00,583.9331944444444
2021-01-04 15:00:00,844.1281944444445
2021-01-04 16:00:00,840.3685416666667
2021-01-04 17:00:00,841.8371527777778
2021-01-04 18:00:00,639.6752083333333
2021-01-04 19:00:00,845.0511111111111
2021-01-04 20:00:00,856.8916666666667
2021-01-04 21:00:00,825.8157638888889
2021-01-04 22:00:00,841.3565277777777
2021-01-04 23:00:00,843.6847916666667
2021-01-05 00:00:00,845.8265277777778
2021-01-05 01:00:00,853.8666666666667
2021-01-05 02:00:00,854.7754861111111
2021-01-05 03:00:00,852.0749305555555
2021-01-05 04:00:00,1169.8406944444444
2021-01-05 05:00:00,2241.85125
2021-01-05 06:00:00,4055.0633333333335
2021-01-05 07:00:00,4199.538888888889
2021-01-05 08:00:00,3057.222777777778
2021-01-05 09:00:00,2254.312361111111
2021-01-05 10:00:00,2465.2969444444443
2021-01-05 11:00:00,2825.1005555555557
2021-01-05 12:00:00,1682.2469444444444
2021-01-05 13:00:00,698.3785416666667
2021-01-05 14:00:00,521.49125
2021-01-05 15:00:00,667.6088194444444
2021-01-05 16:00:00,669.7843055555555
2021-01-05 17:00:00,671.2220138888889
2021-01-05 18:00:00,538.4820833333333
2021-01-05 19:00:00,665.1359722222222
2021-01-05 20:00:00,665.8071527777778
2021-01-05 21:00:00,671.1220138888889
2021-01-05 22:00:00,671.9517361111111
2021-01-05 23:00:00,675.4554861111111
2021-01-06 00:00:00,681.3481944444444
2021-01-06 01:00:00,675.81125
2021-01-06 02:00:00,678.9160416666666
2021-01-06 03:00:00,679.2291666666666
2021-01-06 04:00:00,855.4577083333334
2021-01-06 05:00:00,2336.3083333333334
2021-01-06 06:00:00,2722.3194444444443
2021-01-06 07:00:00,2474.324722222222
2021-01-06 08:00:00,2820.5416666666665
2021-01-06 09:00:00,2502.318333333333
2021-01-06 10:00:00,3514.061111111111
2021-01-06 11:00:00,2531.405
2021-01-06 12:00:00,2587.777222222222
2021-01-06 13:00:00,889.5416666666666
2021-01-06 14:00:00,618.7769444444444
2021-01-06 15:00:00,840.16625
2021-01-06 16:00:00,841.0609722222222
2021-01-06 17:00:00,850.5115277777778
2021-01-06 18:00:00,690.4554861111111
2021-01-06 19:00:00,836.8781944444445
2021-01-06 20:00:00,857.5785416666666
2021-01-06 21:00:00,861.6956944444445
2021-01-06 22:00:00,839.8988194444445
2021-01-06 23:00:00,846.1667361111112
2021-01-07 00:00:00,847.6468055555556
2021-01-07 01:00:00,852.5473611111111
2021-01-07 02:00:00,852.7755555555556
2021-01-07 03:00:00,851.0722916666666
2021-01-07 04:00:00,1665.0236111111112
2021-01-07 05:00:00,1569.5072222222223
2021-01-07 06:00:00,3124.9172222222223
2021-01-07 07:00:00,4048.966388888889
2021-01-07 08:00:00,3458.9394444444442
2021-01-07 09:00:00,2321.8322222222223
2021-01-07 10:00:00,3200.3394444444443
2021-01-07 11:00:00,3918.657777777778
2021-01-07 12:00:00,3882.931666666667
2021-01-07 13:00:00,2621.9308333333333
2021-01-07 14:00:00,2251.598611111111
2021-01-07 15:00:00,3083.5422222222223
2021-01-07 16:00:00,1446.9843055555555
2021-01-07 17:00:00,856.201875
2021-01-07 18:00:00,680.345
2021-01-07 19:00:00,841.9415972222222
2021-01-07 20:00:00,859.1669444444444
2021-01-07 21:00:00,858.2257638888889
2021-01-07 22:00:00,856.340625
2021-01-07 23:00:00,846.7620833333333
2021-01-08 00:00:00,850.2247222222222
2021-01-08 01:00:00,848.8145833333333
2021-01-08 02:00:00,850.8415277777777
2021-01-08 03:00:00,849.21875
2021-01-08 04:00:00,1067.3520833333334
2021-01-08 05:00:00,1658.705138888889
2021-01-08 06:00:00,2998.7483333333334
2021-01-08 07:00:00,3018.6447222222223
2021-01-08 08:00:00,3706.534166666667
2021-01-08 09:00:00,2593.845
2021-01-08 10:00:00,3742.785
2021-01-08 11:00:00,3740.266111111111
2021-01-08 12:00:00,2250.3611111111113
2021-01-08 13:00:00,2014.1940277777778
2021-01-08 14:00:00,1252.6291666666666
2021-01-08 15:00:00,1843.92375
2021-01-08 16:00:00,822.1261111111111
2021-01-08 17:00:00,829.7499305555556
2021-01-08 18:00:00,658.0672916666666
2021-01-08 19:00:00,781.3251388888889
2021-01-08 20:00:00,852.36
2021-01-08 21:00:00,858.9188194444445
2021-01-08 22:00:00,858.3340277777778
2021-01-08 23:00:00,839.1177777777777
2021-01-09 00:00:00,840.0831944444444
2021-01-09 01:00:00,844.1460416666666
2021-01-09 02:00:00,855.134375
2021-01-09 03:00:00,1818.7375
2021-01-09 04:00:00,2893.1305555555555
2021-01-09 05:00:00,1782.1
2021-01-09 06:00:00,2807.838333333333
2021-01-09 07:00:00,2810.9369444444446
2021-01-09 08:00:00,3212.6583333333333
2021-01-09 09:00:00,1613.6693055555556
2021-01-09 10:00:00,2254.2275
2021-01-09 11:00:00,3423.033611111111
2021-01-09 12:00:00,2760.0305555555556
2021-01-09 13:00:00,2625.8530555555553
2021-01-09 14:00:00,1622.5097222222223
2021-01-09 15:00:00,854.0001388888888
2021-01-09 16:00:00,851.5481944444444
2021-01-09 17:00:00,851.3798611111112
2021-01-09 18:00:00,671.3961111111112
2021-01-09 19:00:00,866.8276388888889
2021-01-09 20:00:00,874.1364583333333
2021-01-09 21:00:00,849.3158333333333
2021-01-09 22:00:00,853.27125
2021-01-09 23:00:00,866.3429861111111
2021-01-10 00:00:00,866.2361111111111
2021-01-10 01:00:00,865.2883333333333
2021-01-10 02:00:00,862.9754861111111
2021-01-10 03:00:00,862.9860416666667
2021-01-10 04:00:00,2078.025416666667
2021-01-10 05:00:00,1837.6170833333333
2021-01-10 06:00:00,2815.445277777778
2021-01-10 07:00:00,2821.656388888889
2021-01-10 08:00:00,2156.8905555555557
2021-01-10 09:00:00,511.41875
2021-01-10 10:00:00,510.36118055555556
2021-01-10 11:00:00,595.5157638888888
2021-01-10 12:00:00,598.0027777777777
2021-01-10 13:00:00,599.0561111111111
2021-01-10 14:00:00,415.388125
2021-01-10 15:00:00,815.6707638888889
2021-01-10 16:00:00,839.4663888888889
2021-01-10 17:00:00,848.415
2021-01-10 18:00:00,806.44625
2021-01-10 19:00:00,870.1770833333334
2021-01-10 20:00:00,859.4154166666667
2021-01-10 21:00:00,852.9256944444444
2021-01-10 22:00:00,850.6836111111111
2021-01-10 23:00:00,845.5675
2021-01-11 00:00:00,859.3213888888889
2021-01-11 01:00:00,862.5918055555555
2021-01-11 02:00:00,853.6480555555555
2021-01-11 03:00:00,847.38
2021-01-11 04:00:00,2095.2680555555557
2021-01-11 05:00:00,1686.3681944444445
2021-01-11 06:00:00,2311.9861111111113
2021-01-11 07:00:00,2961.753888888889
2021-01-11 08:00:00,2975.3708333333334
2021-01-11 09:00:00,2133.905
2021-01-11 10:00:00,2883.7394444444444
2021-01-11 11:00:00,3722.1605555555557
2021-01-11 12:00:00,4339.229444444444
2021-01-11 13:00:00,3631.756388888889
2021-01-11 14:00:00,866.4447222222223
2021-01-11 15:00:00,828.8966666666666
2021-01-11 16:00:00,837.1196527777778
2021-01-11 17:00:00,835.2540972222222
2021-01-11 18:00:00,722.4625694444444
2021-01-11 19:00:00,848.63625
2021-01-11 20:00:00,832.5326388888889
2021-01-11 21:00:00,833.2420833333333
2021-01-11 22:00:00,847.8618055555555
2021-01-11 23:00:00,847.725625
2021-01-12 00:00:00,849.001875
2021-01-12 01:00:00,849.9644444444444
2021-01-12 02:00:00,840.30875
2021-01-12 03:00:00,843.628125
2021-01-12 04:00:00,1165.8561111111112
2021-01-12 05:00:00,1966.9744444444445
2021-01-12 06:00:00,3159.885277777778
2021-01-12 07:00:00,4014.295
2021-01-12 08:00:00,4178.846388888889
2021-01-12 09:00:00,2630.9327777777776
2021-01-12 10:00:00,2774.025
2021-01-12 11:00:00,2319.5281944444446
2021-01-12 12:00:00,2534.5172222222222
2021-01-12 13:00:00,1334.013888888889
2021-01-12 14:00:00,598.3097916666667
2021-01-12 15:00:00,845.2575
2021-01-12 16:00:00,843.0671527777778
2021-01-12 17:00:00,846.4709722222223
2021-01-12 18:00:00,717.2688888888889
2021-01-12 19:00:00,848.5572916666666
2021-01-12 20:00:00,845.0631944444444
2021-01-12 21:00:00,834.7280555555556
2021-01-12 22:00:00,830.6693055555555
2021-01-12 23:00:00,855.489375
2021-01-13 00:00:00,855.0050694444444
2021-01-13 01:00:00,835.8032638888889
2021-01-13 02:00:00,842.2277777777778
2021-01-13 03:00:00,852.7309722222222
2021-01-13 04:00:00,1213.0354166666666
2021-01-13 05:00:00,2498.6158333333333
2021-01-13 06:00:00,2897.2038888888887
2021-01-13 07:00:00,2537.8263888888887
2021-01-13 08:00:00,2263.370138888889
2021-01-13 09:00:00,2665.046388888889
2021-01-13 10:00:00,3517.1272222222224
2021-01-13 11:00:00,2571.5069444444443
2021-01-13 12:00:00,2546.742777777778
2021-01-13 13:00:00,1973.1269444444445
2021-01-13 14:00:00,832.8511111111111
2021-01-13 15:00:00,853.4305555555555
2021-01-13 16:00:00,861.374375
2021-01-13 17:00:00,859.2320833333333
2021-01-13 18:00:00,726.1607638888889
2021-01-13 19:00:00,856.4229166666667
2021-01-13 20:00:00,869.0123611111111
2021-01-13 21:00:00,873.5279861111111
2021-01-13 22:00:00,856.3228472222222
2021-01-13 23:00:00,852.1338194444445
2021-01-14 00:00:00,855.2557638888889
2021-01-14 01:00:00,842.5836111111112
2021-01-14 02:00:00,840.1365972222222
2021-01-14 03:00:00,847.9913194444445
2021-01-14 04:00:00,2078.5383333333334
2021-01-14 05:00:00,1596.8097222222223
2021-01-14 06:00:00,3788.525833333333
2021-01-14 07:00:00,3993.0841666666665
2021-01-14 08:00:00,3128.2927777777777
2021-01-14 09:00:00,2688.541388888889
2021-01-14 10:00:00,3004.865
2021-01-14 11:00:00,2828.088888888889
2021-01-14 12:00:00,2442.4425
2021-01-14 13:00:00,2547.742222222222
2021-01-14 14:00:00,1805.7395833333333
2021-01-14 15:00:00,1989.752638888889
2021-01-14 16:00:00,1986.8391666666666
2021-01-14 17:00:00,2039.9444444444443
2021-01-14 18:00:00,1455.0706944444444
2021-01-14 19:00:00,2010.9522222222222
2021-01-14 20:00:00,1997.316111111111
2021-01-14 21:00:00,2060.9480555555556
2021-01-14 22:00:00,2092.505833333333
2021-01-14 23:00:00,2099.8325
2021-01-15 00:00:00,2103.3616666666667
2021-01-15 01:00:00,2090.8855555555556
2021-01-15 02:00:00,2034.5034722222222
2021-01-15 03:00:00,2014.4286111111112
2021-01-15 04:00:00,2165.166388888889
2021-01-15 05:00:00,2531.1855555555558
2021-01-15 06:00:00,2795.842777777778
2021-01-15 07:00:00,3978.8794444444443
2021-01-15 08:00:00,3957.465
2021-01-15 09:00:00,2119.806111111111
2021-01-15 10:00:00,1817.9420833333334
2021-01-15 11:00:00,2477.43
2021-01-15 12:00:00,708.4568055555555
2021-01-15 13:00:00,598.5002777777778
2021-01-15 14:00:00,857.1540972222223
2021-01-15 15:00:00,844.0454861111111
2021-01-15 16:00:00,841.9253472222222
2021-01-15 17:00:00,843.6636111111111
2021-01-15 18:00:00,669.8892447916667
2021-01-15 19:00:00,828.3988888888889
2021-01-15 20:00:00,848.06
2021-01-15 21:00:00,845.8396527777778
2021-01-15 22:00:00,849.9611805555555
2021-01-15 23:00:00,849.4511111111111
2021-01-16 00:00:00,853.2944444444445
2021-01-16 01:00:00,852.8581944444444
2021-01-16 02:00:00,854.0541666666667
2021-01-16 03:00:00,853.9902083333334
2021-01-16 04:00:00,1076.8213888888888
2021-01-16 05:00:00,2447.2555555555555
2021-01-16 06:00:00,2830.653888888889
2021-01-16 07:00:00,3483.6369444444445
2021-01-16 08:00:00,1096.2111805555555
2021-01-16 09:00:00,505.85243055555554
2021-01-16 10:00:00,539.4253125
2021-01-16 11:00:00,595.5706944444445
2021-01-16 12:00:00,684.4368055555556
2021-01-16 13:00:00,848.4969444444445
2021-01-16 14:00:00,847.4591666666666
2021-01-16 15:00:00,844.2673611111111
2021-01-16 16:00:00,840.4398611111111
2021-01-16 17:00:00,860.3843055555556
2021-01-16 18:00:00,663.5483333333333
2021-01-16 19:00:00,747.088125
2021-01-16 20:00:00,866.5575694444444
2021-01-16 21:00:00,850.4476388888888
2021-01-16 22:00:00,856.75875
2021-01-16 23:00:00,863.8304166666667
2021-01-17 00:00:00,865.9065972222222
2021-01-17 01:00:00,867.0430555555556
2021-01-17 02:00:00,866.2429861111111
2021-01-17 03:00:00,859.6879861111111
2021-01-17 04:00:00,1172.9138888888888
2021-01-17 05:00:00,1945.2919444444444
2021-01-17 06:00:00,2687.2727777777777
2021-01-17 07:00:00,2897.2341666666666
2021-01-17 08:00:00,1181.9347222222223
2021-01-17 09:00:00,511.51659722222223
2021-01-17 10:00:00,535.4989583333333
2021-01-17 11:00:00,587.9302777777777
2021-01-17 12:00:00,592.6795138888889
2021-01-17 13:00:00,738.7738888888889
2021-01-17 14:00:00,857.6944444444445
2021-01-17 15:00:00,846.0994444444444
2021-01-17 16:00:00,848.2301388888889
2021-01-17 17:00:00,850.5276388888889
2021-01-17 18:00:00,664.6214583333333
2021-01-17 19:00:00,799.5359722222222
2021-01-17 20:00:00,858.6419444444444
2021-01-17 21:00:00,851.7976388888889
2021-01-17 22:00:00,857.2194444444444
2021-01-17 23:00:00,868.20125
2021-01-18 00:00:00,869.4359027777778
2021-01-18 01:00:00,865.570625
2021-01-18 02:00:00,857.7515277777778
2021-01-18 03:00:00,849.7204166666667
2021-01-18 04:00:00,2175.6844444444446
2021-01-18 05:00:00,2305.2941666666666
2021-01-18 06:00:00,5175.337777777778
2021-01-18 07:00:00,3997.2869444444445
2021-01-18 08:00:00,3989.4933333333333
2021-01-18 09:00:00,2710.4119444444445
2021-01-18 10:00:00,3431.7980555555555
2021-01-18 11:00:00,3760.7244444444445
2021-01-18 12:00:00,3905.056111111111
2021-01-18 13:00:00,1227.181388888889
2021-01-18 14:00:00,844.9327777777778
2021-01-18 15:00:00,855.0785416666666
2021-01-18 16:00:00,858.2985416666667
2021-01-18 17:00:00,855.0886111111112
2021-01-18 18:00:00,644.6564583333334
2021-01-18 19:00:00,732.8776388888889
2021-01-18 20:00:00,863.9365277777778
2021-01-18 21:00:00,840.3220833333334
2021-01-18 22:00:00,835.1195138888888
2021-01-18 23:00:00,848.633125
2021-01-19 00:00:00,847.1315277777778
2021-01-19 01:00:00,844.0329166666667
2021-01-19 02:00:00,841.5666666666667
2021-01-19 03:00:00,852.27875
2021-01-19 04:00:00,860.3965972222222
2021-01-19 05:00:00,2070.7219444444445
2021-01-19 06:00:00,4320.604444444444
2021-01-19 07:00:00,4146.133055555556
2021-01-19 08:00:00,3982.3533333333335
2021-01-19 09:00:00,2634.4933333333333
2021-01-19 10:00:00,2988.867777777778
2021-01-19 11:00:00,3004.983333333333
2021-01-19 12:00:00,2780.2830555555556
2021-01-19 13:00:00,1481.3831944444444
2021-01-19 14:00:00,655.1448611111111
2021-01-19 15:00:00,821.3589583333334
2021-01-19 16:00:00,854.1808333333333
2021-01-19 17:00:00,854.4072916666667
2021-01-19 18:00:00,754.6461111111112
2021-01-19 19:00:00,851.2829166666667
2021-01-19 20:00:00,869.4225
2021-01-19 21:00:00,842.3600694444444
2021-01-19 22:00:00,839.4230555555556
2021-01-19 23:00:00,841.3843055555556
2021-01-20 00:00:00,850.5102083333334
2021-01-20 01:00:00,850.7931944444445
2021-01-20 02:00:00,851.7260416666667
2021-01-20 03:00:00,850.5302777777778
2021-01-20 04:00:00,1098.6768055555556
2021-01-20 05:00:00,1715.80875
2021-01-20 06:00:00,2400.777777777778
2021-01-20 07:00:00,2438.413888888889
2021-01-20 08:00:00,2468.4166666666665
2021-01-20 09:00:00,2775.0002777777777
2021-01-20 10:00:00,1756.9129166666667
2021-01-20 11:00:00,2433.0055555555555
2021-01-20 12:00:00,589.2109722222223
2021-01-20 13:00:00,579.4397916666667
2021-01-20 14:00:00,442.86861111111114
2021-01-20 15:00:00,779.7177083333333
2021-01-20 16:00:00,832.1770833333334
2021-01-20 17:00:00,840.3174305555556
2021-01-20 18:00:00,736.0510416666667
2021-01-20 19:00:00,853.1381944444445
2021-01-20 20:00:00,859.17875
2021-01-20 21:00:00,838.3544444444444
2021-01-20 22:00:00,844.4968055555555
2021-01-20 23:00:00,842.5547222222223
2021-01-21 00:00:00,841.5642361111111
2021-01-21 01:00:00,840.2401388888889
2021-01-21 02:00:00,848.1329166666667
2021-01-21 03:00:00,843.2201388888889
2021-01-21 04:00:00,2203.59625
2021-01-21 05:00:00,2670.8161111111112
2021-01-21 06:00:00,2419.7791666666667
2021-01-21 07:00:00,2812.1466666666665
2021-01-21 08:00:00,2705.692777777778
2021-01-21 09:00:00,1547.1744444444444
2021-01-21 10:00:00,2630.7766666666666
2021-01-21 11:00:00,2688.6683333333335
2021-01-21 12:00:00,2556.7055555555557
2021-01-21 13:00:00,1636.6112326388889
2021-01-21 14:00:00,616.6605555555556
2021-01-21 15:00:00,814.2524305555555
2021-01-21 16:00:00,851.8705555555556
2021-01-21 17:00:00,858.5859027777777
2021-01-21 18:00:00,729.5951388888889
2021-01-21 19:00:00,832.3202777777777
2021-01-21 20:00:00,832.3817361111111
2021-01-21 21:00:00,829.2381944444444
2021-01-21 22:00:00,846.9272222222222
2021-01-21 23:00:00,847.0569444444444
2021-01-22 00:00:00,839.0521527777778
2021-01-22 01:00:00,833.2783333333333
2021-01-22 02:00:00,856.1825694444444
2021-01-22 03:00:00,851.3369444444445
2021-01-22 04:00:00,1167.0133333333333
2021-01-22 05:00:00,1757.0668055555554
2021-01-22 06:00:00,2346.7644444444445
2021-01-22 07:00:00,4041.141666666667
2021-01-22 08:00:00,4374.974166666667
2021-01-22 09:00:00,3204.2205555555556
2021-01-22 10:00:00,2591.598611111111
2021-01-22 11:00:00,2610.5338888888887
2021-01-22 12:00:00,1901.3558333333333
2021-01-22 13:00:00,580.6673611111111
2021-01-22 14:00:00,427.7313888888889
2021-01-22 15:00:00,1241.859861111111
2021-01-22 16:00:00,651.8952777777778
2021-01-22 17:00:00,706.7802777777778
2021-01-22 18:00:00,740.7197222222222
2021-01-22 19:00:00,833.2935416666667
2021-01-22 20:00:00,846.2379166666667
2021-01-22 21:00:00,835.9209027777778
2021-01-22 22:00:00,849.9745833333334
2021-01-22 23:00:00,855.32875
2021-01-23 00:00:00,856.7511111111111
2021-01-23 01:00:00,858.966875
2021-01-23 02:00:00,858.3298611111111
2021-01-23 03:00:00,866.5050694444444
2021-01-23 04:00:00,862.0269444444444
2021-01-23 05:00:00,1636.1977777777777
2021-01-23 06:00:00,4025.318333333333
2021-01-23 07:00:00,4210.814444444444
2021-01-23 08:00:00,2149.092777777778
2021-01-23 09:00:00,611.5308333333334
2021-01-23 10:00:00,620.49375
2021-01-23 11:00:00,588.165625
2021-01-23 12:00:00,595.7752083333334
2021-01-23 13:00:00,591.7715277777778
2021-01-23 14:00:00,428.93131944444445
2021-01-23 15:00:00,730.1817361111111
2021-01-23 16:00:00,845.3885416666667
2021-01-23 17:00:00,843.2131944444444
2021-01-23 18:00:00,717.1736111111111
2021-01-23 19:00:00,858.2490277777778
2021-01-23 20:00:00,848.6855555555555
2021-01-23 21:00:00,839.0004166666666
2021-01-23 22:00:00,846.6236111111111
2021-01-23 23:00:00,849.3947222222222
2021-01-24 00:00:00,854.2158333333333
2021-01-24 01:00:00,848.7732638888889
2021-01-24 02:00:00,846.3727083333333
2021-01-24 03:00:00,845.5911111111111
2021-01-24 04:00:00,833.3509722222223
2021-01-24 05:00:00,1389.8194444444443
2021-01-24 06:00:00,1790.1605555555554
2021-01-24 07:00:00,5321.176666666666
2021-01-24 08:00:00,3137.6277777777777
2021-01-24 09:00:00,1027.98375
2021-01-24 10:00:00,555.1964583333333
2021-01-24 11:00:00,556.8960416666666
2021-01-24 12:00:00,557.8160069444444
2021-01-24 13:00:00,557.1728819444445
2021-01-24 14:00:00,533.0238194444445
2021-01-24 15:00:00,685.3773611111111
2021-01-24 16:00:00,802.8806944444444
2021-01-24 17:00:00,802.2128472222222
2021-01-24 18:00:00,709.2323611111111
2021-01-24 19:00:00,818.1894444444445
2021-01-24 20:00:00,819.3177083333334
2021-01-24 21:00:00,817.6022222222222
2021-01-24 22:00:00,820.47625
2021-01-24 23:00:00,824.435625
2021-01-25 00:00:00,825.9669444444445
2021-01-25 01:00:00,824.4402083333333
2021-01-25 02:00:00,823.1009722222223
2021-01-25 03:00:00,812.3130555555556
2021-01-25 04:00:00,2259.3991666666666
2021-01-25 05:00:00,1810.5411111111111
2021-01-25 06:00:00,3930.962777777778
2021-01-25 07:00:00,4253.980277777778
2021-01-25 08:00:00,3975.3972222222224
2021-01-25 09:00:00,1674.3266666666666
2021-01-25 10:00:00,2536.35
2021-01-25 11:00:00,2017.7019444444445
2021-01-25 12:00:00,2090.5129166666666
2021-01-25 13:00:00,654.7990277777777
2021-01-25 14:00:00,491.8404861111111
2021-01-25 15:00:00,623.9170833333334
2021-01-25 16:00:00,942.4930555555555
2021-01-25 17:00:00,958.4928472222222
2021-01-25 18:00:00,826.6276388888889
2021-01-25 19:00:00,962.4923611111111
2021-01-25 20:00:00,963.8393055555556
2021-01-25 21:00:00,970.6761111111111
2021-01-25 22:00:00,957.3116666666666
2021-01-25 23:00:00,956.1127777777778
2021-01-26 00:00:00,958.0430555555556
2021-01-26 01:00:00,956.0965972222223
2021-01-26 02:00:00,951.0620138888889
2021-01-26 03:00:00,940.8038888888889
2021-01-26 04:00:00,1209.3005555555555
2021-01-26 05:00:00,1847.6930555555555
2021-01-26 06:00:00,2181.996527777778
2021-01-26 07:00:00,3576.9580555555553
2021-01-26 08:00:00,4145.664444444445
2021-01-26 09:00:00,2983.991388888889
2021-01-26 10:00:00,3291.818888888889
2021-01-26 11:00:00,2576.8577777777778
2021-01-26 12:00:00,1511.7755555555555
2021-01-26 13:00:00,556.5477083333334
2021-01-26 14:00:00,408.11805555555554
2021-01-26 15:00:00,493.4213888888889
2021-01-26 16:00:00,827.8786805555555
2021-01-26 17:00:00,814.2884722222223
2021-01-26 18:00:00,715.2264583333333
2021-01-26 19:00:00,817.7752777777778
2021-01-26 20:00:00,818.7381944444444
2021-01-26 21:00:00,827.9447916666667
2021-01-26 22:00:00,840.0808333333333
2021-01-26 23:00:00,821.8319444444444
2021-01-27 00:00:00,820.8485416666666
2021-01-27 01:00:00,818.5572222222222
2021-01-27 02:00:00,821.0079861111111
2021-01-27 03:00:00,817.9397222222223
2021-01-27 04:00:00,1117.0536111111112
2021-01-27 05:00:00,1698.2572222222223
2021-01-27 06:00:00,2000.2388888888888
2021-01-27 07:00:00,2380.7933333333335
2021-01-27 08:00:00,2440.398888888889
2021-01-27 09:00:00,2348.3522222222223
2021-01-27 10:00:00,2839.7930555555554
2021-01-27 11:00:00,2804.442777777778
2021-01-27 12:00:00,2131.321111111111
2021-01-27 13:00:00,557.1372222222222
2021-01-27 14:00:00,536.7678125
2021-01-27 15:00:00,668.4601388888889
2021-01-27 16:00:00,824.0220138888889
2021-01-27 17:00:00,832.0238888888889
2021-01-27 18:00:00,669.2183333333334
2021-01-27 19:00:00,814.1419444444444
2021-01-27 20:00:00,824.4608333333333
2021-01-27 21:00:00,832.391875
2021-01-27 22:00:00,838.1294444444444
2021-01-27 23:00:00,833.9817361111111
2021-01-28 00:00:00,824.7922222222222
2021-01-28 01:00:00,821.7551388888888
2021-01-28 02:00:00,821.2083333333334
2021-01-28 03:00:00,815.975625
2021-01-28 04:00:00,2188.025833333333
2021-01-28 05:00:00,2650.475
2021-01-28 06:00:00,3059.7327777777778
2021-01-28 07:00:00,5075.131111111111
2021-01-28 08:00:00,5216.252222222222
2021-01-28 09:00:00,3792.785
2021-01-28 10:00:00,5086.124444444445
2021-01-28 11:00:00,5404.823333333334
2021-01-28 12:00:00,5100.677777777778
2021-01-28 13:00:00,4877.054444444444
2021-01-28 14:00:00,3637.2294444444447
2021-01-28 15:00:00,4029.3372222222224
2021-01-28 16:00:00,4029.3372222222224
2021-01-28 17:00:00,4029.3372222222224
2021-01-28 18:00:00,4029.3372222222224
2021-01-28 19:00:00,4029.3372222222224
2021-01-28 20:00:00,4029.3372222222224
2021-01-28 21:00:00,4029.3372222222224
2021-01-28 22:00:00,4029.3372222222224
2021-01-28 23:00:00,4029.3372222222224
2021-01-29 00:00:00,4029.3372222222224
2021-01-29 01:00:00,4029.3372222222224
2021-01-29 02:00:00,4029.3372222222224
2021-01-29 03:00:00,4029.3372222222224
2021-01-29 04:00:00,4029.3372222222224
2021-01-29 05:00:00,2436.1272222222224
2021-01-29 06:00:00,3077.503888888889
2021-01-29 07:00:00,3781.108333333333
2021-01-29 08:00:00,3845.141111111111
2021-01-29 09:00:00,3831.643611111111
2021-01-29 10:00:00,4003.928888888889
2021-01-29 11:00:00,4011.8405555555555
2021-01-29 12:00:00,2157.5647222222224
2021-01-29 13:00:00,1371.6880555555556
2021-01-29 14:00:00,584.0110416666666
2021-01-29 15:00:00,595.0160416666666
2021-01-29 16:00:00,815.84375
2021-01-29 17:00:00,817.6798611111111
2021-01-29 18:00:00,621.5195833333333
2021-01-29 19:00:00,835.7923611111111
2021-01-29 20:00:00,844.5709027777777
2021-01-29 21:00:00,836.8827777777777
2021-01-29 22:00:00,820.0769444444444
2021-01-29 23:00:00,826.6394444444444
2021-01-30 00:00:00,826.6407638888888
2021-01-30 01:00:00,826.9494444444445
2021-01-30 02:00:00,822.8944444444444
2021-01-30 03:00:00,832.1230555555555
2021-01-30 04:00:00,1819.1597222222222
2021-01-30 05:00:00,2160.706388888889
2021-01-30 06:00:00,2307.1477777777777
2021-01-30 07:00:00,2816.9955555555557
2021-01-30 08:00:00,2599.5444444444443
2021-01-30 09:00:00,1957.1741666666667
2021-01-30 10:00:00,878.9195833333333
2021-01-30 11:00:00,560.9344791666666
2021-01-30 12:00:00,618.3509722222223
2021-01-30 13:00:00,778.6363888888889
2021-01-30 14:00:00,589.1438194444445
2021-01-30 15:00:00,603.389375
2021-01-30 16:00:00,811.6754166666667
2021-01-30 17:00:00,810.9786805555556
2021-01-30 18:00:00,676.8142361111111
2021-01-30 19:00:00,844.1282638888889
2021-01-30 20:00:00,851.4752777777778
2021-01-30 21:00:00,848.2258333333333
2021-01-30 22:00:00,835.99125
2021-01-30 23:00:00,837.98625
2021-01-31 00:00:00,835.59125
2021-01-31 01:00:00,841.1013194444445
2021-01-31 02:00:00,840.10875
2021-01-31 03:00:00,839.2656944444444
2021-01-31 04:00:00,1857.8451388888889
2021-01-31 05:00:00,2162.8694444444445
2021-01-31 06:00:00,2250.8347222222224
2021-01-31 07:00:00,2731.913888888889
2021-01-31 08:00:00,2096.993611111111
2021-01-31 09:00:00,427.9886111111111
2021-01-31 10:00:00,562.3936805555555
2021-01-31 11:00:00,569.0223263888889
2021-01-31 12:00:00,571.1014930555556
2021-01-31 13:00:00,570.9393402777778
2021-01-31 14:00:00,403.81121527777776
2021-01-31 15:00:00,426.7183680555556
2021-01-31 16:00:00,827.5098611111111
2021-01-31 17:00:00,829.1420138888889
2021-01-31 18:00:00,659.5498611111111
2021-01-31 19:00:00,843.1644444444445
2021-01-31 20:00:00,842.4823611111111
2021-01-31 21:00:00,845.8936111111111
2021-01-31 22:00:00,845.8816666666667
2021-01-31 23:00:00,843.3284722222222
2021-02-01 00:00:00,841.0838194444444
2021-02-01 01:00:00,845.5723611111111
2021-02-01 02:00:00,839.33625
2021-02-01 03:00:00,820.8747222222222
2021-02-01 04:00:00,1942.25
2021-02-01 05:00:00,2175.9641666666666
2021-02-01 06:00:00,4124.2572222222225
2021-02-01 07:00:00,5294.817777777777
2021-02-01 08:00:00,5359.820555555556
2021-02-01 09:00:00,3351.168888888889
2021-02-01 10:00:00,3564.255833333333
2021-02-01 11:00:00,3067.371111111111
2021-02-01 12:00:00,1570.0543055555556
2021-02-01 13:00:00,623.5447222222223
2021-02-01 14:00:00,494.56878472222223
2021-02-01 15:00:00,591.2239583333334
2021-02-01 16:00:00,812.2273611111111
2021-02-01 17:00:00,833.9104166666667
2021-02-01 18:00:00,676.5226388888889
2021-02-01 19:00:00,827.7197222222222
2021-02-01 20:00:00,829.9677777777778
2021-02-01 21:00:00,839.9652083333333
2021-02-01 22:00:00,822.104375
2021-02-01 23:00:00,826.4474305555556
2021-02-02 00:00:00,821.4036805555555
2021-02-02 01:00:00,813.8529861111111
2021-02-02 02:00:00,832.7677083333333
2021-02-02 03:00:00,828.5094097222222
2021-02-02 04:00:00,1110.1655555555556
2021-02-02 05:00:00,1628.4308333333333
2021-02-02 06:00:00,2366.303888888889
2021-02-02 07:00:00,4569.535
2021-02-02 08:00:00,5183.072222222222
2021-02-02 09:00:00,3952.6366666666668
2021-02-02 10:00:00,4483.439166666667
2021-02-02 11:00:00,2464.6227777777776
2021-02-02 12:00:00,2484.4805555555554
2021-02-02 13:00:00,2766.986388888889
2021-02-02 14:00:00,1502.71
2021-02-02 15:00:00,1257.6568055555556
2021-02-02 16:00:00,805.8751388888888
2021-02-02 17:00:00,814.0809722222223
2021-02-02 18:00:00,642.7438888888889
2021-02-02 19:00:00,836.2405555555556
2021-02-02 20:00:00,839.9840972222222
2021-02-02 21:00:00,843.8284027777778
2021-02-02 22:00:00,839.18375
2021-02-02 23:00:00,829.2947222222223
2021-02-03 00:00:00,834.7420833333333
2021-02-03 01:00:00,839.4032638888889
2021-02-03 02:00:00,839.9016666666666
2021-02-03 03:00:00,822.4113888888888
2021-02-03 04:00:00,1150.1913194444444
2021-02-03 05:00:00,1639.7180555555556
2021-02-03 06:00:00,2287.1627777777776
2021-02-03 07:00:00,2476.512777777778
2021-02-03 08:00:00,2420.661111111111
2021-02-03 09:00:00,2764.3444444444444
2021-02-03 10:00:00,2812.1677777777777
2021-02-03 11:00:00,3441.7361111111113
2021-02-03 12:00:00,2955.19
2021-02-03 13:00:00,1599.9515277777778
2021-02-03 14:00:00,563.4336458333333
2021-02-03 15:00:00,559.369375
2021-02-03 16:00:00,794.1284722222222
2021-02-03 17:00:00,796.6523611111111
2021-02-03 18:00:00,655.7836111111111
2021-02-03 19:00:00,813.366875
2021-02-03 20:00:00,798.0097916666666
2021-02-03 21:00:00,810.8551388888889
2021-02-03 22:00:00,818.0031944444445
2021-02-03 23:00:00,811.5598611111111
2021-02-04 00:00:00,801.4888888888889
2021-02-04 01:00:00,806.323125
2021-02-04 02:00:00,804.9840277777778
2021-02-04 03:00:00,787.2621527777778
2021-02-04 04:00:00,1955.246388888889
2021-02-04 05:00:00,2970.7508333333335
2021-02-04 06:00:00,3352.1244444444446
2021-02-04 07:00:00,2797.3122222222223
2021-02-04 08:00:00,2768.573888888889
2021-02-04 09:00:00,1840.4541666666667
2021-02-04 10:00:00,2695.49
2021-02-04 11:00:00,2744.616111111111
2021-02-04 12:00:00,2762.5575
2021-02-04 13:00:00,2718.235
2021-02-04 14:00:00,1055.3308333333334
2021-02-04 15:00:00,592.9872916666667
2021-02-04 16:00:00,758.9404861111111
2021-02-04 17:00:00,846.2298611111111
2021-02-04 18:00:00,683.7157638888889
2021-02-04 19:00:00,864.0169444444444
2021-02-04 20:00:00,850.6386111111111
2021-02-04 21:00:00,856.8416666666667
2021-02-04 22:00:00,856.6665972222222
2021-02-04 23:00:00,842.28625
2021-02-05 00:00:00,845.8130555555556
2021-02-05 01:00:00,844.5004861111111
2021-02-05 02:00:00,835.8495138888889
2021-02-05 03:00:00,828.7470138888889
2021-02-05 04:00:00,1078.8705555555555
2021-02-05 05:00:00,1633.0875
2021-02-05 06:00:00,2148.576111111111
2021-02-05 07:00:00,5038.452222222222
2021-02-05 08:00:00,5272.054444444444
2021-02-05 09:00:00,3812.188611111111
2021-02-05 10:00:00,2773.5988888888887
2021-02-05 11:00:00,2845.848611111111
2021-02-05 12:00:00,3274.9408333333336
2021-02-05 13:00:00,5198.508333333333
2021-02-05 14:00:00,3685.7255555555557
2021-02-05 15:00:00,2667.656388888889
2021-02-05 16:00:00,748.0859722222223
2021-02-05 17:00:00,847.2355555555556
2021-02-05 18:00:00,631.0327777777778
2021-02-05 19:00:00,850.6608333333334
2021-02-05 20:00:00,859.3965277777778
2021-02-05 21:00:00,844.4693055555556
2021-02-05 22:00:00,849.1375
2021-02-05 23:00:00,844.0414583333334
2021-02-06 00:00:00,853.2384722222222
2021-02-06 01:00:00,859.1861805555556
2021-02-06 02:00:00,861.3265277777778
2021-02-06 03:00:00,863.7115277777777
2021-02-06 04:00:00,1284.1152777777777
2021-02-06 05:00:00,2662.197222222222
2021-02-06 06:00:00,2799.8983333333335
2021-02-06 07:00:00,3805.616666666667
2021-02-06 08:00:00,1623.773888888889
2021-02-06 09:00:00,606.7121527777778
2021-02-06 10:00:00,598.6434722222223
2021-02-06 11:00:00,747.8796527777778
2021-02-06 12:00:00,875.4925
2021-02-06 13:00:00,845.2627777777777
2021-02-06 14:00:00,588.1243055555556
2021-02-06 15:00:00,592.27625
2021-02-06 16:00:00,756.0759722222223
2021-02-06 17:00:00,851.3058333333333
2021-02-06 18:00:00,635.6843055555555
2021-02-06 19:00:00,868.2225
2021-02-06 20:00:00,872.5948611111111
2021-02-06 21:00:00,857.0182638888889
2021-02-06 22:00:00,849.4072916666667
2021-02-06 23:00:00,853.4060416666666
2021-02-07 00:00:00,850.5104166666666
2021-02-07 01:00:00,855.6306944444444
2021-02-07 02:00:00,858.7685416666667
2021-02-07 03:00:00,855.6808333333333
2021-02-07 04:00:00,1192.5144444444445
2021-02-07 05:00:00,1761.28375
2021-02-07 06:00:00,3547.676111111111
2021-02-07 07:00:00,2872.945
2021-02-07 08:00:00,3819.407777777778
2021-02-07 09:00:00,2620.278333333333
2021-02-07 10:00:00,2949.907222222222
2021-02-07 11:00:00,3067.320833333333
2021-02-07 12:00:00,3106.5891666666666
2021-02-07 13:00:00,3107.1277777777777
2021-02-07 14:00:00,2590.1266666666666
2021-02-07 15:00:00,2659.0833333333335
2021-02-07 16:00:00,3250.6919444444443
2021-02-07 17:00:00,3335.7541666666666
2021-02-07 18:00:00,2866.96
2021-02-07 19:00:00,3399.4905555555556
2021-02-07 20:00:00,3407.237777777778
2021-02-07 21:00:00,3328.6444444444446
2021-02-07 22:00:00,3338.010277777778
2021-02-07 23:00:00,3344.5802777777776
2021-02-08 00:00:00,3378.237777777778
2021-02-08 01:00:00,3369.0855555555554
2021-02-08 02:00:00,3390.8288888888887
2021-02-08 03:00:00,3348.2094444444447
2021-02-08 04:00:00,3341.389722222222
2021-02-08 05:00:00,3256.5022222222224
2021-02-08 06:00:00,1851.1133333333332
2021-02-08 07:00:00,2777.9952777777776
2021-02-08 08:00:00,4834.718888888889
2021-02-08 09:00:00,2550.358333333333
2021-02-08 10:00:00,1978.7805555555556
2021-02-08 11:00:00,4609.990833333333
2021-02-08 12:00:00,5199.756666666667
2021-02-08 13:00:00,5182.947777777777
2021-02-08 14:00:00,3690.321111111111
2021-02-08 15:00:00,3401.8233333333333
2021-02-08 16:00:00,3062.6819444444445
2021-02-08 17:00:00,3295.282222222222
2021-02-08 18:00:00,2829.7238888888887
2021-02-08 19:00:00,3302.720277777778
2021-02-08 20:00:00,3329.108888888889
2021-02-08 21:00:00,3424.2044444444446
2021-02-08 22:00:00,3435.552222222222
2021-02-08 23:00:00,3458.045833333333
2021-02-09 00:00:00,3310.7825
2021-02-09 01:00:00,3312.843888888889
2021-02-09 02:00:00,3340.9894444444444
2021-02-09 03:00:00,3350.608888888889
2021-02-09 04:00:00,3321.2161111111113
2021-02-09 05:00:00,2709.3558333333335
2021-02-09 06:00:00,1805.9583333333333
2021-02-09 07:00:00,4839.836666666667
2021-02-09 08:00:00,5171.695
2021-02-09 09:00:00,2097.742638888889
2021-02-09 10:00:00,1612.691111111111
2021-02-09 11:00:00,1674.4527777777778
2021-02-09 12:00:00,1697.578888888889
2021-02-09 13:00:00,666.6155555555556
2021-02-09 14:00:00,372.18375
2021-02-09 15:00:00,380.6403472222222
2021-02-09 16:00:00,652.1798611111111
2021-02-09 17:00:00,759.6865972222222
2021-02-09 18:00:00,582.755
2021-02-09 19:00:00,762.3379861111111
2021-02-09 20:00:00,769.2484027777778
2021-02-09 21:00:00,772.1360416666666
2021-02-09 22:00:00,763.0129166666667
2021-02-09 23:00:00,756.8891666666667
2021-02-10 00:00:00,758.5428472222222
2021-02-10 01:00:00,763.9173611111111
2021-02-10 02:00:00,759.7568055555555
2021-02-10 03:00:00,756.2552777777778
2021-02-10 04:00:00,1667.8069444444445
2021-02-10 05:00:00,3666.2991666666667
2021-02-10 06:00:00,3870.7047222222222
2021-02-10 07:00:00,3496.2555555555555
2021-02-10 08:00:00,2966.087777777778
2021-02-10 09:00:00,2726.5694444444443
2021-02-10 10:00:00,2719.092222222222
2021-02-10 11:00:00,4479.321111111111
2021-02-10 12:00:00,2908.7419444444445
2021-02-10 13:00:00,571.5874652777778
2021-02-10 14:00:00,402.72222222222223
2021-02-10 15:00:00,422.1357986111111
2021-02-10 16:00:00,718.3273611111111
2021-02-10 17:00:00,839.2176388888889
2021-02-10 18:00:00,853.5631944444444
2021-02-10 19:00:00,844.8529861111111
2021-02-10 20:00:00,845.1231944444445
2021-02-10 21:00:00,854.9384722222222
2021-02-10 22:00:00,851.0349305555555
2021-02-10 23:00:00,848.8363194444445
2021-02-11 00:00:00,831.0597222222223
2021-02-11 01:00:00,828.4845833333334
2021-02-11 02:00:00,832.11375
2021-02-11 03:00:00,833.4954166666666
2021-02-11 04:00:00,1669.9843055555555
2021-02-11 05:00:00,5283.877777777778
2021-02-11 06:00:00,4863.765555555556
2021-02-11 07:00:00,3643.711388888889
2021-02-11 08:00:00,3804.8933333333334
2021-02-11 09:00:00,3927.0880555555555
2021-02-11 10:00:00,5052.822222222222
2021-02-11 11:00:00,5143.728888888889
2021-02-11 12:00:00,5151.643888888889
2021-02-11 13:00:00,5159.438888888889
2021-02-11 14:00:00,1149.0541666666666
2021-02-11 15:00:00,429.5642013888889
2021-02-11 16:00:00,563.2497222222222
2021-02-11 17:00:00,801.0225
2021-02-11 18:00:00,629.0223611111111
2021-02-11 19:00:00,809.8615972222223
2021-02-11 20:00:00,849.91125
2021-02-11 21:00:00,843.9848611111111
2021-02-11 22:00:00,856.7622222222222
2021-02-11 23:00:00,862.1765972222222
2021-02-12 00:00:00,843.6375694444445
2021-02-12 01:00:00,842.0768055555556
2021-02-12 02:00:00,839.3845138888889
2021-02-12 03:00:00,833.7423611111111
2021-02-12 04:00:00,830.5255555555556
2021-02-12 05:00:00,2298.257777777778
2021-02-12 06:00:00,3973.065
2021-02-12 07:00:00,4932.4944444444445
2021-02-12 08:00:00,5195.567777777777
2021-02-12 09:00:00,3781.9597222222224
2021-02-12 10:00:00,3598.2755555555555
2021-02-12 11:00:00,2423.5158333333334
2021-02-12 12:00:00,3376.1297222222224
2021-02-12 13:00:00,2685.8277777777776
2021-02-12 14:00:00,425.71319444444447
2021-02-12 15:00:00,399.8650347222222
2021-02-12 16:00:00,563.11375
2021-02-12 17:00:00,816.2100694444445
2021-02-12 18:00:00,593.2533333333333
2021-02-12 19:00:00,782.0177777777777
2021-02-12 20:00:00,815.8759722222222
2021-02-12 21:00:00,810.2413888888889
2021-02-12 22:00:00,812.3222222222222
2021-02-12 23:00:00,803.6231944444445
2021-02-13 00:00:00,804.6277777777777
2021-02-13 01:00:00,805.1757638888889
2021-02-13 02:00:00,810.2440277777778
2021-02-13 03:00:00,811.5836111111112
2021-02-13 04:00:00,810.0167361111111
2021-02-13 05:00:00,1534.5791666666667
2021-02-13 06:00:00,3778.143888888889
2021-02-13 07:00:00,3749.9355555555558
2021-02-13 08:00:00,2206.9508333333333
2021-02-13 09:00:00,424.38715277777777
2021-02-13 10:00:00,527.3603472222222
2021-02-13 11:00:00,596.2561111111111
2021-02-13 12:00:00,597.4409722222222
2021-02-13 13:00:00,596.1190277777778
2021-02-13 14:00:00,408.405
2021-02-13 15:00:00,428.50875
2021-02-13 16:00:00,595.1217361111111
2021-02-13 17:00:00,843.4542361111111
2021-02-13 18:00:00,610.6077083333333
2021-02-13 19:00:00,782.9946527777778
2021-02-13 20:00:00,872.5139583333333
2021-02-13 21:00:00,849.5890277777778
2021-02-13 22:00:00,831.7689583333333
2021-02-13 23:00:00,832.486875
2021-02-14 00:00:00,836.425
2021-02-14 01:00:00,846.1909722222222
2021-02-14 02:00:00,851.4641666666666
2021-02-14 03:00:00,855.6081944444444
2021-02-14 04:00:00,851.210625
2021-02-14 05:00:00,1557.9568055555555
2021-02-14 06:00:00,3809.2555555555555
2021-02-14 07:00:00,3337.695
2021-02-14 08:00:00,2632.0380555555557
2021-02-14 09:00:00,420.4530555555556
2021-02-14 10:00:00,527.0348611111111
2021-02-14 11:00:00,590.0926388888889
2021-02-14 12:00:00,600.6836805555556
2021-02-14 13:00:00,599.5190972222222
2021-02-14 14:00:00,400.01149305555555
2021-02-14 15:00:00,434.29600694444446
2021-02-14 16:00:00,605.7433333333333
2021-02-14 17:00:00,842.4848611111111
2021-02-14 18:00:00,601.3935416666667
2021-02-14 19:00:00,750.6886805555556
2021-02-14 20:00:00,862.6848611111111
2021-02-14 21:00:00,866.4136111111111
2021-02-14 22:00:00,864.830625
2021-02-14 23:00:00,863.7765277777778
2021-02-15 00:00:00,861.9321527777778
2021-02-15 01:00:00,857.0890972222222
2021-02-15 02:00:00,856.9343055555555
2021-02-15 03:00:00,858.4782638888889
2021-02-15 04:00:00,1906.5401388888888
2021-02-15 05:00:00,1650.076388888889
2021-02-15 06:00:00,1760.5966666666666
2021-02-15 07:00:00,3884.2780555555555
2021-02-15 08:00:00,5109.691111111111
2021-02-15 09:00:00,3785.508333333333
2021-02-15 10:00:00,4451.333611111111
2021-02-15 11:00:00,4825.930555555556
2021-02-15 12:00:00,2298.6018055555555
2021-02-15 13:00:00,587.1595833333333
2021-02-15 14:00:00,405.5720486111111
2021-02-15 15:00:00,535.7298611111111
2021-02-15 16:00:00,629.6248611111112
2021-02-15 17:00:00,828.8960416666666
2021-02-15 18:00:00,594.73125
2021-02-15 19:00:00,748.1425694444445
2021-02-15 20:00:00,851.4236805555555
2021-02-15 21:00:00,857.1222222222223
2021-02-15 22:00:00,866.7233333333334
2021-02-15 23:00:00,843.9073611111111
2021-02-16 00:00:00,843.7095138888889
2021-02-16 01:00:00,839.2304166666667
2021-02-16 02:00:00,841.9595833333333
2021-02-16 03:00:00,838.1561111111112
2021-02-16 04:00:00,1159.794861111111
2021-02-16 05:00:00,1592.07125
2021-02-16 06:00:00,1782.442361111111
2021-02-16 07:00:00,2867.2905555555553
2021-02-16 08:00:00,4025.3855555555556
2021-02-16 09:00:00,3016.515
2021-02-16 10:00:00,2815.8127777777777
2021-02-16 11:00:00,2980.6583333333333
2021-02-16 12:00:00,2688.5588888888888
2021-02-16 13:00:00,582.7119444444445
2021-02-16 14:00:00,387.8376388888889
2021-02-16 15:00:00,421.8466666666667
2021-02-16 16:00:00,633.5563194444444
2021-02-16 17:00:00,601.9554166666667
2021-02-16 18:00:00,588.8627777777778
2021-02-16 19:00:00,651.9088888888889
2021-02-16 20:00:00,839.453125
2021-02-16 21:00:00,874.38125
2021-02-16 22:00:00,843.3066666666666
2021-02-16 23:00:00,846.6127083333333
2021-02-17 00:00:00,853.1577777777778
2021-02-17 01:00:00,858.0580555555556
2021-02-17 02:00:00,857.0708333333333
2021-02-17 03:00:00,851.6533333333333
2021-02-17 04:00:00,1133.2225694444444
2021-02-17 05:00:00,1661.357361111111
2021-02-17 06:00:00,3131.3616666666667
2021-02-17 07:00:00,2873.9802777777777
2021-02-17 08:00:00,2450.6366666666668
2021-02-17 09:00:00,2776.507777777778
2021-02-17 10:00:00,2728.8752777777777
2021-02-17 11:00:00,1857.3206944444444
2021-02-17 12:00:00,1715.7288888888888
2021-02-17 13:00:00,1054.2073611111111
2021-02-17 14:00:00,466.5409375
2021-02-17 15:00:00,589.4584722222222
2021-02-17 16:00:00,852.6820138888888
2021-02-17 17:00:00,842.4964583333333
2021-02-17 18:00:00,680.1600694444444
2021-02-17 19:00:00,800.4822916666667
2021-02-17 20:00:00,872.3113194444444
2021-02-17 21:00:00,871.0158333333334
2021-02-17 22:00:00,873.8690972222222
2021-02-17 23:00:00,859.2663888888889
2021-02-18 00:00:00,845.9490277777778
2021-02-18 01:00:00,848.4909027777778
2021-02-18 02:00:00,848.4661111111111
2021-02-18 03:00:00,842.8434722222222
2021-02-18 04:00:00,2701.3708333333334
2021-02-18 05:00:00,3957.2472222222223
2021-02-18 06:00:00,4124.144444444444
2021-02-18 07:00:00,4859.248888888889
2021-02-18 08:00:00,5057.5905555555555
2021-02-18 09:00:00,4002.6652777777776
2021-02-18 10:00:00,4699.977222222222
2021-02-18 11:00:00,5164.583333333333
2021-02-18 12:00:00,5239.395555555556
2021-02-18 13:00:00,5392.035555555555
2021-02-18 14:00:00,971.4976388888889
2021-02-18 15:00:00,668.1822916666666
2021-02-18 16:00:00,655.898125
2021-02-18 17:00:00,847.6908333333333
2021-02-18 18:00:00,660.5136111111111
2021-02-18 19:00:00,798.0691666666667
2021-02-18 20:00:00,871.2225694444444
2021-02-18 21:00:00,869.6289583333333
2021-02-18 22:00:00,840.9909027777778
2021-02-18 23:00:00,845.1433333333333
2021-02-19 00:00:00,844.2054861111111
2021-02-19 01:00:00,846.0923611111111
2021-02-19 02:00:00,843.9066666666666
2021-02-19 03:00:00,849.8791666666667
2021-02-19 04:00:00,1149.4205555555557
2021-02-19 05:00:00,2545.386111111111
2021-02-19 06:00:00,3879.2469444444446
2021-02-19 07:00:00,2412.895
2021-02-19 08:00:00,2343.027222222222
2021-02-19 09:00:00,2277.233333333333
2021-02-19 10:00:00,2526.6305555555555
2021-02-19 11:00:00,3866.3172222222224
2021-02-19 12:00:00,2551.846111111111
2021-02-19 13:00:00,609.6715277777778
2021-02-19 14:00:00,438.895
2021-02-19 15:00:00,458.32600694444443
2021-02-19 16:00:00,689.5353472222222
2021-02-19 17:00:00,825.5444444444445
2021-02-19 18:00:00,645.5921527777778
2021-02-19 19:00:00,780.7607638888888
2021-02-19 20:00:00,843.589375
2021-02-19 21:00:00,833.4724305555555
2021-02-19 22:00:00,846.4689583333334
2021-02-19 23:00:00,844.6129861111111
2021-02-20 00:00:00,829.7454861111111
2021-02-20 01:00:00,824.6467361111111
2021-02-20 02:00:00,827.2363888888889
2021-02-20 03:00:00,833.0794444444444
2021-02-20 04:00:00,2319.987361111111
2021-02-20 05:00:00,1841.52125
2021-02-20 06:00:00,1979.2697222222223
2021-02-20 07:00:00,2262.821388888889
2021-02-20 08:00:00,2678.802222222222
2021-02-20 09:00:00,1914.9430555555555
2021-02-20 10:00:00,1385.8765277777777
2021-02-20 11:00:00,605.0598611111111
2021-02-20 12:00:00,611.7519444444445
2021-02-20 13:00:00,610.1685416666667
2021-02-20 14:00:00,526.7421527777777
2021-02-20 15:00:00,545.1453819444445
2021-02-20 16:00:00,679.8372916666667
2021-02-20 17:00:00,870.8894444444444
2021-02-20 18:00:00,805.9640277777778
2021-02-20 19:00:00,862.6611111111112
2021-02-20 20:00:00,865.2773611111111
2021-02-20 21:00:00,860.7485416666667
2021-02-20 22:00:00,861.1840277777778
2021-02-20 23:00:00,865.8127083333334
2021-02-21 00:00:00,861.6597222222222
2021-02-21 01:00:00,858.5747222222222
2021-02-21 02:00:00,860.4440277777778
2021-02-21 03:00:00,856.799375
2021-02-21 04:00:00,2051.3555555555554
2021-02-21 05:00:00,1841.5526388888889
2021-02-21 06:00:00,2138.547361111111
2021-02-21 07:00:00,1902.9079166666668
2021-02-21 08:00:00,1871.8880555555556
2021-02-21 09:00:00,1003.17375
2021-02-21 10:00:00,562.6620138888889
2021-02-21 11:00:00,615.1702777777778
2021-02-21 12:00:00,620.4045138888889
2021-02-21 13:00:00,611.3694444444444
2021-02-21 14:00:00,561.3592361111112
2021-02-21 15:00:00,579.9364583333333
2021-02-21 16:00:00,633.1502777777778
2021-02-21 17:00:00,842.0757638888889
2021-02-21 18:00:00,801.6029861111111
2021-02-21 19:00:00,856.0260416666666
2021-02-21 20:00:00,864.2192361111111
2021-02-21 21:00:00,870.388125
2021-02-21 22:00:00,867.1936111111111
2021-02-21 23:00:00,871.3834722222222
2021-02-22 00:00:00,870.0290277777777
2021-02-22 01:00:00,868.4370833333334
2021-02-22 02:00:00,863.8265277777778
2021-02-22 03:00:00,847.3256944444445
2021-02-22 04:00:00,1946.9795833333333
2021-02-22 05:00:00,4191.8
2021-02-22 06:00:00,4203.447222222222
2021-02-22 07:00:00,3493.8555555555554
2021-02-22 08:00:00,3354.7122222222224
2021-02-22 09:00:00,3296.6966666666667
2021-02-22 10:00:00,3466.92
2021-02-22 11:00:00,3635.0647222222224
2021-02-22 12:00:00,4575.735277777778
2021-02-22 13:00:00,2286.57
2021-02-22 14:00:00,587.6873611111112
2021-02-22 15:00:00,595.8540277777778
2021-02-22 16:00:00,767.1474305555555
2021-02-22 17:00:00,858.8852777777778
2021-02-22 18:00:00,855.6634722222223
2021-02-22 19:00:00,765.6847916666667
2021-02-22 20:00:00,553.5258680555555
2021-02-22 21:00:00,573.7890277777777
2021-02-22 22:00:00,566.5766666666667
2021-02-22 23:00:00,575.7259027777778
2021-02-23 00:00:00,574.93625
2021-02-23 01:00:00,568.4282986111111
2021-02-23 02:00:00,563.8644444444444
2021-02-23 03:00:00,563.1140277777778
2021-02-23 04:00:00,572.5569097222223
2021-02-23 05:00:00,2982.271388888889
2021-02-23 06:00:00,4063.305
2021-02-23 07:00:00,4067.784722222222
2021-02-23 08:00:00,2946.847777777778
2021-02-23 09:00:00,2562.9133333333334
2021-02-23 10:00:00,3080.4794444444447
2021-02-23 11:00:00,3002.8855555555556
2021-02-23 12:00:00,1981.7877777777778
2021-02-23 13:00:00,588.4709722222223
2021-02-23 14:00:00,510.7010763888889
2021-02-23 15:00:00,573.4489583333333
2021-02-23 16:00:00,613.9017361111111
2021-02-23 17:00:00,821.0669444444444
2021-02-23 18:00:00,786.3729166666667
2021-02-23 19:00:00,841.4797916666666
2021-02-23 20:00:00,850.7175694444444
2021-02-23 21:00:00,837.1906944444445
2021-02-23 22:00:00,834.2383333333333
2021-02-23 23:00:00,839.7259722222223
2021-02-24 00:00:00,839.3591666666666
2021-02-24 01:00:00,834.6606944444444
2021-02-24 02:00:00,828.0011805555556
2021-02-24 03:00:00,826.8897916666666
2021-02-24 04:00:00,1136.4318055555555
2021-02-24 05:00:00,2061.7015277777778
2021-02-24 06:00:00,3326.4802777777777
2021-02-24 07:00:00,3606.963333333333
2021-02-24 08:00:00,3647.1544444444444
2021-02-24 09:00:00,3999.2477777777776
2021-02-24 10:00:00,2996.2925
2021-02-24 11:00:00,2448.445
2021-02-24 12:00:00,845.6484027777777
2021-02-24 13:00:00,594.9675
2021-02-24 14:00:00,528.9695486111111
2021-02-24 15:00:00,557.5403819444444
2021-02-24 16:00:00,630.7302777777778
2021-02-24 17:00:00,848.5340277777777
2021-02-24 18:00:00,761.8291666666667
2021-02-24 19:00:00,874.6498611111111
2021-02-24 20:00:00,873.47
2021-02-24 21:00:00,875.8061805555556
2021-02-24 22:00:00,862.9305555555555
2021-02-24 23:00:00,857.1844444444445
2021-02-25 00:00:00,863.1419444444444
2021-02-25 01:00:00,869.7353472222222
2021-02-25 02:00:00,862.9305555555555
2021-02-25 03:00:00,856.2404166666666
2021-02-25 04:00:00,2114.1334722222223
2021-02-25 05:00:00,2934.0494444444444
2021-02-25 06:00:00,3830.6544444444444
2021-02-25 07:00:00,3249.061388888889
2021-02-25 08:00:00,2931.3922222222222
2021-02-25 09:00:00,2693.9166666666665
2021-02-25 10:00:00,3115.677222222222
2021-02-25 11:00:00,3179.3586111111113
2021-02-25 12:00:00,3102.556666666667
2021-02-25 13:00:00,2830.916111111111
2021-02-25 14:00:00,1897.0727777777777
2021-02-25 15:00:00,1264.940138888889
2021-02-25 16:00:00,649.9475
2021-02-25 17:00:00,846.6448611111111
2021-02-25 18:00:00,734.0872222222222
2021-02-25 19:00:00,860.5455555555556
2021-02-25 20:00:00,868.1394444444444
2021-02-25 21:00:00,858.5511111111111
2021-02-25 22:00:00,869.45375
2021-02-25 23:00:00,870.1286805555555
2021-02-26 00:00:00,869.0013888888889
2021-02-26 01:00:00,873.0835416666666
2021-02-26 02:00:00,865.7534722222222
2021-02-26 03:00:00,859.52875
2021-02-26 04:00:00,1234.1841666666667
2021-02-26 05:00:00,1781.8869444444445
2021-02-26 06:00:00,3027.7975
2021-02-26 07:00:00,4291.790277777778
2021-02-26 08:00:00,4335.597777777778
2021-02-26 09:00:00,4026.765
2021-02-26 10:00:00,1990.4394444444445
2021-02-26 11:00:00,1682.138611111111
2021-02-26 12:00:00,1891.7394444444444
2021-02-26 13:00:00,1656.33
2021-02-26 14:00:00,452.9145138888889
2021-02-26 15:00:00,533.6061805555555
2021-02-26 16:00:00,825.8694444444444
2021-02-26 17:00:00,2021.152361111111
2021-02-26 18:00:00,649.8121527777778
2021-02-26 19:00:00,798.6777777777778
2021-02-26 20:00:00,846.6215277777778
2021-02-26 21:00:00,849.7286111111111
2021-02-26 22:00:00,857.2023611111111
2021-02-26 23:00:00,865.5865277777777
2021-02-27 00:00:00,852.1361805555556
2021-02-27 01:00:00,844.2298611111111
2021-02-27 02:00:00,852.7401388888889
2021-02-27 03:00:00,862.4368055555556
2021-02-27 04:00:00,1221.9069444444444
2021-02-27 05:00:00,1636.9093055555556
2021-02-27 06:00:00,3156.992222222222
2021-02-27 07:00:00,2853.0725
2021-02-27 08:00:00,1037.1336805555557
2021-02-27 09:00:00,445.98868055555556
2021-02-27 10:00:00,571.2557638888889
2021-02-27 11:00:00,600.08375
2021-02-27 12:00:00,602.0798611111111
2021-02-27 13:00:00,597.08375
2021-02-27 14:00:00,449.7674652777778
2021-02-27 15:00:00,507.36302083333334
2021-02-27 16:00:00,622.5701388888889
2021-02-27 17:00:00,852.8180555555556
2021-02-27 18:00:00,651.9194444444445
2021-02-27 19:00:00,813.755625
2021-02-27 20:00:00,863.5123611111111
2021-02-27 21:00:00,863.8677777777777
2021-02-27 22:00:00,869.3723611111111
2021-02-27 23:00:00,857.3527083333333
2021-02-28 00:00:00,857.4572916666667
2021-02-28 01:00:00,859.1156944444444
2021-02-28 02:00:00,858.6363888888889
2021-02-28 03:00:00,859.1892361111111
2021-02-28 04:00:00,1128.6936805555556
2021-02-28 05:00:00,1645.0230555555556
2021-02-28 06:00:00,3152.958888888889
2021-02-28 07:00:00,2653.258333333333
2021-02-28 08:00:00,878.2759027777778
2021-02-28 09:00:00,429.6804861111111
2021-02-28 10:00:00,535.2197222222222
2021-02-28 11:00:00,596.6125
2021-02-28 12:00:00,597.75
2021-02-28 13:00:00,595.8502083333333
2021-02-28 14:00:00,430.34010416666666
2021-02-28 15:00:00,547.1742361111111
2021-02-28 16:00:00,850.2090277777778
2021-02-28 17:00:00,850.2134722222222
2021-02-28 18:00:00,659.8561111111111
2021-02-28 19:00:00,867.458125
2021-02-28 20:00:00,860.1258333333334
2021-02-28 21:00:00,858.4089583333333
2021-02-28 22:00:00,862.0233333333333
2021-02-28 23:00:00,865.1976388888888
2021-03-01 00:00:00,866.6050694444444
2021-03-01 01:00:00,867.5013194444444
2021-03-01 02:00:00,862.1663888888888
2021-03-01 03:00:00,854.6570833333334
2021-03-01 04:00:00,1066.4375
2021-03-01 05:00:00,1734.3222222222223
2021-03-01 06:00:00,2433.145
2021-03-01 07:00:00,3790.756388888889
2021-03-01 08:00:00,3203.541111111111
2021-03-01 09:00:00,2755.1427777777776
2021-03-01 10:00:00,3104.1897222222224
2021-03-01 11:00:00,3786.8980555555554
2021-03-01 12:00:00,3084.302777777778
2021-03-01 13:00:00,2708.5177777777776
2021-03-01 14:00:00,516.048125
2021-03-01 15:00:00,544.6299305555556
2021-03-01 16:00:00,597.7343055555556
2021-03-01 17:00:00,822.8201388888889
2021-03-01 18:00:00,739.7191666666666
2021-03-01 19:00:00,842.3695833333334
2021-03-01 20:00:00,837.5655555555555
2021-03-01 21:00:00,843.7340277777778
2021-03-01 22:00:00,831.1079166666667
2021-03-01 23:00:00,833.5236111111111
2021-03-02 00:00:00,835.5230555555555
2021-03-02 01:00:00,835.7380555555555
2021-03-02 02:00:00,836.4685416666666
2021-03-02 03:00:00,828.8219444444444
2021-03-02 04:00:00,2125.864722222222
2021-03-02 05:00:00,1585.5419444444444
2021-03-02 06:00:00,4043.9480555555556
2021-03-02 07:00:00,3221.6766666666667
2021-03-02 08:00:00,2238.543472222222
2021-03-02 09:00:00,2309.7391666666667
2021-03-02 10:00:00,2425.6633333333334
2021-03-02 11:00:00,2389.4338888888888
2021-03-02 12:00:00,2484.22
2021-03-02 13:00:00,1102.5861805555555
2021-03-02 14:00:00,505.6282986111111
2021-03-02 15:00:00,552.7840625
2021-03-02 16:00:00,565.8762847222222
2021-03-02 17:00:00,813.7540972222222
2021-03-02 18:00:00,640.9197222222223
2021-03-02 19:00:00,835.4399305555555
2021-03-02 20:00:00,820.9033333333333
2021-03-02 21:00:00,824.7186805555556
2021-03-02 22:00:00,838.4800694444444
2021-03-02 23:00:00,820.2817361111111
2021-03-03 00:00:00,823.5069444444445
2021-03-03 01:00:00,824.1958333333333
2021-03-03 02:00:00,829.2327951388888
2021-03-03 03:00:00,829.3893055555556
2021-03-03 04:00:00,1239.74875
2021-03-03 05:00:00,2593.6583333333333
2021-03-03 06:00:00,3607.1722222222224
2021-03-03 07:00:00,2619.4333333333334
2021-03-03 08:00:00,2570.075
2021-03-03 09:00:00,2681.2844444444445
2021-03-03 10:00:00,1982.8131944444444
2021-03-03 11:00:00,2657.4538888888887
2021-03-03 12:00:00,2627.2366666666667
2021-03-03 13:00:00,2045.0077777777778
2021-03-03 14:00:00,535.0069444444445
2021-03-03 15:00:00,575.5827083333334
2021-03-03 16:00:00,593.0595833333333
2021-03-03 17:00:00,821.1447222222222
2021-03-03 18:00:00,659.339375
2021-03-03 19:00:00,826.535
2021-03-03 20:00:00,808.9926388888889
2021-03-03 21:00:00,818.0490277777777
2021-03-03 22:00:00,833.2223611111111
2021-03-03 23:00:00,847.9642361111111
2021-03-04 00:00:00,850.2940277777777
2021-03-04 01:00:00,845.4436111111111
2021-03-04 02:00:00,828.395
2021-03-04 03:00:00,815.6805555555555
2021-03-04 04:00:00,2189.9383333333335
2021-03-04 05:00:00,3760.78
2021-03-04 06:00:00,2937.7566666666667
2021-03-04 07:00:00,3028.825
2021-03-04 08:00:00,1821.7919444444444
2021-03-04 09:00:00,1518.5534722222221
2021-03-04 10:00:00,1548.871388888889
2021-03-04 11:00:00,1444.7190277777777
2021-03-04 12:00:00,1499.451111111111
2021-03-04 13:00:00,2534.0397222222223
2021-03-04 14:00:00,608.0989583333334
2021-03-04 15:00:00,681.7302083333333
2021-03-04 16:00:00,843.0156944444444
2021-03-04 17:00:00,819.13
2021-03-04 18:00:00,582.2217013888888
2021-03-04 19:00:00,754.4843055555556
2021-03-04 20:00:00,827.4203472222222
2021-03-04 21:00:00,836.5197222222222
2021-03-04 22:00:00,812.795
2021-03-04 23:00:00,833.8991666666667
2021-03-05 00:00:00,831.8510131835938
